[      12ms] [ERROR] WebSocket connection to 'ws://localhost:8031/' failed: Error in connection establishment: net::ERR_CONNECTION_REFUSED @ http://localhost:5199/assets/output-CxunVttI.js:1
[    2950ms] [ERROR] WebSocket connection to 'ws://localhost:8031/' failed: Error in connection establishment: net::ERR_CONNECTION_REFUSED @ http://localhost:5199/assets/stage-B4ZnF7Se.js:0
[    6117ms] [ERROR] WebSocket connection to 'ws://localhost:8031/' failed: Error in connection establishment: net::ERR_CONNECTION_REFUSED @ http://localhost:5199/assets/stage-B4ZnF7Se.js:0
[   10534ms] [ERROR] WebSocket connection to 'ws://localhost:8031/' failed: Error in connection establishment: net::ERR_CONNECTION_REFUSED @ http://localhost:5199/assets/stage-B4ZnF7Se.js:0
[   14086ms] [ERROR] WebSocket connection to 'ws://localhost:8031/' failed: Error in connection establishment: net::ERR_CONNECTION_REFUSED @ http://localhost:5199/assets/stage-B4ZnF7Se.js:0
[   17099ms] [ERROR] WebSocket connection to 'ws://localhost:8031/' failed: Error in connection establishment: net::ERR_CONNECTION_REFUSED @ http://localhost:5199/assets/stage-B4ZnF7Se.js:0
[   22688ms] [ERROR] WebSocket connection to 'ws://localhost:8031/' failed: Error in connection establishment: net::ERR_CONNECTION_REFUSED @ http://localhost:5199/assets/stage-B4ZnF7Se.js:0
[   27811ms] [ERROR] WebSocket connection to 'ws://localhost:8031/' failed: Error in connection establishment: net::ERR_CONNECTION_REFUSED @ http://localhost:5199/assets/stage-B4ZnF7Se.js:0
[   32085ms] [ERROR] WebSocket connection to 'ws://localhost:8031/' failed: Error in connection establishment: net::ERR_CONNECTION_REFUSED @ http://localhost:5199/assets/stage-B4ZnF7Se.js:0
[   37294ms] [ERROR] WebSocket connection to 'ws://localhost:8031/' failed: Error in connection establishment: net::ERR_CONNECTION_REFUSED @ http://localhost:5199/assets/stage-B4ZnF7Se.js:0
[   43277ms] [ERROR] WebSocket connection to 'ws://localhost:8031/' failed: Error in connection establishment: net::ERR_CONNECTION_REFUSED @ http://localhost:5199/assets/stage-B4ZnF7Se.js:0
[   49571ms] [ERROR] WebSocket connection to 'ws://localhost:8031/' failed: Error in connection establishment: net::ERR_CONNECTION_REFUSED @ http://localhost:5199/assets/stage-B4ZnF7Se.js:0
[   53415ms] [ERROR] WebSocket connection to 'ws://localhost:8031/' failed: Error during WebSocket handshake: Unexpected response code: 403 @ http://localhost:5199/assets/stage-B4ZnF7Se.js:0
[   59452ms] [ERROR] WebSocket connection to 'ws://localhost:8031/' failed: Error during WebSocket handshake: Unexpected response code: 403 @ http://localhost:5199/assets/stage-B4ZnF7Se.js:0
[   60960ms] [ERROR] WebSocket connection to 'ws://localhost:8031/' failed: Error during WebSocket handshake: Unexpected response code: 403 @ http://localhost:5199/assets/stage-B4ZnF7Se.js:0
[   62474ms] [ERROR] WebSocket connection to 'ws://localhost:8031/' failed: Error during WebSocket handshake: Unexpected response code: 403 @ http://localhost:5199/assets/stage-B4ZnF7Se.js:0
[   63997ms] [ERROR] WebSocket connection to 'ws://localhost:8031/' failed: Error during WebSocket handshake: Unexpected response code: 403 @ http://localhost:5199/assets/stage-B4ZnF7Se.js:0
[   65533ms] [ERROR] WebSocket connection to 'ws://localhost:8031/' failed: Error during WebSocket handshake: Unexpected response code: 403 @ http://localhost:5199/assets/stage-B4ZnF7Se.js:0
[   67044ms] [ERROR] WebSocket connection to 'ws://localhost:8031/' failed: Error during WebSocket handshake: Unexpected response code: 403 @ http://localhost:5199/assets/stage-B4ZnF7Se.js:0
[   68552ms] [ERROR] WebSocket connection to 'ws://localhost:8031/' failed: Error during WebSocket handshake: Unexpected response code: 403 @ http://localhost:5199/assets/stage-B4ZnF7Se.js:0
[   70307ms] [ERROR] WebSocket connection to 'ws://localhost:8031/' failed: Error during WebSocket handshake: Unexpected response code: 403 @ http://localhost:5199/assets/stage-B4ZnF7Se.js:0
[   71829ms] [ERROR] WebSocket connection to 'ws://localhost:8031/' failed: Error during WebSocket handshake: Unexpected response code: 403 @ http://localhost:5199/assets/stage-B4ZnF7Se.js:0
[   73360ms] [ERROR] WebSocket connection to 'ws://localhost:8031/' failed: Error during WebSocket handshake: Unexpected response code: 403 @ http://localhost:5199/assets/stage-B4ZnF7Se.js:0
[   74946ms] [ERROR] WebSocket connection to 'ws://localhost:8031/' failed: Error during WebSocket handshake: Unexpected response code: 403 @ http://localhost:5199/assets/stage-B4ZnF7Se.js:0
[   76549ms] [ERROR] WebSocket connection to 'ws://localhost:8031/' failed: Error during WebSocket handshake: Unexpected response code: 403 @ http://localhost:5199/assets/stage-B4ZnF7Se.js:0
[   78347ms] [ERROR] WebSocket connection to 'ws://localhost:8031/' failed: Error during WebSocket handshake: Unexpected response code: 403 @ http://localhost:5199/assets/stage-B4ZnF7Se.js:0
[   80004ms] [ERROR] WebSocket connection to 'ws://localhost:8031/' failed: Error during WebSocket handshake: Unexpected response code: 403 @ http://localhost:5199/assets/stage-B4ZnF7Se.js:0
[   82037ms] [ERROR] WebSocket connection to 'ws://localhost:8031/' failed: Error during WebSocket handshake: Unexpected response code: 403 @ http://localhost:5199/assets/stage-B4ZnF7Se.js:0
[   85100ms] [ERROR] WebSocket connection to 'ws://localhost:8031/' failed: Error during WebSocket handshake: Unexpected response code: 403 @ http://localhost:5199/assets/stage-B4ZnF7Se.js:0
[  313789ms] [ERROR] WebSocket connection to 'ws://localhost:8031/' failed: Error during WebSocket handshake: Unexpected response code: 403 @ http://localhost:5199/assets/stage-B4ZnF7Se.js:0
[  315310ms] [ERROR] WebSocket connection to 'ws://localhost:8031/' failed: Error during WebSocket handshake: Unexpected response code: 403 @ http://localhost:5199/assets/stage-B4ZnF7Se.js:0
[  316813ms] [ERROR] WebSocket connection to 'ws://localhost:8031/' failed: Error during WebSocket handshake: Unexpected response code: 403 @ http://localhost:5199/assets/stage-B4ZnF7Se.js:0
[  318317ms] [ERROR] WebSocket connection to 'ws://localhost:8031/' failed: Error during WebSocket handshake: Unexpected response code: 403 @ http://localhost:5199/assets/stage-B4ZnF7Se.js:0
[  319823ms] [ERROR] WebSocket connection to 'ws://localhost:8031/' failed: Error during WebSocket handshake: Unexpected response code: 403 @ http://localhost:5199/assets/stage-B4ZnF7Se.js:0
[  321328ms] [ERROR] WebSocket connection to 'ws://localhost:8031/' failed: Error during WebSocket handshake: Unexpected response code: 403 @ http://localhost:5199/assets/stage-B4ZnF7Se.js:0
[  322843ms] [ERROR] WebSocket connection to 'ws://localhost:8031/' failed: Error during WebSocket handshake: Unexpected response code: 403 @ http://localhost:5199/assets/stage-B4ZnF7Se.js:0
[  324356ms] [ERROR] WebSocket connection to 'ws://localhost:8031/' failed: Error during WebSocket handshake: Unexpected response code: 403 @ http://localhost:5199/assets/stage-B4ZnF7Se.js:0
[  325888ms] [ERROR] WebSocket connection to 'ws://localhost:8031/' failed: Error during WebSocket handshake: Unexpected response code: 403 @ http://localhost:5199/assets/stage-B4ZnF7Se.js:0
[  327455ms] [ERROR] WebSocket connection to 'ws://localhost:8031/' failed: Error during WebSocket handshake: Unexpected response code: 403 @ http://localhost:5199/assets/stage-B4ZnF7Se.js:0
[  329021ms] [ERROR] WebSocket connection to 'ws://localhost:8031/' failed: Error during WebSocket handshake: Unexpected response code: 403 @ http://localhost:5199/assets/stage-B4ZnF7Se.js:0
[  330821ms] [ERROR] WebSocket connection to 'ws://localhost:8031/' failed: Error during WebSocket handshake: Unexpected response code: 403 @ http://localhost:5199/assets/stage-B4ZnF7Se.js:0
[  332699ms] [ERROR] WebSocket connection to 'ws://localhost:8031/' failed: Error during WebSocket handshake: Unexpected response code: 403 @ http://localhost:5199/assets/stage-B4ZnF7Se.js:0
[  335085ms] [ERROR] WebSocket connection to 'ws://localhost:8031/' failed: Error during WebSocket handshake: Unexpected response code: 403 @ http://localhost:5199/assets/stage-B4ZnF7Se.js:0
[  341408ms] [ERROR] WebSocket connection to 'ws://localhost:8031/' failed: Error during WebSocket handshake: Unexpected response code: 403 @ http://localhost:5199/assets/stage-B4ZnF7Se.js:0
[  347318ms] [ERROR] WebSocket connection to 'ws://localhost:8031/' failed: Error during WebSocket handshake: Unexpected response code: 403 @ http://localhost:5199/assets/stage-B4ZnF7Se.js:0
[  352969ms] [ERROR] WebSocket connection to 'ws://localhost:8031/' failed: Error during WebSocket handshake: Unexpected response code: 403 @ http://localhost:5199/assets/stage-B4ZnF7Se.js:0
[  356651ms] [ERROR] WebSocket connection to 'ws://localhost:8031/' failed: Error during WebSocket handshake: Unexpected response code: 403 @ http://localhost:5199/assets/stage-B4ZnF7Se.js:0
[  361205ms] [ERROR] WebSocket connection to 'ws://localhost:8031/' failed: Error during WebSocket handshake: Unexpected response code: 403 @ http://localhost:5199/assets/stage-B4ZnF7Se.js:0
[  365797ms] [ERROR] WebSocket connection to 'ws://localhost:8031/' failed: Error during WebSocket handshake: Unexpected response code: 403 @ http://localhost:5199/assets/stage-B4ZnF7Se.js:0
[  370572ms] [ERROR] WebSocket connection to 'ws://localhost:8031/' failed: Error during WebSocket handshake: Unexpected response code: 403 @ http://localhost:5199/assets/stage-B4ZnF7Se.js:0
[  376406ms] [ERROR] WebSocket connection to 'ws://localhost:8031/' failed: Error during WebSocket handshake: Unexpected response code: 403 @ http://localhost:5199/assets/stage-B4ZnF7Se.js:0
[  383077ms] [ERROR] WebSocket connection to 'ws://localhost:8031/' failed: Error during WebSocket handshake: Unexpected response code: 403 @ http://localhost:5199/assets/stage-B4ZnF7Se.js:0
[  388773ms] [ERROR] WebSocket connection to 'ws://localhost:8031/' failed: Error during WebSocket handshake: Unexpected response code: 403 @ http://localhost:5199/assets/stage-B4ZnF7Se.js:0
[  394787ms] [ERROR] WebSocket connection to 'ws://localhost:8031/' failed: Error during WebSocket handshake: Unexpected response code: 403 @ http://localhost:5199/assets/stage-B4ZnF7Se.js:0
[  399081ms] [ERROR] WebSocket connection to 'ws://localhost:8031/' failed: Error during WebSocket handshake: Unexpected response code: 403 @ http://localhost:5199/assets/stage-B4ZnF7Se.js:0
[  404504ms] [ERROR] WebSocket connection to 'ws://localhost:8031/' failed: Error during WebSocket handshake: Unexpected response code: 403 @ http://localhost:5199/assets/stage-B4ZnF7Se.js:0
[  408100ms] [ERROR] WebSocket connection to 'ws://localhost:8031/' failed: Error during WebSocket handshake: Unexpected response code: 403 @ http://localhost:5199/assets/stage-B4ZnF7Se.js:0
[  413544ms] [ERROR] WebSocket connection to 'ws://localhost:8031/' failed: Error during WebSocket handshake: Unexpected response code: 403 @ http://localhost:5199/assets/stage-B4ZnF7Se.js:0
[  418569ms] [ERROR] WebSocket connection to 'ws://localhost:8031/' failed: Error during WebSocket handshake: Unexpected response code: 403 @ http://localhost:5199/assets/stage-B4ZnF7Se.js:0
[  421952ms] [ERROR] WebSocket connection to 'ws://localhost:8031/' failed: Error during WebSocket handshake: Unexpected response code: 403 @ http://localhost:5199/assets/stage-B4ZnF7Se.js:0
[  426943ms] [ERROR] WebSocket connection to 'ws://localhost:8031/' failed: Error during WebSocket handshake: Unexpected response code: 403 @ http://localhost:5199/assets/stage-B4ZnF7Se.js:0
[  432710ms] [ERROR] WebSocket connection to 'ws://localhost:8031/' failed: Error during WebSocket handshake: Unexpected response code: 403 @ http://localhost:5199/assets/stage-B4ZnF7Se.js:0
[  440994ms] [ERROR] WebSocket connection to 'ws://localhost:8031/' failed: Error during WebSocket handshake: Unexpected response code: 403 @ http://localhost:5199/assets/stage-B4ZnF7Se.js:0
[  446287ms] [ERROR] WebSocket connection to 'ws://localhost:8031/' failed: Error during WebSocket handshake: Unexpected response code: 403 @ http://localhost:5199/assets/stage-B4ZnF7Se.js:0
[  451236ms] [ERROR] WebSocket connection to 'ws://localhost:8031/' failed: Error during WebSocket handshake: Unexpected response code: 403 @ http://localhost:5199/assets/stage-B4ZnF7Se.js:0
[  454508ms] [ERROR] WebSocket connection to 'ws://localhost:8031/' failed: Error during WebSocket handshake: Unexpected response code: 403 @ http://localhost:5199/assets/stage-B4ZnF7Se.js:0
[  457597ms] [ERROR] WebSocket connection to 'ws://localhost:8031/' failed: Error during WebSocket handshake: Unexpected response code: 403 @ http://localhost:5199/assets/stage-B4ZnF7Se.js:0
[  462036ms] [ERROR] WebSocket connection to 'ws://localhost:8031/' failed: Error during WebSocket handshake: Unexpected response code: 403 @ http://localhost:5199/assets/stage-B4ZnF7Se.js:0
[  465101ms] [ERROR] WebSocket connection to 'ws://localhost:8031/' failed: Error during WebSocket handshake: Unexpected response code: 403 @ http://localhost:5199/assets/stage-B4ZnF7Se.js:0
[  469021ms] [ERROR] WebSocket connection to 'ws://localhost:8031/' failed: Error during WebSocket handshake: Unexpected response code: 403 @ http://localhost:5199/assets/stage-B4ZnF7Se.js:0
[  473370ms] [ERROR] WebSocket connection to 'ws://localhost:8031/' failed: Error during WebSocket handshake: Unexpected response code: 403 @ http://localhost:5199/assets/stage-B4ZnF7Se.js:0
[  479766ms] [ERROR] WebSocket connection to 'ws://localhost:8031/' failed: Error during WebSocket handshake: Unexpected response code: 403 @ http://localhost:5199/assets/stage-B4ZnF7Se.js:0
[  483111ms] [ERROR] WebSocket connection to 'ws://localhost:8031/' failed: Error during WebSocket handshake: Unexpected response code: 403 @ http://localhost:5199/assets/stage-B4ZnF7Se.js:0
[  488794ms] [ERROR] WebSocket connection to 'ws://localhost:8031/' failed: Error during WebSocket handshake: Unexpected response code: 403 @ http://localhost:5199/assets/stage-B4ZnF7Se.js:0
[  494295ms] [ERROR] WebSocket connection to 'ws://localhost:8031/' failed: Error during WebSocket handshake: Unexpected response code: 403 @ http://localhost:5199/assets/stage-B4ZnF7Se.js:0
[  499034ms] [ERROR] WebSocket connection to 'ws://localhost:8031/' failed: Error during WebSocket handshake: Unexpected response code: 403 @ http://localhost:5199/assets/stage-B4ZnF7Se.js:0
[  503137ms] [ERROR] WebSocket connection to 'ws://localhost:8031/' failed: Error during WebSocket handshake: Unexpected response code: 403 @ http://localhost:5199/assets/stage-B4ZnF7Se.js:0
[  508471ms] [ERROR] WebSocket connection to 'ws://localhost:8031/' failed: Error during WebSocket handshake: Unexpected response code: 403 @ http://localhost:5199/assets/stage-B4ZnF7Se.js:0
[  511944ms] [ERROR] WebSocket connection to 'ws://localhost:8031/' failed: Error during WebSocket handshake: Unexpected response code: 403 @ http://localhost:5199/assets/stage-B4ZnF7Se.js:0
[  517612ms] [ERROR] WebSocket connection to 'ws://localhost:8031/' failed: Error during WebSocket handshake: Unexpected response code: 403 @ http://localhost:5199/assets/stage-B4ZnF7Se.js:0
[  523557ms] [ERROR] WebSocket connection to 'ws://localhost:8031/' failed: Error during WebSocket handshake: Unexpected response code: 403 @ http://localhost:5199/assets/stage-B4ZnF7Se.js:0
[  529186ms] [ERROR] WebSocket connection to 'ws://localhost:8031/' failed: Error during WebSocket handshake: Unexpected response code: 403 @ http://localhost:5199/assets/stage-B4ZnF7Se.js:0
[  535316ms] [ERROR] WebSocket connection to 'ws://localhost:8031/' failed: Error during WebSocket handshake: Unexpected response code: 403 @ http://localhost:5199/assets/stage-B4ZnF7Se.js:0
[  540543ms] [ERROR] WebSocket connection to 'ws://localhost:8031/' failed: Error during WebSocket handshake: Unexpected response code: 403 @ http://localhost:5199/assets/stage-B4ZnF7Se.js:0
[  542047ms] [ERROR] WebSocket connection to 'ws://localhost:8031/' failed: Error during WebSocket handshake: Unexpected response code: 403 @ http://localhost:5199/assets/stage-B4ZnF7Se.js:0
[  543551ms] [ERROR] WebSocket connection to 'ws://localhost:8031/' failed: Error during WebSocket handshake: Unexpected response code: 403 @ http://localhost:5199/assets/stage-B4ZnF7Se.js:0
[  545054ms] [ERROR] WebSocket connection to 'ws://localhost:8031/' failed: Error during WebSocket handshake: Unexpected response code: 403 @ http://localhost:5199/assets/stage-B4ZnF7Se.js:0
[  546556ms] [ERROR] WebSocket connection to 'ws://localhost:8031/' failed: Error during WebSocket handshake: Unexpected response code: 403 @ http://localhost:5199/assets/stage-B4ZnF7Se.js:0
[  548060ms] [ERROR] WebSocket connection to 'ws://localhost:8031/' failed: Error during WebSocket handshake: Unexpected response code: 403 @ http://localhost:5199/assets/stage-B4ZnF7Se.js:0
[  549566ms] [ERROR] WebSocket connection to 'ws://localhost:8031/' failed: Error during WebSocket handshake: Unexpected response code: 403 @ http://localhost:5199/assets/stage-B4ZnF7Se.js:0
[  551081ms] [ERROR] WebSocket connection to 'ws://localhost:8031/' failed: Error during WebSocket handshake: Unexpected response code: 403 @ http://localhost:5199/assets/stage-B4ZnF7Se.js:0
[  552608ms] [ERROR] WebSocket connection to 'ws://localhost:8031/' failed: Error during WebSocket handshake: Unexpected response code: 403 @ http://localhost:5199/assets/stage-B4ZnF7Se.js:0
[  554150ms] [ERROR] WebSocket connection to 'ws://localhost:8031/' failed: Error during WebSocket handshake: Unexpected response code: 403 @ http://localhost:5199/assets/stage-B4ZnF7Se.js:0
[  555696ms] [ERROR] WebSocket connection to 'ws://localhost:8031/' failed: Error during WebSocket handshake: Unexpected response code: 403 @ http://localhost:5199/assets/stage-B4ZnF7Se.js:0
[  557333ms] [ERROR] WebSocket connection to 'ws://localhost:8031/' failed: Error during WebSocket handshake: Unexpected response code: 403 @ http://localhost:5199/assets/stage-B4ZnF7Se.js:0
[  559025ms] [ERROR] WebSocket connection to 'ws://localhost:8031/' failed: Error during WebSocket handshake: Unexpected response code: 403 @ http://localhost:5199/assets/stage-B4ZnF7Se.js:0
[  561019ms] [ERROR] WebSocket connection to 'ws://localhost:8031/' failed: Error during WebSocket handshake: Unexpected response code: 403 @ http://localhost:5199/assets/stage-B4ZnF7Se.js:0
[  562910ms] [ERROR] WebSocket connection to 'ws://localhost:8031/' failed: Error during WebSocket handshake: Unexpected response code: 403 @ http://localhost:5199/assets/stage-B4ZnF7Se.js:0
[  565793ms] [ERROR] WebSocket connection to 'ws://localhost:8031/' failed: Error during WebSocket handshake: Unexpected response code: 403 @ http://localhost:5199/assets/stage-B4ZnF7Se.js:0
[  570596ms] [ERROR] WebSocket connection to 'ws://localhost:8031/' failed: Error during WebSocket handshake: Unexpected response code: 403 @ http://localhost:5199/assets/stage-B4ZnF7Se.js:0
[  573193ms] [ERROR] WebSocket connection to 'ws://localhost:8031/' failed: Error during WebSocket handshake: Unexpected response code: 403 @ http://localhost:5199/assets/stage-B4ZnF7Se.js:0
[  577851ms] [ERROR] WebSocket connection to 'ws://localhost:8031/' failed: Error during WebSocket handshake: Unexpected response code: 403 @ http://localhost:5199/assets/stage-B4ZnF7Se.js:0
[  584242ms] [ERROR] WebSocket connection to 'ws://localhost:8031/' failed: Error during WebSocket handshake: Unexpected response code: 403 @ http://localhost:5199/assets/stage-B4ZnF7Se.js:0
[  586987ms] [ERROR] WebSocket connection to 'ws://localhost:8031/' failed: Error during WebSocket handshake: Unexpected response code: 403 @ http://localhost:5199/assets/stage-B4ZnF7Se.js:0
[  591842ms] [ERROR] WebSocket connection to 'ws://localhost:8031/' failed: Error during WebSocket handshake: Unexpected response code: 403 @ http://localhost:5199/assets/stage-B4ZnF7Se.js:0
[  595587ms] [ERROR] WebSocket connection to 'ws://localhost:8031/' failed: Error during WebSocket handshake: Unexpected response code: 403 @ http://localhost:5199/assets/stage-B4ZnF7Se.js:0
[  600974ms] [ERROR] WebSocket connection to 'ws://localhost:8031/' failed: Error during WebSocket handshake: Unexpected response code: 403 @ http://localhost:5199/assets/stage-B4ZnF7Se.js:0
[  604029ms] [ERROR] WebSocket connection to 'ws://localhost:8031/' failed: Error during WebSocket handshake: Unexpected response code: 403 @ http://localhost:5199/assets/stage-B4ZnF7Se.js:0
[  610363ms] [ERROR] WebSocket connection to 'ws://localhost:8031/' failed: Error during WebSocket handshake: Unexpected response code: 403 @ http://localhost:5199/assets/stage-B4ZnF7Se.js:0
[  613825ms] [ERROR] WebSocket connection to 'ws://localhost:8031/' failed: Error during WebSocket handshake: Unexpected response code: 403 @ http://localhost:5199/assets/stage-B4ZnF7Se.js:0
[  618260ms] [ERROR] WebSocket connection to 'ws://localhost:8031/' failed: Error during WebSocket handshake: Unexpected response code: 403 @ http://localhost:5199/assets/stage-B4ZnF7Se.js:0
[  621558ms] [ERROR] WebSocket connection to 'ws://localhost:8031/' failed: Error during WebSocket handshake: Unexpected response code: 403 @ http://localhost:5199/assets/stage-B4ZnF7Se.js:0
[  624688ms] [ERROR] WebSocket connection to 'ws://localhost:8031/' failed: Error during WebSocket handshake: Unexpected response code: 403 @ http://localhost:5199/assets/stage-B4ZnF7Se.js:0
[  629558ms] [ERROR] WebSocket connection to 'ws://localhost:8031/' failed: Error during WebSocket handshake: Unexpected response code: 403 @ http://localhost:5199/assets/stage-B4ZnF7Se.js:0
[  634214ms] [ERROR] WebSocket connection to 'ws://localhost:8031/' failed: Error during WebSocket handshake: Unexpected response code: 403 @ http://localhost:5199/assets/stage-B4ZnF7Se.js:0
[  637122ms] [ERROR] WebSocket connection to 'ws://localhost:8031/' failed: Error during WebSocket handshake: Unexpected response code: 403 @ http://localhost:5199/assets/stage-B4ZnF7Se.js:0
[  642172ms] [ERROR] WebSocket connection to 'ws://localhost:8031/' failed: Error during WebSocket handshake: Unexpected response code: 403 @ http://localhost:5199/assets/stage-B4ZnF7Se.js:0
[  645867ms] [ERROR] WebSocket connection to 'ws://localhost:8031/' failed: Error during WebSocket handshake: Unexpected response code: 403 @ http://localhost:5199/assets/stage-B4ZnF7Se.js:0
[  649447ms] [ERROR] WebSocket connection to 'ws://localhost:8031/' failed: Error during WebSocket handshake: Unexpected response code: 403 @ http://localhost:5199/assets/stage-B4ZnF7Se.js:0
[  652392ms] [ERROR] WebSocket connection to 'ws://localhost:8031/' failed: Error during WebSocket handshake: Unexpected response code: 403 @ http://localhost:5199/assets/stage-B4ZnF7Se.js:0
[  658610ms] [ERROR] WebSocket connection to 'ws://localhost:8031/' failed: Error during WebSocket handshake: Unexpected response code: 403 @ http://localhost:5199/assets/stage-B4ZnF7Se.js:0
[  661447ms] [ERROR] WebSocket connection to 'ws://localhost:8031/' failed: Error during WebSocket handshake: Unexpected response code: 403 @ http://localhost:5199/assets/stage-B4ZnF7Se.js:0
[  662952ms] [ERROR] WebSocket connection to 'ws://localhost:8031/' failed: Error during WebSocket handshake: Unexpected response code: 403 @ http://localhost:5199/assets/stage-B4ZnF7Se.js:0
[  664456ms] [ERROR] WebSocket connection to 'ws://localhost:8031/' failed: Error during WebSocket handshake: Unexpected response code: 403 @ http://localhost:5199/assets/stage-B4ZnF7Se.js:0
[  665960ms] [ERROR] WebSocket connection to 'ws://localhost:8031/' failed: Error during WebSocket handshake: Unexpected response code: 403 @ http://localhost:5199/assets/stage-B4ZnF7Se.js:0
[  667465ms] [ERROR] WebSocket connection to 'ws://localhost:8031/' failed: Error during WebSocket handshake: Unexpected response code: 403 @ http://localhost:5199/assets/stage-B4ZnF7Se.js:0
[  668971ms] [ERROR] WebSocket connection to 'ws://localhost:8031/' failed: Error during WebSocket handshake: Unexpected response code: 403 @ http://localhost:5199/assets/stage-B4ZnF7Se.js:0
[  670481ms] [ERROR] WebSocket connection to 'ws://localhost:8031/' failed: Error during WebSocket handshake: Unexpected response code: 403 @ http://localhost:5199/assets/stage-B4ZnF7Se.js:0
[  671994ms] [ERROR] WebSocket connection to 'ws://localhost:8031/' failed: Error during WebSocket handshake: Unexpected response code: 403 @ http://localhost:5199/assets/stage-B4ZnF7Se.js:0
[  673518ms] [ERROR] WebSocket connection to 'ws://localhost:8031/' failed: Error during WebSocket handshake: Unexpected response code: 403 @ http://localhost:5199/assets/stage-B4ZnF7Se.js:0
[  675064ms] [ERROR] WebSocket connection to 'ws://localhost:8031/' failed: Error during WebSocket handshake: Unexpected response code: 403 @ http://localhost:5199/assets/stage-B4ZnF7Se.js:0
[  676614ms] [ERROR] WebSocket connection to 'ws://localhost:8031/' failed: Error during WebSocket handshake: Unexpected response code: 403 @ http://localhost:5199/assets/stage-B4ZnF7Se.js:0
[  678234ms] [ERROR] WebSocket connection to 'ws://localhost:8031/' failed: Error during WebSocket handshake: Unexpected response code: 403 @ http://localhost:5199/assets/stage-B4ZnF7Se.js:0
[  680056ms] [ERROR] WebSocket connection to 'ws://localhost:8031/' failed: Error during WebSocket handshake: Unexpected response code: 403 @ http://localhost:5199/assets/stage-B4ZnF7Se.js:0
[  681777ms] [ERROR] WebSocket connection to 'ws://localhost:8031/' failed: Error during WebSocket handshake: Unexpected response code: 403 @ http://localhost:5199/assets/stage-B4ZnF7Se.js:0
[  683955ms] [ERROR] WebSocket connection to 'ws://localhost:8031/' failed: Error during WebSocket handshake: Unexpected response code: 403 @ http://localhost:5199/assets/stage-B4ZnF7Se.js:0
[  687773ms] [ERROR] WebSocket connection to 'ws://localhost:8031/' failed: Error during WebSocket handshake: Unexpected response code: 403 @ http://localhost:5199/assets/stage-B4ZnF7Se.js:0
[  691325ms] [ERROR] WebSocket connection to 'ws://localhost:8031/' failed: Error during WebSocket handshake: Unexpected response code: 403 @ http://localhost:5199/assets/stage-B4ZnF7Se.js:0
[  695251ms] [ERROR] WebSocket connection to 'ws://localhost:8031/' failed: Error during WebSocket handshake: Unexpected response code: 403 @ http://localhost:5199/assets/stage-B4ZnF7Se.js:0
[  697987ms] [ERROR] WebSocket connection to 'ws://localhost:8031/' failed: Error during WebSocket handshake: Unexpected response code: 403 @ http://localhost:5199/assets/stage-B4ZnF7Se.js:0
[  702689ms] [ERROR] WebSocket connection to 'ws://localhost:8031/' failed: Error during WebSocket handshake: Unexpected response code: 403 @ http://localhost:5199/assets/stage-B4ZnF7Se.js:0
[  708548ms] [ERROR] WebSocket connection to 'ws://localhost:8031/' failed: Error during WebSocket handshake: Unexpected response code: 403 @ http://localhost:5199/assets/stage-B4ZnF7Se.js:0
[  713252ms] [ERROR] WebSocket connection to 'ws://localhost:8031/' failed: Error during WebSocket handshake: Unexpected response code: 403 @ http://localhost:5199/assets/stage-B4ZnF7Se.js:0
[  719722ms] [ERROR] WebSocket connection to 'ws://localhost:8031/' failed: Error in connection establishment: net::ERR_CONNECTION_REFUSED @ http://localhost:5199/assets/stage-B4ZnF7Se.js:0
[  725188ms] [ERROR] WebSocket connection to 'ws://localhost:8031/' failed: Error in connection establishment: net::ERR_CONNECTION_REFUSED @ http://localhost:5199/assets/stage-B4ZnF7Se.js:0
[  731223ms] [ERROR] WebSocket connection to 'ws://localhost:8031/' failed: Error in connection establishment: net::ERR_CONNECTION_REFUSED @ http://localhost:5199/assets/stage-B4ZnF7Se.js:0
[  735097ms] [ERROR] WebSocket connection to 'ws://localhost:8031/' failed: Error in connection establishment: net::ERR_CONNECTION_REFUSED @ http://localhost:5199/assets/stage-B4ZnF7Se.js:0
[  739273ms] [ERROR] WebSocket connection to 'ws://localhost:8031/' failed: Error in connection establishment: net::ERR_CONNECTION_REFUSED @ http://localhost:5199/assets/stage-B4ZnF7Se.js:0
[  744022ms] [ERROR] WebSocket connection to 'ws://localhost:8031/' failed: Error in connection establishment: net::ERR_CONNECTION_REFUSED @ http://localhost:5199/assets/stage-B4ZnF7Se.js:0
[  748847ms] [ERROR] WebSocket connection to 'ws://localhost:8031/' failed: Error in connection establishment: net::ERR_CONNECTION_REFUSED @ http://localhost:5199/assets/stage-B4ZnF7Se.js:0
[  754105ms] [ERROR] WebSocket connection to 'ws://localhost:8031/' failed: Error in connection establishment: net::ERR_CONNECTION_REFUSED @ http://localhost:5199/assets/stage-B4ZnF7Se.js:0
[  759305ms] [ERROR] WebSocket connection to 'ws://localhost:8031/' failed: Error in connection establishment: net::ERR_CONNECTION_REFUSED @ http://localhost:5199/assets/stage-B4ZnF7Se.js:0
[  765768ms] [ERROR] WebSocket connection to 'ws://localhost:8031/' failed: Error in connection establishment: net::ERR_CONNECTION_REFUSED @ http://localhost:5199/assets/stage-B4ZnF7Se.js:0
[  768660ms] [ERROR] WebSocket connection to 'ws://localhost:8031/' failed: Error in connection establishment: net::ERR_CONNECTION_REFUSED @ http://localhost:5199/assets/stage-B4ZnF7Se.js:0
[  771222ms] [ERROR] WebSocket connection to 'ws://localhost:8031/' failed: Error in connection establishment: net::ERR_CONNECTION_REFUSED @ http://localhost:5199/assets/stage-B4ZnF7Se.js:0
[  777164ms] [ERROR] WebSocket connection to 'ws://localhost:8031/' failed: Error in connection establishment: net::ERR_CONNECTION_REFUSED @ http://localhost:5199/assets/stage-B4ZnF7Se.js:0
[  780952ms] [ERROR] WebSocket connection to 'ws://localhost:8031/' failed: Error in connection establishment: net::ERR_CONNECTION_REFUSED @ http://localhost:5199/assets/stage-B4ZnF7Se.js:0
[  786423ms] [ERROR] WebSocket connection to 'ws://localhost:8031/' failed: Error in connection establishment: net::ERR_CONNECTION_REFUSED @ http://localhost:5199/assets/stage-B4ZnF7Se.js:0
[  792319ms] [ERROR] WebSocket connection to 'ws://localhost:8031/' failed: Error in connection establishment: net::ERR_CONNECTION_REFUSED @ http://localhost:5199/assets/stage-B4ZnF7Se.js:0
[  796369ms] [ERROR] WebSocket connection to 'ws://localhost:8031/' failed: Error during WebSocket handshake: Unexpected response code: 403 @ http://localhost:5199/assets/stage-B4ZnF7Se.js:0
[  799981ms] [ERROR] WebSocket connection to 'ws://localhost:8031/' failed: Error during WebSocket handshake: Unexpected response code: 403 @ http://localhost:5199/assets/stage-B4ZnF7Se.js:0
[  806411ms] [ERROR] WebSocket connection to 'ws://localhost:8031/' failed: Error during WebSocket handshake: Unexpected response code: 403 @ http://localhost:5199/assets/stage-B4ZnF7Se.js:0
[  810878ms] [ERROR] WebSocket connection to 'ws://localhost:8031/' failed: Error during WebSocket handshake: Unexpected response code: 403 @ http://localhost:5199/assets/stage-B4ZnF7Se.js:0
[  816915ms] [ERROR] WebSocket connection to 'ws://localhost:8031/' failed: Error during WebSocket handshake: Unexpected response code: 403 @ http://localhost:5199/assets/stage-B4ZnF7Se.js:0
[  819503ms] [ERROR] WebSocket connection to 'ws://localhost:8031/' failed: Error during WebSocket handshake: Unexpected response code: 403 @ http://localhost:5199/assets/stage-B4ZnF7Se.js:0
[  823046ms] [ERROR] WebSocket connection to 'ws://localhost:8031/' failed: Error during WebSocket handshake: Unexpected response code: 403 @ http://localhost:5199/assets/stage-B4ZnF7Se.js:0
[  829599ms] [ERROR] WebSocket connection to 'ws://localhost:8031/' failed: Error during WebSocket handshake: Unexpected response code: 403 @ http://localhost:5199/assets/stage-B4ZnF7Se.js:0
[  833153ms] [ERROR] WebSocket connection to 'ws://localhost:8031/' failed: Error during WebSocket handshake: Unexpected response code: 403 @ http://localhost:5199/assets/stage-B4ZnF7Se.js:0
[  838726ms] [ERROR] WebSocket connection to 'ws://localhost:8031/' failed: Error during WebSocket handshake: Unexpected response code: 403 @ http://localhost:5199/assets/stage-B4ZnF7Se.js:0
[  841653ms] [ERROR] WebSocket connection to 'ws://localhost:8031/' failed: Error during WebSocket handshake: Unexpected response code: 403 @ http://localhost:5199/assets/stage-B4ZnF7Se.js:0
[  844455ms] [ERROR] WebSocket connection to 'ws://localhost:8031/' failed: Error during WebSocket handshake: Unexpected response code: 403 @ http://localhost:5199/assets/stage-B4ZnF7Se.js:0
[  848258ms] [ERROR] WebSocket connection to 'ws://localhost:8031/' failed: Error during WebSocket handshake: Unexpected response code: 403 @ http://localhost:5199/assets/stage-B4ZnF7Se.js:0
[  851021ms] [ERROR] WebSocket connection to 'ws://localhost:8031/' failed: Error during WebSocket handshake: Unexpected response code: 403 @ http://localhost:5199/assets/stage-B4ZnF7Se.js:0
[  855723ms] [ERROR] WebSocket connection to 'ws://localhost:8031/' failed: Error during WebSocket handshake: Unexpected response code: 403 @ http://localhost:5199/assets/stage-B4ZnF7Se.js:0
[  859639ms] [ERROR] WebSocket connection to 'ws://localhost:8031/' failed: Error during WebSocket handshake: Unexpected response code: 403 @ http://localhost:5199/assets/stage-B4ZnF7Se.js:0
[  870744ms] [ERROR] WebSocket connection to 'ws://localhost:8031/' failed: Error during WebSocket handshake: Unexpected response code: 403 @ http://localhost:5199/assets/stage-B4ZnF7Se.js:0
[  876448ms] [ERROR] WebSocket connection to 'ws://localhost:8031/' failed: Error during WebSocket handshake: Unexpected response code: 403 @ http://localhost:5199/assets/stage-B4ZnF7Se.js:0
[  880041ms] [ERROR] WebSocket connection to 'ws://localhost:8031/' failed: Error during WebSocket handshake: Unexpected response code: 403 @ http://localhost:5199/assets/stage-B4ZnF7Se.js:0
[  903386ms] [ERROR] WebSocket connection to 'ws://localhost:8031/' failed: Error during WebSocket handshake: Unexpected response code: 403 @ http://localhost:5199/assets/stage-B4ZnF7Se.js:0
[  907087ms] [ERROR] WebSocket connection to 'ws://localhost:8031/' failed: Error during WebSocket handshake: Unexpected response code: 403 @ http://localhost:5199/assets/stage-B4ZnF7Se.js:0
[  911477ms] [ERROR] WebSocket connection to 'ws://localhost:8031/' failed: Error during WebSocket handshake: Unexpected response code: 403 @ http://localhost:5199/assets/stage-B4ZnF7Se.js:0
[  918868ms] [ERROR] WebSocket connection to 'ws://localhost:8031/' failed: Error during WebSocket handshake: Unexpected response code: 403 @ http://localhost:5199/assets/stage-B4ZnF7Se.js:0
[  924991ms] [ERROR] WebSocket connection to 'ws://localhost:8031/' failed: Error during WebSocket handshake: Unexpected response code: 403 @ http://localhost:5199/assets/stage-B4ZnF7Se.js:0
[  929126ms] [ERROR] WebSocket connection to 'ws://localhost:8031/' failed: Error during WebSocket handshake: Unexpected response code: 403 @ http://localhost:5199/assets/stage-B4ZnF7Se.js:0
[  932096ms] [ERROR] WebSocket connection to 'ws://localhost:8031/' failed: Error during WebSocket handshake: Unexpected response code: 403 @ http://localhost:5199/assets/stage-B4ZnF7Se.js:0
[  935541ms] [ERROR] WebSocket connection to 'ws://localhost:8031/' failed: Error during WebSocket handshake: Unexpected response code: 403 @ http://localhost:5199/assets/stage-B4ZnF7Se.js:0
[  941760ms] [ERROR] WebSocket connection to 'ws://localhost:8031/' failed: Error during WebSocket handshake: Unexpected response code: 403 @ http://localhost:5199/assets/stage-B4ZnF7Se.js:0
[  945257ms] [ERROR] WebSocket connection to 'ws://localhost:8031/' failed: Error during WebSocket handshake: Unexpected response code: 403 @ http://localhost:5199/assets/stage-B4ZnF7Se.js:0
[  948795ms] [ERROR] WebSocket connection to 'ws://localhost:8031/' failed: Error during WebSocket handshake: Unexpected response code: 403 @ http://localhost:5199/assets/stage-B4ZnF7Se.js:0
[  954400ms] [ERROR] WebSocket connection to 'ws://localhost:8031/' failed: Error during WebSocket handshake: Unexpected response code: 403 @ http://localhost:5199/assets/stage-B4ZnF7Se.js:0
[  960733ms] [ERROR] WebSocket connection to 'ws://localhost:8031/' failed: Error during WebSocket handshake: Unexpected response code: 403 @ http://localhost:5199/assets/stage-B4ZnF7Se.js:0
[  967029ms] [ERROR] WebSocket connection to 'ws://localhost:8031/' failed: Error during WebSocket handshake: Unexpected response code: 403 @ http://localhost:5199/assets/stage-B4ZnF7Se.js:0
[  972222ms] [ERROR] WebSocket connection to 'ws://localhost:8031/' failed: Error during WebSocket handshake: Unexpected response code: 403 @ http://localhost:5199/assets/stage-B4ZnF7Se.js:0
[  976586ms] [ERROR] WebSocket connection to 'ws://localhost:8031/' failed: Error during WebSocket handshake: Unexpected response code: 403 @ http://localhost:5199/assets/stage-B4ZnF7Se.js:0
[  979512ms] [ERROR] WebSocket connection to 'ws://localhost:8031/' failed: Error during WebSocket handshake: Unexpected response code: 403 @ http://localhost:5199/assets/stage-B4ZnF7Se.js:0
[  983721ms] [ERROR] WebSocket connection to 'ws://localhost:8031/' failed: Error during WebSocket handshake: Unexpected response code: 403 @ http://localhost:5199/assets/stage-B4ZnF7Se.js:0
[  989784ms] [ERROR] WebSocket connection to 'ws://localhost:8031/' failed: Error during WebSocket handshake: Unexpected response code: 403 @ http://localhost:5199/assets/stage-B4ZnF7Se.js:0
[  995501ms] [ERROR] WebSocket connection to 'ws://localhost:8031/' failed: Error during WebSocket handshake: Unexpected response code: 403 @ http://localhost:5199/assets/stage-B4ZnF7Se.js:0
[ 1001680ms] [ERROR] WebSocket connection to 'ws://localhost:8031/' failed: Error during WebSocket handshake: Unexpected response code: 403 @ http://localhost:5199/assets/stage-B4ZnF7Se.js:0
[ 1005888ms] [ERROR] WebSocket connection to 'ws://localhost:8031/' failed: Error during WebSocket handshake: Unexpected response code: 403 @ http://localhost:5199/assets/stage-B4ZnF7Se.js:0
[ 1010314ms] [ERROR] WebSocket connection to 'ws://localhost:8031/' failed: Error during WebSocket handshake: Unexpected response code: 403 @ http://localhost:5199/assets/stage-B4ZnF7Se.js:0
[ 1015513ms] [ERROR] WebSocket connection to 'ws://localhost:8031/' failed: Error during WebSocket handshake: Unexpected response code: 403 @ http://localhost:5199/assets/stage-B4ZnF7Se.js:0
[ 1021559ms] [ERROR] WebSocket connection to 'ws://localhost:8031/' failed: Error during WebSocket handshake: Unexpected response code: 403 @ http://localhost:5199/assets/stage-B4ZnF7Se.js:0
[ 1023063ms] [ERROR] WebSocket connection to 'ws://localhost:8031/' failed: Error during WebSocket handshake: Unexpected response code: 403 @ http://localhost:5199/assets/stage-B4ZnF7Se.js:0
[ 1024566ms] [ERROR] WebSocket connection to 'ws://localhost:8031/' failed: Error during WebSocket handshake: Unexpected response code: 403 @ http://localhost:5199/assets/stage-B4ZnF7Se.js:0
[ 1026114ms] [ERROR] WebSocket connection to 'ws://localhost:8031/' failed: Error during WebSocket handshake: Unexpected response code: 403 @ http://localhost:5199/assets/stage-B4ZnF7Se.js:0
[ 1027618ms] [ERROR] WebSocket connection to 'ws://localhost:8031/' failed: Error during WebSocket handshake: Unexpected response code: 403 @ http://localhost:5199/assets/stage-B4ZnF7Se.js:0
[ 1029125ms] [ERROR] WebSocket connection to 'ws://localhost:8031/' failed: Error during WebSocket handshake: Unexpected response code: 403 @ http://localhost:5199/assets/stage-B4ZnF7Se.js:0
[ 1030633ms] [ERROR] WebSocket connection to 'ws://localhost:8031/' failed: Error during WebSocket handshake: Unexpected response code: 403 @ http://localhost:5199/assets/stage-B4ZnF7Se.js:0
[ 1032307ms] [ERROR] WebSocket connection to 'ws://localhost:8031/' failed: Error during WebSocket handshake: Unexpected response code: 403 @ http://localhost:5199/assets/stage-B4ZnF7Se.js:0
[ 1033835ms] [ERROR] WebSocket connection to 'ws://localhost:8031/' failed: Error during WebSocket handshake: Unexpected response code: 403 @ http://localhost:5199/assets/stage-B4ZnF7Se.js:0
[ 1035605ms] [ERROR] WebSocket connection to 'ws://localhost:8031/' failed: Error during WebSocket handshake: Unexpected response code: 403 @ http://localhost:5199/assets/stage-B4ZnF7Se.js:0
[ 1037209ms] [ERROR] WebSocket connection to 'ws://localhost:8031/' failed: Error during WebSocket handshake: Unexpected response code: 403 @ http://localhost:5199/assets/stage-B4ZnF7Se.js:0
[ 1038851ms] [ERROR] WebSocket connection to 'ws://localhost:8031/' failed: Error during WebSocket handshake: Unexpected response code: 403 @ http://localhost:5199/assets/stage-B4ZnF7Se.js:0
[ 1040597ms] [ERROR] WebSocket connection to 'ws://localhost:8031/' failed: Error during WebSocket handshake: Unexpected response code: 403 @ http://localhost:5199/assets/stage-B4ZnF7Se.js:0
[ 1042468ms] [ERROR] WebSocket connection to 'ws://localhost:8031/' failed: Error during WebSocket handshake: Unexpected response code: 403 @ http://localhost:5199/assets/stage-B4ZnF7Se.js:0
[ 1045162ms] [ERROR] WebSocket connection to 'ws://localhost:8031/' failed: Error during WebSocket handshake: Unexpected response code: 403 @ http://localhost:5199/assets/stage-B4ZnF7Se.js:0
[ 1048378ms] [ERROR] WebSocket connection to 'ws://localhost:8031/' failed: Error during WebSocket handshake: Unexpected response code: 403 @ http://localhost:5199/assets/stage-B4ZnF7Se.js:0
[ 1054435ms] [ERROR] WebSocket connection to 'ws://localhost:8031/' failed: Error during WebSocket handshake: Unexpected response code: 403 @ http://localhost:5199/assets/stage-B4ZnF7Se.js:0
[ 1057422ms] [ERROR] WebSocket connection to 'ws://localhost:8031/' failed: Error during WebSocket handshake: Unexpected response code: 403 @ http://localhost:5199/assets/stage-B4ZnF7Se.js:0
[ 1062531ms] [ERROR] WebSocket connection to 'ws://localhost:8031/' failed: Error during WebSocket handshake: Unexpected response code: 403 @ http://localhost:5199/assets/stage-B4ZnF7Se.js:0
[ 1068260ms] [ERROR] WebSocket connection to 'ws://localhost:8031/' failed: Error during WebSocket handshake: Unexpected response code: 403 @ http://localhost:5199/assets/stage-B4ZnF7Se.js:0
[ 1071389ms] [ERROR] WebSocket connection to 'ws://localhost:8031/' failed: Error during WebSocket handshake: Unexpected response code: 403 @ http://localhost:5199/assets/stage-B4ZnF7Se.js:0
[ 1076985ms] [ERROR] WebSocket connection to 'ws://localhost:8031/' failed: Error during WebSocket handshake: Unexpected response code: 403 @ http://localhost:5199/assets/stage-B4ZnF7Se.js:0
[ 1083160ms] [ERROR] WebSocket connection to 'ws://localhost:8031/' failed: Error during WebSocket handshake: Unexpected response code: 403 @ http://localhost:5199/assets/stage-B4ZnF7Se.js:0
[ 1086730ms] [ERROR] WebSocket connection to 'ws://localhost:8031/' failed: Error during WebSocket handshake: Unexpected response code: 403 @ http://localhost:5199/assets/stage-B4ZnF7Se.js:0
[ 1091206ms] [ERROR] WebSocket connection to 'ws://localhost:8031/' failed: Error during WebSocket handshake: Unexpected response code: 403 @ http://localhost:5199/assets/stage-B4ZnF7Se.js:0
[ 1093831ms] [ERROR] WebSocket connection to 'ws://localhost:8031/' failed: Error during WebSocket handshake: Unexpected response code: 403 @ http://localhost:5199/assets/stage-B4ZnF7Se.js:0
[ 1098341ms] [ERROR] WebSocket connection to 'ws://localhost:8031/' failed: Error during WebSocket handshake: Unexpected response code: 403 @ http://localhost:5199/assets/stage-B4ZnF7Se.js:0
[ 1100933ms] [ERROR] WebSocket connection to 'ws://localhost:8031/' failed: Error during WebSocket handshake: Unexpected response code: 403 @ http://localhost:5199/assets/stage-B4ZnF7Se.js:0
[ 1105572ms] [ERROR] WebSocket connection to 'ws://localhost:8031/' failed: Error during WebSocket handshake: Unexpected response code: 403 @ http://localhost:5199/assets/stage-B4ZnF7Se.js:0
[ 1109079ms] [ERROR] WebSocket connection to 'ws://localhost:8031/' failed: Error during WebSocket handshake: Unexpected response code: 403 @ http://localhost:5199/assets/stage-B4ZnF7Se.js:0
[ 1114132ms] [ERROR] WebSocket connection to 'ws://localhost:8031/' failed: Error during WebSocket handshake: Unexpected response code: 403 @ http://localhost:5199/assets/stage-B4ZnF7Se.js:0
[ 1118723ms] [ERROR] WebSocket connection to 'ws://localhost:8031/' failed: Error during WebSocket handshake: Unexpected response code: 403 @ http://localhost:5199/assets/stage-B4ZnF7Se.js:0
[ 1121769ms] [ERROR] WebSocket connection to 'ws://localhost:8031/' failed: Error during WebSocket handshake: Unexpected response code: 403 @ http://localhost:5199/assets/stage-B4ZnF7Se.js:0
[ 1128103ms] [ERROR] WebSocket connection to 'ws://localhost:8031/' failed: Error during WebSocket handshake: Unexpected response code: 403 @ http://localhost:5199/assets/stage-B4ZnF7Se.js:0
[ 1133469ms] [ERROR] WebSocket connection to 'ws://localhost:8031/' failed: Error during WebSocket handshake: Unexpected response code: 403 @ http://localhost:5199/assets/stage-B4ZnF7Se.js:0
[ 1138991ms] [ERROR] WebSocket connection to 'ws://localhost:8031/' failed: Error during WebSocket handshake: Unexpected response code: 403 @ http://localhost:5199/assets/stage-B4ZnF7Se.js:0
[ 1142862ms] [ERROR] WebSocket connection to 'ws://localhost:8031/' failed: Error during WebSocket handshake: Unexpected response code: 403 @ http://localhost:5199/assets/stage-B4ZnF7Se.js:0
[ 1144366ms] [ERROR] WebSocket connection to 'ws://localhost:8031/' failed: Error during WebSocket handshake: Unexpected response code: 403 @ http://localhost:5199/assets/stage-B4ZnF7Se.js:0
[ 1145868ms] [ERROR] WebSocket connection to 'ws://localhost:8031/' failed: Error during WebSocket handshake: Unexpected response code: 403 @ http://localhost:5199/assets/stage-B4ZnF7Se.js:0
[ 1147374ms] [ERROR] WebSocket connection to 'ws://localhost:8031/' failed: Error during WebSocket handshake: Unexpected response code: 403 @ http://localhost:5199/assets/stage-B4ZnF7Se.js:0
[ 1148880ms] [ERROR] WebSocket connection to 'ws://localhost:8031/' failed: Error during WebSocket handshake: Unexpected response code: 403 @ http://localhost:5199/assets/stage-B4ZnF7Se.js:0
[ 1150393ms] [ERROR] WebSocket connection to 'ws://localhost:8031/' failed: Error during WebSocket handshake: Unexpected response code: 403 @ http://localhost:5199/assets/stage-B4ZnF7Se.js:0
[ 1151902ms] [ERROR] WebSocket connection to 'ws://localhost:8031/' failed: Error during WebSocket handshake: Unexpected response code: 403 @ http://localhost:5199/assets/stage-B4ZnF7Se.js:0
[ 1153420ms] [ERROR] WebSocket connection to 'ws://localhost:8031/' failed: Error during WebSocket handshake: Unexpected response code: 403 @ http://localhost:5199/assets/stage-B4ZnF7Se.js:0
[ 1154935ms] [ERROR] WebSocket connection to 'ws://localhost:8031/' failed: Error during WebSocket handshake: Unexpected response code: 403 @ http://localhost:5199/assets/stage-B4ZnF7Se.js:0
[ 1156458ms] [ERROR] WebSocket connection to 'ws://localhost:8031/' failed: Error during WebSocket handshake: Unexpected response code: 403 @ http://localhost:5199/assets/stage-B4ZnF7Se.js:0
[ 1158007ms] [ERROR] WebSocket connection to 'ws://localhost:8031/' failed: Error during WebSocket handshake: Unexpected response code: 403 @ http://localhost:5199/assets/stage-B4ZnF7Se.js:0
[ 1159669ms] [ERROR] WebSocket connection to 'ws://localhost:8031/' failed: Error during WebSocket handshake: Unexpected response code: 403 @ http://localhost:5199/assets/stage-B4ZnF7Se.js:0
[ 1161257ms] [ERROR] WebSocket connection to 'ws://localhost:8031/' failed: Error during WebSocket handshake: Unexpected response code: 403 @ http://localhost:5199/assets/stage-B4ZnF7Se.js:0
[ 1163364ms] [ERROR] WebSocket connection to 'ws://localhost:8031/' failed: Error during WebSocket handshake: Unexpected response code: 403 @ http://localhost:5199/assets/stage-B4ZnF7Se.js:0
[ 1165246ms] [ERROR] WebSocket connection to 'ws://localhost:8031/' failed: Error during WebSocket handshake: Unexpected response code: 403 @ http://localhost:5199/assets/stage-B4ZnF7Se.js:0
[ 1167612ms] [ERROR] WebSocket connection to 'ws://localhost:8031/' failed: Error during WebSocket handshake: Unexpected response code: 403 @ http://localhost:5199/assets/stage-B4ZnF7Se.js:0
[ 1170741ms] [ERROR] WebSocket connection to 'ws://localhost:8031/' failed: Error during WebSocket handshake: Unexpected response code: 403 @ http://localhost:5199/assets/stage-B4ZnF7Se.js:0
[ 1176055ms] [ERROR] WebSocket connection to 'ws://localhost:8031/' failed: Error during WebSocket handshake: Unexpected response code: 403 @ http://localhost:5199/assets/stage-B4ZnF7Se.js:0
[ 1179893ms] [ERROR] WebSocket connection to 'ws://localhost:8031/' failed: Error during WebSocket handshake: Unexpected response code: 403 @ http://localhost:5199/assets/stage-B4ZnF7Se.js:0
[ 1183770ms] [ERROR] WebSocket connection to 'ws://localhost:8031/' failed: Error during WebSocket handshake: Unexpected response code: 403 @ http://localhost:5199/assets/stage-B4ZnF7Se.js:0
[ 1187282ms] [ERROR] WebSocket connection to 'ws://localhost:8031/' failed: Error during WebSocket handshake: Unexpected response code: 403 @ http://localhost:5199/assets/stage-B4ZnF7Se.js:0
[ 1189985ms] [ERROR] WebSocket connection to 'ws://localhost:8031/' failed: Error during WebSocket handshake: Unexpected response code: 403 @ http://localhost:5199/assets/stage-B4ZnF7Se.js:0
[ 1193869ms] [ERROR] WebSocket connection to 'ws://localhost:8031/' failed: Error during WebSocket handshake: Unexpected response code: 403 @ http://localhost:5199/assets/stage-B4ZnF7Se.js:0
[ 1199483ms] [ERROR] WebSocket connection to 'ws://localhost:8031/' failed: Error during WebSocket handshake: Unexpected response code: 403 @ http://localhost:5199/assets/stage-B4ZnF7Se.js:0
[ 1202920ms] [ERROR] WebSocket connection to 'ws://localhost:8031/' failed: Error during WebSocket handshake: Unexpected response code: 403 @ http://localhost:5199/assets/stage-B4ZnF7Se.js:0
[ 1206348ms] [ERROR] WebSocket connection to 'ws://localhost:8031/' failed: Error during WebSocket handshake: Unexpected response code: 403 @ http://localhost:5199/assets/stage-B4ZnF7Se.js:0
[ 1212070ms] [ERROR] WebSocket connection to 'ws://localhost:8031/' failed: Error during WebSocket handshake: Unexpected response code: 403 @ http://localhost:5199/assets/stage-B4ZnF7Se.js:0
[ 1215891ms] [ERROR] WebSocket connection to 'ws://localhost:8031/' failed: Error during WebSocket handshake: Unexpected response code: 403 @ http://localhost:5199/assets/stage-B4ZnF7Se.js:0
[ 1220402ms] [ERROR] WebSocket connection to 'ws://localhost:8031/' failed: Error during WebSocket handshake: Unexpected response code: 403 @ http://localhost:5199/assets/stage-B4ZnF7Se.js:0
[ 1224269ms] [ERROR] WebSocket connection to 'ws://localhost:8031/' failed: Error during WebSocket handshake: Unexpected response code: 403 @ http://localhost:5199/assets/stage-B4ZnF7Se.js:0
[ 1229412ms] [ERROR] WebSocket connection to 'ws://localhost:8031/' failed: Error during WebSocket handshake: Unexpected response code: 403 @ http://localhost:5199/assets/stage-B4ZnF7Se.js:0
[ 1232639ms] [ERROR] WebSocket connection to 'ws://localhost:8031/' failed: Error during WebSocket handshake: Unexpected response code: 403 @ http://localhost:5199/assets/stage-B4ZnF7Se.js:0
[ 1235483ms] [ERROR] WebSocket connection to 'ws://localhost:8031/' failed: Error during WebSocket handshake: Unexpected response code: 403 @ http://localhost:5199/assets/stage-B4ZnF7Se.js:0
[ 1241551ms] [ERROR] WebSocket connection to 'ws://localhost:8031/' failed: Error during WebSocket handshake: Unexpected response code: 403 @ http://localhost:5199/assets/stage-B4ZnF7Se.js:0
[ 1247825ms] [ERROR] WebSocket connection to 'ws://localhost:8031/' failed: Error during WebSocket handshake: Unexpected response code: 403 @ http://localhost:5199/assets/stage-B4ZnF7Se.js:0
[ 1253279ms] [ERROR] WebSocket connection to 'ws://localhost:8031/' failed: Error during WebSocket handshake: Unexpected response code: 403 @ http://localhost:5199/assets/stage-B4ZnF7Se.js:0
[ 1257576ms] [ERROR] WebSocket connection to 'ws://localhost:8031/' failed: Error during WebSocket handshake: Unexpected response code: 403 @ http://localhost:5199/assets/stage-B4ZnF7Se.js:0
[ 1263788ms] [ERROR] WebSocket connection to 'ws://localhost:8031/' failed: Error during WebSocket handshake: Unexpected response code: 403 @ http://localhost:5199/assets/stage-B4ZnF7Se.js:0
[ 1265292ms] [ERROR] WebSocket connection to 'ws://localhost:8031/' failed: Error during WebSocket handshake: Unexpected response code: 403 @ http://localhost:5199/assets/stage-B4ZnF7Se.js:0
[ 1266798ms] [ERROR] WebSocket connection to 'ws://localhost:8031/' failed: Error during WebSocket handshake: Unexpected response code: 403 @ http://localhost:5199/assets/stage-B4ZnF7Se.js:0
[ 1268302ms] [ERROR] WebSocket connection to 'ws://localhost:8031/' failed: Error during WebSocket handshake: Unexpected response code: 403 @ http://localhost:5199/assets/stage-B4ZnF7Se.js:0
[ 1269806ms] [ERROR] WebSocket connection to 'ws://localhost:8031/' failed: Error during WebSocket handshake: Unexpected response code: 403 @ http://localhost:5199/assets/stage-B4ZnF7Se.js:0
[ 1271307ms] [ERROR] WebSocket connection to 'ws://localhost:8031/' failed: Error during WebSocket handshake: Unexpected response code: 403 @ http://localhost:5199/assets/stage-B4ZnF7Se.js:0
[ 1272818ms] [ERROR] WebSocket connection to 'ws://localhost:8031/' failed: Error during WebSocket handshake: Unexpected response code: 403 @ http://localhost:5199/assets/stage-B4ZnF7Se.js:0
[ 1274331ms] [ERROR] WebSocket connection to 'ws://localhost:8031/' failed: Error during WebSocket handshake: Unexpected response code: 403 @ http://localhost:5199/assets/stage-B4ZnF7Se.js:0
[ 1275848ms] [ERROR] WebSocket connection to 'ws://localhost:8031/' failed: Error during WebSocket handshake: Unexpected response code: 403 @ http://localhost:5199/assets/stage-B4ZnF7Se.js:0
[ 1277392ms] [ERROR] WebSocket connection to 'ws://localhost:8031/' failed: Error during WebSocket handshake: Unexpected response code: 403 @ http://localhost:5199/assets/stage-B4ZnF7Se.js:0
[ 1278967ms] [ERROR] WebSocket connection to 'ws://localhost:8031/' failed: Error during WebSocket handshake: Unexpected response code: 403 @ http://localhost:5199/assets/stage-B4ZnF7Se.js:0
[ 1280550ms] [ERROR] WebSocket connection to 'ws://localhost:8031/' failed: Error during WebSocket handshake: Unexpected response code: 403 @ http://localhost:5199/assets/stage-B4ZnF7Se.js:0
[ 1282232ms] [ERROR] WebSocket connection to 'ws://localhost:8031/' failed: Error during WebSocket handshake: Unexpected response code: 403 @ http://localhost:5199/assets/stage-B4ZnF7Se.js:0
[ 1284130ms] [ERROR] WebSocket connection to 'ws://localhost:8031/' failed: Error during WebSocket handshake: Unexpected response code: 403 @ http://localhost:5199/assets/stage-B4ZnF7Se.js:0
[ 1286875ms] [ERROR] WebSocket connection to 'ws://localhost:8031/' failed: Error during WebSocket handshake: Unexpected response code: 403 @ http://localhost:5199/assets/stage-B4ZnF7Se.js:0
[ 1290617ms] [ERROR] WebSocket connection to 'ws://localhost:8031/' failed: Error during WebSocket handshake: Unexpected response code: 403 @ http://localhost:5199/assets/stage-B4ZnF7Se.js:0
[ 1296135ms] [ERROR] WebSocket connection to 'ws://localhost:8031/' failed: Error during WebSocket handshake: Unexpected response code: 403 @ http://localhost:5199/assets/stage-B4ZnF7Se.js:0
[ 1301601ms] [ERROR] WebSocket connection to 'ws://localhost:8031/' failed: Error during WebSocket handshake: Unexpected response code: 403 @ http://localhost:5199/assets/stage-B4ZnF7Se.js:0
[ 1304287ms] [ERROR] WebSocket connection to 'ws://localhost:8031/' failed: Error during WebSocket handshake: Unexpected response code: 403 @ http://localhost:5199/assets/stage-B4ZnF7Se.js:0
[ 1308789ms] [ERROR] WebSocket connection to 'ws://localhost:8031/' failed: Error during WebSocket handshake: Unexpected response code: 403 @ http://localhost:5199/assets/stage-B4ZnF7Se.js:0
[ 1312642ms] [ERROR] WebSocket connection to 'ws://localhost:8031/' failed: Error during WebSocket handshake: Unexpected response code: 403 @ http://localhost:5199/assets/stage-B4ZnF7Se.js:0
[ 1315722ms] [ERROR] WebSocket connection to 'ws://localhost:8031/' failed: Error during WebSocket handshake: Unexpected response code: 403 @ http://localhost:5199/assets/stage-B4ZnF7Se.js:0
[ 1319877ms] [ERROR] WebSocket connection to 'ws://localhost:8031/' failed: Error during WebSocket handshake: Unexpected response code: 403 @ http://localhost:5199/assets/stage-B4ZnF7Se.js:0
[ 1323926ms] [ERROR] WebSocket connection to 'ws://localhost:8031/' failed: Error during WebSocket handshake: Unexpected response code: 403 @ http://localhost:5199/assets/stage-B4ZnF7Se.js:0
[ 1330406ms] [ERROR] WebSocket connection to 'ws://localhost:8031/' failed: Error during WebSocket handshake: Unexpected response code: 403 @ http://localhost:5199/assets/stage-B4ZnF7Se.js:0
[ 1335659ms] [ERROR] WebSocket connection to 'ws://localhost:8031/' failed: Error during WebSocket handshake: Unexpected response code: 403 @ http://localhost:5199/assets/stage-B4ZnF7Se.js:0
[ 1338949ms] [ERROR] WebSocket connection to 'ws://localhost:8031/' failed: Error during WebSocket handshake: Unexpected response code: 403 @ http://localhost:5199/assets/stage-B4ZnF7Se.js:0
[ 1344618ms] [ERROR] WebSocket connection to 'ws://localhost:8031/' failed: Error during WebSocket handshake: Unexpected response code: 403 @ http://localhost:5199/assets/stage-B4ZnF7Se.js:0
[ 1348793ms] [ERROR] WebSocket connection to 'ws://localhost:8031/' failed: Error during WebSocket handshake: Unexpected response code: 403 @ http://localhost:5199/assets/stage-B4ZnF7Se.js:0
[ 1351900ms] [ERROR] WebSocket connection to 'ws://localhost:8031/' failed: Error during WebSocket handshake: Unexpected response code: 403 @ http://localhost:5199/assets/stage-B4ZnF7Se.js:0
[ 1354593ms] [ERROR] WebSocket connection to 'ws://localhost:8031/' failed: Error during WebSocket handshake: Unexpected response code: 403 @ http://localhost:5199/assets/stage-B4ZnF7Se.js:0
[ 1357472ms] [ERROR] WebSocket connection to 'ws://localhost:8031/' failed: Error during WebSocket handshake: Unexpected response code: 403 @ http://localhost:5199/assets/stage-B4ZnF7Se.js:0
[ 1360644ms] [ERROR] WebSocket connection to 'ws://localhost:8031/' failed: Error during WebSocket handshake: Unexpected response code: 403 @ http://localhost:5199/assets/stage-B4ZnF7Se.js:0
[ 1367072ms] [ERROR] WebSocket connection to 'ws://localhost:8031/' failed: Error during WebSocket handshake: Unexpected response code: 403 @ http://localhost:5199/assets/stage-B4ZnF7Se.js:0
[ 1370156ms] [ERROR] WebSocket connection to 'ws://localhost:8031/' failed: Error during WebSocket handshake: Unexpected response code: 403 @ http://localhost:5199/assets/stage-B4ZnF7Se.js:0
[ 1376106ms] [ERROR] WebSocket connection to 'ws://localhost:8031/' failed: Error during WebSocket handshake: Unexpected response code: 403 @ http://localhost:5199/assets/stage-B4ZnF7Se.js:0
[ 1379928ms] [ERROR] WebSocket connection to 'ws://localhost:8031/' failed: Error during WebSocket handshake: Unexpected response code: 403 @ http://localhost:5199/assets/stage-B4ZnF7Se.js:0
[ 1385164ms] [ERROR] WebSocket connection to 'ws://localhost:8031/' failed: Error during WebSocket handshake: Unexpected response code: 403 @ http://localhost:5199/assets/stage-B4ZnF7Se.js:0
[ 1386669ms] [ERROR] WebSocket connection to 'ws://localhost:8031/' failed: Error during WebSocket handshake: Unexpected response code: 403 @ http://localhost:5199/assets/stage-B4ZnF7Se.js:0
[ 1388174ms] [ERROR] WebSocket connection to 'ws://localhost:8031/' failed: Error during WebSocket handshake: Unexpected response code: 403 @ http://localhost:5199/assets/stage-B4ZnF7Se.js:0
[ 1389678ms] [ERROR] WebSocket connection to 'ws://localhost:8031/' failed: Error during WebSocket handshake: Unexpected response code: 403 @ http://localhost:5199/assets/stage-B4ZnF7Se.js:0
[ 1391184ms] [ERROR] WebSocket connection to 'ws://localhost:8031/' failed: Error during WebSocket handshake: Unexpected response code: 403 @ http://localhost:5199/assets/stage-B4ZnF7Se.js:0
[ 1392688ms] [ERROR] WebSocket connection to 'ws://localhost:8031/' failed: Error during WebSocket handshake: Unexpected response code: 403 @ http://localhost:5199/assets/stage-B4ZnF7Se.js:0
[ 1394191ms] [ERROR] WebSocket connection to 'ws://localhost:8031/' failed: Error during WebSocket handshake: Unexpected response code: 403 @ http://localhost:5199/assets/stage-B4ZnF7Se.js:0
[ 1395701ms] [ERROR] WebSocket connection to 'ws://localhost:8031/' failed: Error during WebSocket handshake: Unexpected response code: 403 @ http://localhost:5199/assets/stage-B4ZnF7Se.js:0
[ 1397222ms] [ERROR] WebSocket connection to 'ws://localhost:8031/' failed: Error during WebSocket handshake: Unexpected response code: 403 @ http://localhost:5199/assets/stage-B4ZnF7Se.js:0
[ 1398737ms] [ERROR] WebSocket connection to 'ws://localhost:8031/' failed: Error during WebSocket handshake: Unexpected response code: 403 @ http://localhost:5199/assets/stage-B4ZnF7Se.js:0
[ 1400303ms] [ERROR] WebSocket connection to 'ws://localhost:8031/' failed: Error during WebSocket handshake: Unexpected response code: 403 @ http://localhost:5199/assets/stage-B4ZnF7Se.js:0
[ 1401878ms] [ERROR] WebSocket connection to 'ws://localhost:8031/' failed: Error during WebSocket handshake: Unexpected response code: 403 @ http://localhost:5199/assets/stage-B4ZnF7Se.js:0
[ 1403527ms] [ERROR] WebSocket connection to 'ws://localhost:8031/' failed: Error during WebSocket handshake: Unexpected response code: 403 @ http://localhost:5199/assets/stage-B4ZnF7Se.js:0
[ 1405410ms] [ERROR] WebSocket connection to 'ws://localhost:8031/' failed: Error during WebSocket handshake: Unexpected response code: 403 @ http://localhost:5199/assets/stage-B4ZnF7Se.js:0
[ 1407787ms] [ERROR] WebSocket connection to 'ws://localhost:8031/' failed: Error during WebSocket handshake: Unexpected response code: 403 @ http://localhost:5199/assets/stage-B4ZnF7Se.js:0
[ 1411257ms] [ERROR] WebSocket connection to 'ws://localhost:8031/' failed: Error during WebSocket handshake: Unexpected response code: 403 @ http://localhost:5199/assets/stage-B4ZnF7Se.js:0
[ 1417265ms] [ERROR] WebSocket connection to 'ws://localhost:8031/' failed: Error during WebSocket handshake: Unexpected response code: 403 @ http://localhost:5199/assets/stage-B4ZnF7Se.js:0
[ 1420173ms] [ERROR] WebSocket connection to 'ws://localhost:8031/' failed: Error during WebSocket handshake: Unexpected response code: 403 @ http://localhost:5199/assets/stage-B4ZnF7Se.js:0
[ 1426533ms] [ERROR] WebSocket connection to 'ws://localhost:8031/' failed: Error during WebSocket handshake: Unexpected response code: 403 @ http://localhost:5199/assets/stage-B4ZnF7Se.js:0
[ 1432575ms] [ERROR] WebSocket connection to 'ws://localhost:8031/' failed: Error during WebSocket handshake: Unexpected response code: 403 @ http://localhost:5199/assets/stage-B4ZnF7Se.js:0
[ 1438377ms] [ERROR] WebSocket connection to 'ws://localhost:8031/' failed: Error during WebSocket handshake: Unexpected response code: 403 @ http://localhost:5199/assets/stage-B4ZnF7Se.js:0
[ 1442315ms] [ERROR] WebSocket connection to 'ws://localhost:8031/' failed: Error during WebSocket handshake: Unexpected response code: 403 @ http://localhost:5199/assets/stage-B4ZnF7Se.js:0
[ 1446170ms] [ERROR] WebSocket connection to 'ws://localhost:8031/' failed: Error during WebSocket handshake: Unexpected response code: 403 @ http://localhost:5199/assets/stage-B4ZnF7Se.js:0
[ 1451525ms] [ERROR] WebSocket connection to 'ws://localhost:8031/' failed: Error during WebSocket handshake: Unexpected response code: 403 @ http://localhost:5199/assets/stage-B4ZnF7Se.js:0
[ 1454628ms] [ERROR] WebSocket connection to 'ws://localhost:8031/' failed: Error during WebSocket handshake: Unexpected response code: 403 @ http://localhost:5199/assets/stage-B4ZnF7Se.js:0
[ 1459405ms] [ERROR] WebSocket connection to 'ws://localhost:8031/' failed: Error during WebSocket handshake: Unexpected response code: 403 @ http://localhost:5199/assets/stage-B4ZnF7Se.js:0
[ 1465796ms] [ERROR] WebSocket connection to 'ws://localhost:8031/' failed: Error during WebSocket handshake: Unexpected response code: 403 @ http://localhost:5199/assets/stage-B4ZnF7Se.js:0
[ 1470502ms] [ERROR] WebSocket connection to 'ws://localhost:8031/' failed: Error during WebSocket handshake: Unexpected response code: 403 @ http://localhost:5199/assets/stage-B4ZnF7Se.js:0
[ 1476663ms] [ERROR] WebSocket connection to 'ws://localhost:8031/' failed: Error during WebSocket handshake: Unexpected response code: 403 @ http://localhost:5199/assets/stage-B4ZnF7Se.js:0
[ 1483128ms] [ERROR] WebSocket connection to 'ws://localhost:8031/' failed: Error during WebSocket handshake: Unexpected response code: 403 @ http://localhost:5199/assets/stage-B4ZnF7Se.js:0
[ 1486682ms] [ERROR] WebSocket connection to 'ws://localhost:8031/' failed: Error during WebSocket handshake: Unexpected response code: 403 @ http://localhost:5199/assets/stage-B4ZnF7Se.js:0
[ 1490636ms] [ERROR] WebSocket connection to 'ws://localhost:8031/' failed: Error during WebSocket handshake: Unexpected response code: 403 @ http://localhost:5199/assets/stage-B4ZnF7Se.js:0
[ 1494532ms] [ERROR] WebSocket connection to 'ws://localhost:8031/' failed: Error during WebSocket handshake: Unexpected response code: 403 @ http://localhost:5199/assets/stage-B4ZnF7Se.js:0
[ 1497613ms] [ERROR] WebSocket connection to 'ws://localhost:8031/' failed: Error during WebSocket handshake: Unexpected response code: 403 @ http://localhost:5199/assets/stage-B4ZnF7Se.js:0
[ 1502545ms] [ERROR] WebSocket connection to 'ws://localhost:8031/' failed: Error during WebSocket handshake: Unexpected response code: 403 @ http://localhost:5199/assets/stage-B4ZnF7Se.js:0
[ 1506532ms] [ERROR] WebSocket connection to 'ws://localhost:8031/' failed: Error during WebSocket handshake: Unexpected response code: 403 @ http://localhost:5199/assets/stage-B4ZnF7Se.js:0
[ 1508037ms] [ERROR] WebSocket connection to 'ws://localhost:8031/' failed: Error during WebSocket handshake: Unexpected response code: 403 @ http://localhost:5199/assets/stage-B4ZnF7Se.js:0
[ 1509590ms] [ERROR] WebSocket connection to 'ws://localhost:8031/' failed: Error during WebSocket handshake: Unexpected response code: 403 @ http://localhost:5199/assets/stage-B4ZnF7Se.js:0
[ 1511096ms] [ERROR] WebSocket connection to 'ws://localhost:8031/' failed: Error during WebSocket handshake: Unexpected response code: 403 @ http://localhost:5199/assets/stage-B4ZnF7Se.js:0
[ 1512599ms] [ERROR] WebSocket connection to 'ws://localhost:8031/' failed: Error during WebSocket handshake: Unexpected response code: 403 @ http://localhost:5199/assets/stage-B4ZnF7Se.js:0
[ 1514168ms] [ERROR] WebSocket connection to 'ws://localhost:8031/' failed: Error during WebSocket handshake: Unexpected response code: 403 @ http://localhost:5199/assets/stage-B4ZnF7Se.js:0
[ 1515674ms] [ERROR] WebSocket connection to 'ws://localhost:8031/' failed: Error during WebSocket handshake: Unexpected response code: 403 @ http://localhost:5199/assets/stage-B4ZnF7Se.js:0
[ 1517190ms] [ERROR] WebSocket connection to 'ws://localhost:8031/' failed: Error during WebSocket handshake: Unexpected response code: 403 @ http://localhost:5199/assets/stage-B4ZnF7Se.js:0
[ 1518714ms] [ERROR] WebSocket connection to 'ws://localhost:8031/' failed: Error during WebSocket handshake: Unexpected response code: 403 @ http://localhost:5199/assets/stage-B4ZnF7Se.js:0
[ 1520251ms] [ERROR] WebSocket connection to 'ws://localhost:8031/' failed: Error during WebSocket handshake: Unexpected response code: 403 @ http://localhost:5199/assets/stage-B4ZnF7Se.js:0
[ 1521824ms] [ERROR] WebSocket connection to 'ws://localhost:8031/' failed: Error during WebSocket handshake: Unexpected response code: 403 @ http://localhost:5199/assets/stage-B4ZnF7Se.js:0
[ 1523436ms] [ERROR] WebSocket connection to 'ws://localhost:8031/' failed: Error during WebSocket handshake: Unexpected response code: 403 @ http://localhost:5199/assets/stage-B4ZnF7Se.js:0
[ 1525057ms] [ERROR] WebSocket connection to 'ws://localhost:8031/' failed: Error during WebSocket handshake: Unexpected response code: 403 @ http://localhost:5199/assets/stage-B4ZnF7Se.js:0
[ 1526794ms] [ERROR] WebSocket connection to 'ws://localhost:8031/' failed: Error during WebSocket handshake: Unexpected response code: 403 @ http://localhost:5199/assets/stage-B4ZnF7Se.js:0
[ 1528572ms] [ERROR] WebSocket connection to 'ws://localhost:8031/' failed: Error during WebSocket handshake: Unexpected response code: 403 @ http://localhost:5199/assets/stage-B4ZnF7Se.js:0
[ 1530661ms] [ERROR] WebSocket connection to 'ws://localhost:8031/' failed: Error during WebSocket handshake: Unexpected response code: 403 @ http://localhost:5199/assets/stage-B4ZnF7Se.js:0
[ 1537014ms] [ERROR] WebSocket connection to 'ws://localhost:8031/' failed: Error during WebSocket handshake: Unexpected response code: 403 @ http://localhost:5199/assets/stage-B4ZnF7Se.js:0
[ 1539966ms] [ERROR] WebSocket connection to 'ws://localhost:8031/' failed: Error during WebSocket handshake: Unexpected response code: 403 @ http://localhost:5199/assets/stage-B4ZnF7Se.js:0
[ 1544881ms] [ERROR] WebSocket connection to 'ws://localhost:8031/' failed: Error during WebSocket handshake: Unexpected response code: 403 @ http://localhost:5199/assets/stage-B4ZnF7Se.js:0
[ 1550412ms] [ERROR] WebSocket connection to 'ws://localhost:8031/' failed: Error during WebSocket handshake: Unexpected response code: 403 @ http://localhost:5199/assets/stage-B4ZnF7Se.js:0
[ 1555384ms] [ERROR] WebSocket connection to 'ws://localhost:8031/' failed: Error during WebSocket handshake: Unexpected response code: 403 @ http://localhost:5199/assets/stage-B4ZnF7Se.js:0
[ 1559387ms] [ERROR] WebSocket connection to 'ws://localhost:8031/' failed: Error during WebSocket handshake: Unexpected response code: 403 @ http://localhost:5199/assets/stage-B4ZnF7Se.js:0
[ 1562241ms] [ERROR] WebSocket connection to 'ws://localhost:8031/' failed: Error during WebSocket handshake: Unexpected response code: 403 @ http://localhost:5199/assets/stage-B4ZnF7Se.js:0
[ 1565856ms] [ERROR] WebSocket connection to 'ws://localhost:8031/' failed: Error during WebSocket handshake: Unexpected response code: 403 @ http://localhost:5199/assets/stage-B4ZnF7Se.js:0
[ 1568643ms] [ERROR] WebSocket connection to 'ws://localhost:8031/' failed: Error during WebSocket handshake: Unexpected response code: 403 @ http://localhost:5199/assets/stage-B4ZnF7Se.js:0
[ 1572462ms] [ERROR] WebSocket connection to 'ws://localhost:8031/' failed: Error during WebSocket handshake: Unexpected response code: 403 @ http://localhost:5199/assets/stage-B4ZnF7Se.js:0
[ 1578461ms] [ERROR] WebSocket connection to 'ws://localhost:8031/' failed: Error during WebSocket handshake: Unexpected response code: 403 @ http://localhost:5199/assets/stage-B4ZnF7Se.js:0
[ 1582496ms] [ERROR] WebSocket connection to 'ws://localhost:8031/' failed: Error during WebSocket handshake: Unexpected response code: 403 @ http://localhost:5199/assets/stage-B4ZnF7Se.js:0
[ 1586259ms] [ERROR] WebSocket connection to 'ws://localhost:8031/' failed: Error during WebSocket handshake: Unexpected response code: 403 @ http://localhost:5199/assets/stage-B4ZnF7Se.js:0
[ 1591676ms] [ERROR] WebSocket connection to 'ws://localhost:8031/' failed: Error during WebSocket handshake: Unexpected response code: 403 @ http://localhost:5199/assets/stage-B4ZnF7Se.js:0
[ 1595229ms] [ERROR] WebSocket connection to 'ws://localhost:8031/' failed: Error during WebSocket handshake: Unexpected response code: 403 @ http://localhost:5199/assets/stage-B4ZnF7Se.js:0
[ 1600353ms] [ERROR] WebSocket connection to 'ws://localhost:8031/' failed: Error during WebSocket handshake: Unexpected response code: 403 @ http://localhost:5199/assets/stage-B4ZnF7Se.js:0
[ 1605729ms] [ERROR] WebSocket connection to 'ws://localhost:8031/' failed: Error during WebSocket handshake: Unexpected response code: 403 @ http://localhost:5199/assets/stage-B4ZnF7Se.js:0
[ 1609071ms] [ERROR] WebSocket connection to 'ws://localhost:8031/' failed: Error during WebSocket handshake: Unexpected response code: 403 @ http://localhost:5199/assets/stage-B4ZnF7Se.js:0
[ 1613255ms] [ERROR] WebSocket connection to 'ws://localhost:8031/' failed: Error during WebSocket handshake: Unexpected response code: 403 @ http://localhost:5199/assets/stage-B4ZnF7Se.js:0
[ 1616359ms] [ERROR] WebSocket connection to 'ws://localhost:8031/' failed: Error during WebSocket handshake: Unexpected response code: 403 @ http://localhost:5199/assets/stage-B4ZnF7Se.js:0
[ 1622690ms] [ERROR] WebSocket connection to 'ws://localhost:8031/' failed: Error during WebSocket handshake: Unexpected response code: 403 @ http://localhost:5199/assets/stage-B4ZnF7Se.js:0
[ 1626888ms] [ERROR] WebSocket connection to 'ws://localhost:8031/' failed: Error during WebSocket handshake: Unexpected response code: 403 @ http://localhost:5199/assets/stage-B4ZnF7Se.js:0
[ 1628476ms] [ERROR] WebSocket connection to 'ws://localhost:8031/' failed: Error during WebSocket handshake: Unexpected response code: 403 @ http://localhost:5199/assets/stage-B4ZnF7Se.js:0
[ 1629980ms] [ERROR] WebSocket connection to 'ws://localhost:8031/' failed: Error during WebSocket handshake: Unexpected response code: 403 @ http://localhost:5199/assets/stage-B4ZnF7Se.js:0
[ 1631485ms] [ERROR] WebSocket connection to 'ws://localhost:8031/' failed: Error during WebSocket handshake: Unexpected response code: 403 @ http://localhost:5199/assets/stage-B4ZnF7Se.js:0
[ 1632990ms] [ERROR] WebSocket connection to 'ws://localhost:8031/' failed: Error during WebSocket handshake: Unexpected response code: 403 @ http://localhost:5199/assets/stage-B4ZnF7Se.js:0
[ 1634498ms] [ERROR] WebSocket connection to 'ws://localhost:8031/' failed: Error during WebSocket handshake: Unexpected response code: 403 @ http://localhost:5199/assets/stage-B4ZnF7Se.js:0
[ 1636005ms] [ERROR] WebSocket connection to 'ws://localhost:8031/' failed: Error during WebSocket handshake: Unexpected response code: 403 @ http://localhost:5199/assets/stage-B4ZnF7Se.js:0
[ 1637518ms] [ERROR] WebSocket connection to 'ws://localhost:8031/' failed: Error during WebSocket handshake: Unexpected response code: 403 @ http://localhost:5199/assets/stage-B4ZnF7Se.js:0
[ 1639048ms] [ERROR] WebSocket connection to 'ws://localhost:8031/' failed: Error during WebSocket handshake: Unexpected response code: 403 @ http://localhost:5199/assets/stage-B4ZnF7Se.js:0
[ 1640589ms] [ERROR] WebSocket connection to 'ws://localhost:8031/' failed: Error during WebSocket handshake: Unexpected response code: 403 @ http://localhost:5199/assets/stage-B4ZnF7Se.js:0
[ 1642167ms] [ERROR] WebSocket connection to 'ws://localhost:8031/' failed: Error during WebSocket handshake: Unexpected response code: 403 @ http://localhost:5199/assets/stage-B4ZnF7Se.js:0
[ 1643815ms] [ERROR] WebSocket connection to 'ws://localhost:8031/' failed: Error during WebSocket handshake: Unexpected response code: 403 @ http://localhost:5199/assets/stage-B4ZnF7Se.js:0
[ 1645501ms] [ERROR] WebSocket connection to 'ws://localhost:8031/' failed: Error during WebSocket handshake: Unexpected response code: 403 @ http://localhost:5199/assets/stage-B4ZnF7Se.js:0
[ 1647194ms] [ERROR] WebSocket connection to 'ws://localhost:8031/' failed: Error during WebSocket handshake: Unexpected response code: 403 @ http://localhost:5199/assets/stage-B4ZnF7Se.js:0
[ 1649286ms] [ERROR] WebSocket connection to 'ws://localhost:8031/' failed: Error during WebSocket handshake: Unexpected response code: 403 @ http://localhost:5199/assets/stage-B4ZnF7Se.js:0
[ 1652473ms] [ERROR] WebSocket connection to 'ws://localhost:8031/' failed: Error during WebSocket handshake: Unexpected response code: 403 @ http://localhost:5199/assets/stage-B4ZnF7Se.js:0
[ 1655157ms] [ERROR] WebSocket connection to 'ws://localhost:8031/' failed: Error during WebSocket handshake: Unexpected response code: 403 @ http://localhost:5199/assets/stage-B4ZnF7Se.js:0
[ 1660562ms] [ERROR] WebSocket connection to 'ws://localhost:8031/' failed: Error during WebSocket handshake: Unexpected response code: 403 @ http://localhost:5199/assets/stage-B4ZnF7Se.js:0
[ 1666994ms] [ERROR] WebSocket connection to 'ws://localhost:8031/' failed: Error during WebSocket handshake: Unexpected response code: 403 @ http://localhost:5199/assets/stage-B4ZnF7Se.js:0
[ 1669853ms] [ERROR] WebSocket connection to 'ws://localhost:8031/' failed: Error during WebSocket handshake: Unexpected response code: 403 @ http://localhost:5199/assets/stage-B4ZnF7Se.js:0
[ 1673035ms] [ERROR] WebSocket connection to 'ws://localhost:8031/' failed: Error during WebSocket handshake: Unexpected response code: 403 @ http://localhost:5199/assets/stage-B4ZnF7Se.js:0
[ 1678353ms] [ERROR] WebSocket connection to 'ws://localhost:8031/' failed: Error during WebSocket handshake: Unexpected response code: 403 @ http://localhost:5199/assets/stage-B4ZnF7Se.js:0
[ 1682689ms] [ERROR] WebSocket connection to 'ws://localhost:8031/' failed: Error during WebSocket handshake: Unexpected response code: 403 @ http://localhost:5199/assets/stage-B4ZnF7Se.js:0
[ 1688140ms] [ERROR] WebSocket connection to 'ws://localhost:8031/' failed: Error during WebSocket handshake: Unexpected response code: 403 @ http://localhost:5199/assets/stage-B4ZnF7Se.js:0
[ 1691141ms] [ERROR] WebSocket connection to 'ws://localhost:8031/' failed: Error during WebSocket handshake: Unexpected response code: 403 @ http://localhost:5199/assets/stage-B4ZnF7Se.js:0
[ 1696133ms] [ERROR] WebSocket connection to 'ws://localhost:8031/' failed: Error during WebSocket handshake: Unexpected response code: 403 @ http://localhost:5199/assets/stage-B4ZnF7Se.js:0
[ 1701403ms] [ERROR] WebSocket connection to 'ws://localhost:8031/' failed: Error during WebSocket handshake: Unexpected response code: 403 @ http://localhost:5199/assets/stage-B4ZnF7Se.js:0
[ 1705724ms] [ERROR] WebSocket connection to 'ws://localhost:8031/' failed: Error during WebSocket handshake: Unexpected response code: 403 @ http://localhost:5199/assets/stage-B4ZnF7Se.js:0
[ 1709749ms] [ERROR] WebSocket connection to 'ws://localhost:8031/' failed: Error during WebSocket handshake: Unexpected response code: 403 @ http://localhost:5199/assets/stage-B4ZnF7Se.js:0
[ 1714484ms] [ERROR] WebSocket connection to 'ws://localhost:8031/' failed: Error during WebSocket handshake: Unexpected response code: 403 @ http://localhost:5199/assets/stage-B4ZnF7Se.js:0
[ 1720019ms] [ERROR] WebSocket connection to 'ws://localhost:8031/' failed: Error during WebSocket handshake: Unexpected response code: 403 @ http://localhost:5199/assets/stage-B4ZnF7Se.js:0
[ 1725220ms] [ERROR] WebSocket connection to 'ws://localhost:8031/' failed: Error during WebSocket handshake: Unexpected response code: 403 @ http://localhost:5199/assets/stage-B4ZnF7Se.js:0
[ 1728453ms] [ERROR] WebSocket connection to 'ws://localhost:8031/' failed: Error during WebSocket handshake: Unexpected response code: 403 @ http://localhost:5199/assets/stage-B4ZnF7Se.js:0
[ 1732757ms] [ERROR] WebSocket connection to 'ws://localhost:8031/' failed: Error during WebSocket handshake: Unexpected response code: 403 @ http://localhost:5199/assets/stage-B4ZnF7Se.js:0
[ 1737041ms] [ERROR] WebSocket connection to 'ws://localhost:8031/' failed: Error during WebSocket handshake: Unexpected response code: 403 @ http://localhost:5199/assets/stage-B4ZnF7Se.js:0
[ 1741919ms] [ERROR] WebSocket connection to 'ws://localhost:8031/' failed: Error during WebSocket handshake: Unexpected response code: 403 @ http://localhost:5199/assets/stage-B4ZnF7Se.js:0
[ 1747209ms] [ERROR] WebSocket connection to 'ws://localhost:8031/' failed: Error during WebSocket handshake: Unexpected response code: 403 @ http://localhost:5199/assets/stage-B4ZnF7Se.js:0
[ 1748716ms] [ERROR] WebSocket connection to 'ws://localhost:8031/' failed: Error during WebSocket handshake: Unexpected response code: 403 @ http://localhost:5199/assets/stage-B4ZnF7Se.js:0
[ 1750222ms] [ERROR] WebSocket connection to 'ws://localhost:8031/' failed: Error during WebSocket handshake: Unexpected response code: 403 @ http://localhost:5199/assets/stage-B4ZnF7Se.js:0
[ 1751728ms] [ERROR] WebSocket connection to 'ws://localhost:8031/' failed: Error during WebSocket handshake: Unexpected response code: 403 @ http://localhost:5199/assets/stage-B4ZnF7Se.js:0
[ 1753234ms] [ERROR] WebSocket connection to 'ws://localhost:8031/' failed: Error during WebSocket handshake: Unexpected response code: 403 @ http://localhost:5199/assets/stage-B4ZnF7Se.js:0
[ 1754739ms] [ERROR] WebSocket connection to 'ws://localhost:8031/' failed: Error during WebSocket handshake: Unexpected response code: 403 @ http://localhost:5199/assets/stage-B4ZnF7Se.js:0
[ 1756249ms] [ERROR] WebSocket connection to 'ws://localhost:8031/' failed: Error during WebSocket handshake: Unexpected response code: 403 @ http://localhost:5199/assets/stage-B4ZnF7Se.js:0
[ 1757778ms] [ERROR] WebSocket connection to 'ws://localhost:8031/' failed: Error during WebSocket handshake: Unexpected response code: 403 @ http://localhost:5199/assets/stage-B4ZnF7Se.js:0
[ 1759303ms] [ERROR] WebSocket connection to 'ws://localhost:8031/' failed: Error during WebSocket handshake: Unexpected response code: 403 @ http://localhost:5199/assets/stage-B4ZnF7Se.js:0
[ 1760848ms] [ERROR] WebSocket connection to 'ws://localhost:8031/' failed: Error during WebSocket handshake: Unexpected response code: 403 @ http://localhost:5199/assets/stage-B4ZnF7Se.js:0
[ 1762378ms] [ERROR] WebSocket connection to 'ws://localhost:8031/' failed: Error during WebSocket handshake: Unexpected response code: 403 @ http://localhost:5199/assets/stage-B4ZnF7Se.js:0
[ 1763943ms] [ERROR] WebSocket connection to 'ws://localhost:8031/' failed: Error during WebSocket handshake: Unexpected response code: 403 @ http://localhost:5199/assets/stage-B4ZnF7Se.js:0
[ 1765611ms] [ERROR] WebSocket connection to 'ws://localhost:8031/' failed: Error during WebSocket handshake: Unexpected response code: 403 @ http://localhost:5199/assets/stage-B4ZnF7Se.js:0
[ 1767573ms] [ERROR] WebSocket connection to 'ws://localhost:8031/' failed: Error during WebSocket handshake: Unexpected response code: 403 @ http://localhost:5199/assets/stage-B4ZnF7Se.js:0
[ 1769503ms] [ERROR] WebSocket connection to 'ws://localhost:8031/' failed: Error during WebSocket handshake: Unexpected response code: 403 @ http://localhost:5199/assets/stage-B4ZnF7Se.js:0
[ 1771586ms] [ERROR] WebSocket connection to 'ws://localhost:8031/' failed: Error during WebSocket handshake: Unexpected response code: 403 @ http://localhost:5199/assets/stage-B4ZnF7Se.js:0
[ 1775815ms] [ERROR] WebSocket connection to 'ws://localhost:8031/' failed: Error during WebSocket handshake: Unexpected response code: 403 @ http://localhost:5199/assets/stage-B4ZnF7Se.js:0
[ 1779365ms] [ERROR] WebSocket connection to 'ws://localhost:8031/' failed: Error during WebSocket handshake: Unexpected response code: 403 @ http://localhost:5199/assets/stage-B4ZnF7Se.js:0
[ 1785096ms] [ERROR] WebSocket connection to 'ws://localhost:8031/' failed: Error during WebSocket handshake: Unexpected response code: 403 @ http://localhost:5199/assets/stage-B4ZnF7Se.js:0
[ 1788076ms] [ERROR] WebSocket connection to 'ws://localhost:8031/' failed: Error during WebSocket handshake: Unexpected response code: 403 @ http://localhost:5199/assets/stage-B4ZnF7Se.js:0
[ 1791964ms] [ERROR] WebSocket connection to 'ws://localhost:8031/' failed: Error during WebSocket handshake: Unexpected response code: 403 @ http://localhost:5199/assets/stage-B4ZnF7Se.js:0
[ 1795531ms] [ERROR] WebSocket connection to 'ws://localhost:8031/' failed: Error during WebSocket handshake: Unexpected response code: 403 @ http://localhost:5199/assets/stage-B4ZnF7Se.js:0
[ 1799501ms] [ERROR] WebSocket connection to 'ws://localhost:8031/' failed: Error during WebSocket handshake: Unexpected response code: 403 @ http://localhost:5199/assets/stage-B4ZnF7Se.js:0
[ 1802734ms] [ERROR] WebSocket connection to 'ws://localhost:8031/' failed: Error during WebSocket handshake: Unexpected response code: 403 @ http://localhost:5199/assets/stage-B4ZnF7Se.js:0
[ 1808706ms] [ERROR] WebSocket connection to 'ws://localhost:8031/' failed: Error during WebSocket handshake: Unexpected response code: 403 @ http://localhost:5199/assets/stage-B4ZnF7Se.js:0
[ 1815209ms] [ERROR] WebSocket connection to 'ws://localhost:8031/' failed: Error during WebSocket handshake: Unexpected response code: 403 @ http://localhost:5199/assets/stage-B4ZnF7Se.js:0
[ 1821475ms] [ERROR] WebSocket connection to 'ws://localhost:8031/' failed: Error during WebSocket handshake: Unexpected response code: 403 @ http://localhost:5199/assets/stage-B4ZnF7Se.js:0
[ 1825412ms] [ERROR] WebSocket connection to 'ws://localhost:8031/' failed: Error during WebSocket handshake: Unexpected response code: 403 @ http://localhost:5199/assets/stage-B4ZnF7Se.js:0
[ 1828494ms] [ERROR] WebSocket connection to 'ws://localhost:8031/' failed: Error during WebSocket handshake: Unexpected response code: 403 @ http://localhost:5199/assets/stage-B4ZnF7Se.js:0
[ 1831535ms] [ERROR] WebSocket connection to 'ws://localhost:8031/' failed: Error during WebSocket handshake: Unexpected response code: 403 @ http://localhost:5199/assets/stage-B4ZnF7Se.js:0
[ 1836476ms] [ERROR] WebSocket connection to 'ws://localhost:8031/' failed: Error during WebSocket handshake: Unexpected response code: 403 @ http://localhost:5199/assets/stage-B4ZnF7Se.js:0
[ 1839033ms] [ERROR] WebSocket connection to 'ws://localhost:8031/' failed: Error during WebSocket handshake: Unexpected response code: 403 @ http://localhost:5199/assets/stage-B4ZnF7Se.js:0
[ 1842141ms] [ERROR] WebSocket connection to 'ws://localhost:8031/' failed: Error during WebSocket handshake: Unexpected response code: 403 @ http://localhost:5199/assets/stage-B4ZnF7Se.js:0
[ 1845659ms] [ERROR] WebSocket connection to 'ws://localhost:8031/' failed: Error during WebSocket handshake: Unexpected response code: 403 @ http://localhost:5199/assets/stage-B4ZnF7Se.js:0
[ 1851296ms] [ERROR] WebSocket connection to 'ws://localhost:8031/' failed: Error during WebSocket handshake: Unexpected response code: 403 @ http://localhost:5199/assets/stage-B4ZnF7Se.js:0
[ 1855034ms] [ERROR] WebSocket connection to 'ws://localhost:8031/' failed: Error during WebSocket handshake: Unexpected response code: 403 @ http://localhost:5199/assets/stage-B4ZnF7Se.js:0
[ 1858731ms] [ERROR] WebSocket connection to 'ws://localhost:8031/' failed: Error during WebSocket handshake: Unexpected response code: 403 @ http://localhost:5199/assets/stage-B4ZnF7Se.js:0
[ 1861560ms] [ERROR] WebSocket connection to 'ws://localhost:8031/' failed: Error during WebSocket handshake: Unexpected response code: 403 @ http://localhost:5199/assets/stage-B4ZnF7Se.js:0
[ 1866464ms] [ERROR] WebSocket connection to 'ws://localhost:8031/' failed: Error during WebSocket handshake: Unexpected response code: 403 @ http://localhost:5199/assets/stage-B4ZnF7Se.js:0
[ 1872089ms] [ERROR] WebSocket connection to 'ws://localhost:8031/' failed: Error during WebSocket handshake: Unexpected response code: 403 @ http://localhost:5199/assets/stage-B4ZnF7Se.js:0
[ 1875746ms] [ERROR] WebSocket connection to 'ws://localhost:8031/' failed: Error during WebSocket handshake: Unexpected response code: 403 @ http://localhost:5199/assets/stage-B4ZnF7Se.js:0
[ 1881742ms] [ERROR] WebSocket connection to 'ws://localhost:8031/' failed: Error during WebSocket handshake: Unexpected response code: 403 @ http://localhost:5199/assets/stage-B4ZnF7Se.js:0
[ 1884454ms] [ERROR] WebSocket connection to 'ws://localhost:8031/' failed: Error during WebSocket handshake: Unexpected response code: 403 @ http://localhost:5199/assets/stage-B4ZnF7Se.js:0
[ 1889909ms] [ERROR] WebSocket connection to 'ws://localhost:8031/' failed: Error during WebSocket handshake: Unexpected response code: 403 @ http://localhost:5199/assets/stage-B4ZnF7Se.js:0
[ 1892816ms] [ERROR] WebSocket connection to 'ws://localhost:8031/' failed: Error during WebSocket handshake: Unexpected response code: 403 @ http://localhost:5199/assets/stage-B4ZnF7Se.js:0
[ 1896701ms] [ERROR] WebSocket connection to 'ws://localhost:8031/' failed: Error during WebSocket handshake: Unexpected response code: 403 @ http://localhost:5199/assets/stage-B4ZnF7Se.js:0
[ 1902438ms] [ERROR] WebSocket connection to 'ws://localhost:8031/' failed: Error during WebSocket handshake: Unexpected response code: 403 @ http://localhost:5199/assets/stage-B4ZnF7Se.js:0
[ 1908824ms] [ERROR] WebSocket connection to 'ws://localhost:8031/' failed: Error during WebSocket handshake: Unexpected response code: 403 @ http://localhost:5199/assets/stage-B4ZnF7Se.js:0
[ 1913112ms] [ERROR] WebSocket connection to 'ws://localhost:8031/' failed: Error during WebSocket handshake: Unexpected response code: 403 @ http://localhost:5199/assets/stage-B4ZnF7Se.js:0
[ 1917469ms] [ERROR] WebSocket connection to 'ws://localhost:8031/' failed: Error during WebSocket handshake: Unexpected response code: 403 @ http://localhost:5199/assets/stage-B4ZnF7Se.js:0
[ 1921432ms] [ERROR] WebSocket connection to 'ws://localhost:8031/' failed: Error during WebSocket handshake: Unexpected response code: 403 @ http://localhost:5199/assets/stage-B4ZnF7Se.js:0
[ 1926297ms] [ERROR] WebSocket connection to 'ws://localhost:8031/' failed: Error during WebSocket handshake: Unexpected response code: 403 @ http://localhost:5199/assets/stage-B4ZnF7Se.js:0
[ 1930233ms] [ERROR] WebSocket connection to 'ws://localhost:8031/' failed: Error during WebSocket handshake: Unexpected response code: 403 @ http://localhost:5199/assets/stage-B4ZnF7Se.js:0
[ 1933753ms] [ERROR] WebSocket connection to 'ws://localhost:8031/' failed: Error during WebSocket handshake: Unexpected response code: 403 @ http://localhost:5199/assets/stage-B4ZnF7Se.js:0
[ 1938128ms] [ERROR] WebSocket connection to 'ws://localhost:8031/' failed: Error during WebSocket handshake: Unexpected response code: 403 @ http://localhost:5199/assets/stage-B4ZnF7Se.js:0
[ 1941186ms] [ERROR] WebSocket connection to 'ws://localhost:8031/' failed: Error during WebSocket handshake: Unexpected response code: 403 @ http://localhost:5199/assets/stage-B4ZnF7Se.js:0
[ 1945285ms] [ERROR] WebSocket connection to 'ws://localhost:8031/' failed: Error during WebSocket handshake: Unexpected response code: 403 @ http://localhost:5199/assets/stage-B4ZnF7Se.js:0
[ 1948289ms] [ERROR] WebSocket connection to 'ws://localhost:8031/' failed: Error during WebSocket handshake: Unexpected response code: 403 @ http://localhost:5199/assets/stage-B4ZnF7Se.js:0
[ 1954475ms] [ERROR] WebSocket connection to 'ws://localhost:8031/' failed: Error during WebSocket handshake: Unexpected response code: 403 @ http://localhost:5199/assets/stage-B4ZnF7Se.js:0
[ 1959959ms] [ERROR] WebSocket connection to 'ws://localhost:8031/' failed: Error during WebSocket handshake: Unexpected response code: 403 @ http://localhost:5199/assets/stage-B4ZnF7Se.js:0
[ 1964861ms] [ERROR] WebSocket connection to 'ws://localhost:8031/' failed: Error during WebSocket handshake: Unexpected response code: 403 @ http://localhost:5199/assets/stage-B4ZnF7Se.js:0
[ 1968878ms] [ERROR] WebSocket connection to 'ws://localhost:8031/' failed: Error during WebSocket handshake: Unexpected response code: 403 @ http://localhost:5199/assets/stage-B4ZnF7Se.js:0
[ 1973147ms] [ERROR] WebSocket connection to 'ws://localhost:8031/' failed: Error during WebSocket handshake: Unexpected response code: 403 @ http://localhost:5199/assets/stage-B4ZnF7Se.js:0
[ 1978361ms] [ERROR] WebSocket connection to 'ws://localhost:8031/' failed: Error during WebSocket handshake: Unexpected response code: 403 @ http://localhost:5199/assets/stage-B4ZnF7Se.js:0
[ 1983247ms] [ERROR] WebSocket connection to 'ws://localhost:8031/' failed: Error during WebSocket handshake: Unexpected response code: 403 @ http://localhost:5199/assets/stage-B4ZnF7Se.js:0
[ 1986462ms] [ERROR] WebSocket connection to 'ws://localhost:8031/' failed: Error during WebSocket handshake: Unexpected response code: 403 @ http://localhost:5199/assets/stage-B4ZnF7Se.js:0
[ 1989019ms] [ERROR] WebSocket connection to 'ws://localhost:8031/' failed: Error during WebSocket handshake: Unexpected response code: 403 @ http://localhost:5199/assets/stage-B4ZnF7Se.js:0
[ 1991987ms] [ERROR] WebSocket connection to 'ws://localhost:8031/' failed: Error during WebSocket handshake: Unexpected response code: 403 @ http://localhost:5199/assets/stage-B4ZnF7Se.js:0
[ 1997444ms] [ERROR] WebSocket connection to 'ws://localhost:8031/' failed: Error during WebSocket handshake: Unexpected response code: 403 @ http://localhost:5199/assets/stage-B4ZnF7Se.js:0
[ 2001236ms] [ERROR] WebSocket connection to 'ws://localhost:8031/' failed: Error during WebSocket handshake: Unexpected response code: 403 @ http://localhost:5199/assets/stage-B4ZnF7Se.js:0
[ 2003850ms] [ERROR] WebSocket connection to 'ws://localhost:8031/' failed: Error during WebSocket handshake: Unexpected response code: 403 @ http://localhost:5199/assets/stage-B4ZnF7Se.js:0
[ 2009462ms] [ERROR] WebSocket connection to 'ws://localhost:8031/' failed: Error during WebSocket handshake: Unexpected response code: 403 @ http://localhost:5199/assets/stage-B4ZnF7Se.js:0
[ 2015299ms] [ERROR] WebSocket connection to 'ws://localhost:8031/' failed: Error during WebSocket handshake: Unexpected response code: 403 @ http://localhost:5199/assets/stage-B4ZnF7Se.js:0
[ 2021591ms] [ERROR] WebSocket connection to 'ws://localhost:8031/' failed: Error during WebSocket handshake: Unexpected response code: 403 @ http://localhost:5199/assets/stage-B4ZnF7Se.js:0
[ 2024612ms] [ERROR] WebSocket connection to 'ws://localhost:8031/' failed: Error during WebSocket handshake: Unexpected response code: 403 @ http://localhost:5199/assets/stage-B4ZnF7Se.js:0
[ 2028145ms] [ERROR] WebSocket connection to 'ws://localhost:8031/' failed: Error during WebSocket handshake: Unexpected response code: 403 @ http://localhost:5199/assets/stage-B4ZnF7Se.js:0
[ 2030754ms] [ERROR] WebSocket connection to 'ws://localhost:8031/' failed: Error during WebSocket handshake: Unexpected response code: 403 @ http://localhost:5199/assets/stage-B4ZnF7Se.js:0
[ 2033774ms] [ERROR] WebSocket connection to 'ws://localhost:8031/' failed: Error during WebSocket handshake: Unexpected response code: 403 @ http://localhost:5199/assets/stage-B4ZnF7Se.js:0
[ 2037654ms] [ERROR] WebSocket connection to 'ws://localhost:8031/' failed: Error during WebSocket handshake: Unexpected response code: 403 @ http://localhost:5199/assets/stage-B4ZnF7Se.js:0
[ 2044145ms] [ERROR] WebSocket connection to 'ws://localhost:8031/' failed: Error during WebSocket handshake: Unexpected response code: 403 @ http://localhost:5199/assets/stage-B4ZnF7Se.js:0
[ 2049641ms] [ERROR] WebSocket connection to 'ws://localhost:8031/' failed: Error during WebSocket handshake: Unexpected response code: 403 @ http://localhost:5199/assets/stage-B4ZnF7Se.js:0
[ 2052211ms] [ERROR] WebSocket connection to 'ws://localhost:8031/' failed: Error during WebSocket handshake: Unexpected response code: 403 @ http://localhost:5199/assets/stage-B4ZnF7Se.js:0
[ 2055061ms] [ERROR] WebSocket connection to 'ws://localhost:8031/' failed: Error during WebSocket handshake: Unexpected response code: 403 @ http://localhost:5199/assets/stage-B4ZnF7Se.js:0
[ 2059354ms] [ERROR] WebSocket connection to 'ws://localhost:8031/' failed: Error during WebSocket handshake: Unexpected response code: 403 @ http://localhost:5199/assets/stage-B4ZnF7Se.js:0
[ 2064608ms] [ERROR] WebSocket connection to 'ws://localhost:8031/' failed: Error during WebSocket handshake: Unexpected response code: 403 @ http://localhost:5199/assets/stage-B4ZnF7Se.js:0
[ 2069487ms] [ERROR] WebSocket connection to 'ws://localhost:8031/' failed: Error during WebSocket handshake: Unexpected response code: 403 @ http://localhost:5199/assets/stage-B4ZnF7Se.js:0
[ 2074403ms] [ERROR] WebSocket connection to 'ws://localhost:8031/' failed: Error during WebSocket handshake: Unexpected response code: 403 @ http://localhost:5199/assets/stage-B4ZnF7Se.js:0
[ 2080210ms] [ERROR] WebSocket connection to 'ws://localhost:8031/' failed: Error during WebSocket handshake: Unexpected response code: 403 @ http://localhost:5199/assets/stage-B4ZnF7Se.js:0
[ 2084976ms] [ERROR] WebSocket connection to 'ws://localhost:8031/' failed: Error during WebSocket handshake: Unexpected response code: 403 @ http://localhost:5199/assets/stage-B4ZnF7Se.js:0
[ 2090720ms] [ERROR] WebSocket connection to 'ws://localhost:8031/' failed: Error during WebSocket handshake: Unexpected response code: 403 @ http://localhost:5199/assets/stage-B4ZnF7Se.js:0
[ 2096584ms] [ERROR] WebSocket connection to 'ws://localhost:8031/' failed: Error during WebSocket handshake: Unexpected response code: 403 @ http://localhost:5199/assets/stage-B4ZnF7Se.js:0
[ 2100546ms] [ERROR] WebSocket connection to 'ws://localhost:8031/' failed: Error during WebSocket handshake: Unexpected response code: 403 @ http://localhost:5199/assets/stage-B4ZnF7Se.js:0
[ 2104568ms] [ERROR] WebSocket connection to 'ws://localhost:8031/' failed: Error during WebSocket handshake: Unexpected response code: 403 @ http://localhost:5199/assets/stage-B4ZnF7Se.js:0
[ 2109881ms] [ERROR] WebSocket connection to 'ws://localhost:8031/' failed: Error during WebSocket handshake: Unexpected response code: 403 @ http://localhost:5199/assets/stage-B4ZnF7Se.js:0
[ 2115865ms] [ERROR] WebSocket connection to 'ws://localhost:8031/' failed: Error during WebSocket handshake: Unexpected response code: 403 @ http://localhost:5199/assets/stage-B4ZnF7Se.js:0
[ 2119857ms] [ERROR] WebSocket connection to 'ws://localhost:8031/' failed: Error during WebSocket handshake: Unexpected response code: 403 @ http://localhost:5199/assets/stage-B4ZnF7Se.js:0
[ 2125563ms] [ERROR] WebSocket connection to 'ws://localhost:8031/' failed: Error during WebSocket handshake: Unexpected response code: 403 @ http://localhost:5199/assets/stage-B4ZnF7Se.js:0
[ 2128797ms] [ERROR] WebSocket connection to 'ws://localhost:8031/' failed: Error during WebSocket handshake: Unexpected response code: 403 @ http://localhost:5199/assets/stage-B4ZnF7Se.js:0
[ 2134177ms] [ERROR] WebSocket connection to 'ws://localhost:8031/' failed: Error during WebSocket handshake: Unexpected response code: 403 @ http://localhost:5199/assets/stage-B4ZnF7Se.js:0
[ 2138410ms] [ERROR] WebSocket connection to 'ws://localhost:8031/' failed: Error during WebSocket handshake: Unexpected response code: 403 @ http://localhost:5199/assets/stage-B4ZnF7Se.js:0
[ 2144842ms] [ERROR] WebSocket connection to 'ws://localhost:8031/' failed: Error during WebSocket handshake: Unexpected response code: 403 @ http://localhost:5199/assets/stage-B4ZnF7Se.js:0
[ 2150237ms] [ERROR] WebSocket connection to 'ws://localhost:8031/' failed: Error during WebSocket handshake: Unexpected response code: 403 @ http://localhost:5199/assets/stage-B4ZnF7Se.js:0
[ 2156306ms] [ERROR] WebSocket connection to 'ws://localhost:8031/' failed: Error during WebSocket handshake: Unexpected response code: 403 @ http://localhost:5199/assets/stage-B4ZnF7Se.js:0
[ 2162373ms] [ERROR] WebSocket connection to 'ws://localhost:8031/' failed: Error during WebSocket handshake: Unexpected response code: 403 @ http://localhost:5199/assets/stage-B4ZnF7Se.js:0
[ 2164915ms] [ERROR] WebSocket connection to 'ws://localhost:8031/' failed: Error during WebSocket handshake: Unexpected response code: 403 @ http://localhost:5199/assets/stage-B4ZnF7Se.js:0
[ 2169688ms] [ERROR] WebSocket connection to 'ws://localhost:8031/' failed: Error during WebSocket handshake: Unexpected response code: 403 @ http://localhost:5199/assets/stage-B4ZnF7Se.js:0
[ 2176135ms] [ERROR] WebSocket connection to 'ws://localhost:8031/' failed: Error during WebSocket handshake: Unexpected response code: 403 @ http://localhost:5199/assets/stage-B4ZnF7Se.js:0
[ 2180573ms] [ERROR] WebSocket connection to 'ws://localhost:8031/' failed: Error during WebSocket handshake: Unexpected response code: 403 @ http://localhost:5199/assets/stage-B4ZnF7Se.js:0
[ 2186628ms] [ERROR] WebSocket connection to 'ws://localhost:8031/' failed: Error during WebSocket handshake: Unexpected response code: 403 @ http://localhost:5199/assets/stage-B4ZnF7Se.js:0
[ 2190217ms] [ERROR] WebSocket connection to 'ws://localhost:8031/' failed: Error during WebSocket handshake: Unexpected response code: 403 @ http://localhost:5199/assets/stage-B4ZnF7Se.js:0
[ 2196052ms] [ERROR] WebSocket connection to 'ws://localhost:8031/' failed: Error during WebSocket handshake: Unexpected response code: 403 @ http://localhost:5199/assets/stage-B4ZnF7Se.js:0
[ 2202090ms] [ERROR] WebSocket connection to 'ws://localhost:8031/' failed: Error during WebSocket handshake: Unexpected response code: 403 @ http://localhost:5199/assets/stage-B4ZnF7Se.js:0
[ 2207597ms] [ERROR] WebSocket connection to 'ws://localhost:8031/' failed: Error during WebSocket handshake: Unexpected response code: 403 @ http://localhost:5199/assets/stage-B4ZnF7Se.js:0
[ 2213502ms] [ERROR] WebSocket connection to 'ws://localhost:8031/' failed: Error during WebSocket handshake: Unexpected response code: 403 @ http://localhost:5199/assets/stage-B4ZnF7Se.js:0
[ 2218539ms] [ERROR] WebSocket connection to 'ws://localhost:8031/' failed: Error during WebSocket handshake: Unexpected response code: 403 @ http://localhost:5199/assets/stage-B4ZnF7Se.js:0
[ 2222502ms] [ERROR] WebSocket connection to 'ws://localhost:8031/' failed: Error during WebSocket handshake: Unexpected response code: 403 @ http://localhost:5199/assets/stage-B4ZnF7Se.js:0
[ 2226781ms] [ERROR] WebSocket connection to 'ws://localhost:8031/' failed: Error during WebSocket handshake: Unexpected response code: 403 @ http://localhost:5199/assets/stage-B4ZnF7Se.js:0
[ 2230340ms] [ERROR] WebSocket connection to 'ws://localhost:8031/' failed: Error during WebSocket handshake: Unexpected response code: 403 @ http://localhost:5199/assets/stage-B4ZnF7Se.js:0
[ 2236012ms] [ERROR] WebSocket connection to 'ws://localhost:8031/' failed: Error during WebSocket handshake: Unexpected response code: 403 @ http://localhost:5199/assets/stage-B4ZnF7Se.js:0
[ 2239395ms] [ERROR] WebSocket connection to 'ws://localhost:8031/' failed: Error during WebSocket handshake: Unexpected response code: 403 @ http://localhost:5199/assets/stage-B4ZnF7Se.js:0
[ 2244244ms] [ERROR] WebSocket connection to 'ws://localhost:8031/' failed: Error during WebSocket handshake: Unexpected response code: 403 @ http://localhost:5199/assets/stage-B4ZnF7Se.js:0
[ 2248355ms] [ERROR] WebSocket connection to 'ws://localhost:8031/' failed: Error during WebSocket handshake: Unexpected response code: 403 @ http://localhost:5199/assets/stage-B4ZnF7Se.js:0
[ 2253079ms] [ERROR] WebSocket connection to 'ws://localhost:8031/' failed: Error during WebSocket handshake: Unexpected response code: 403 @ http://localhost:5199/assets/stage-B4ZnF7Se.js:0
[ 2255947ms] [ERROR] WebSocket connection to 'ws://localhost:8031/' failed: Error during WebSocket handshake: Unexpected response code: 403 @ http://localhost:5199/assets/stage-B4ZnF7Se.js:0
[ 2260990ms] [ERROR] WebSocket connection to 'ws://localhost:8031/' failed: Error during WebSocket handshake: Unexpected response code: 403 @ http://localhost:5199/assets/stage-B4ZnF7Se.js:0
[ 2267366ms] [ERROR] WebSocket connection to 'ws://localhost:8031/' failed: Error during WebSocket handshake: Unexpected response code: 403 @ http://localhost:5199/assets/stage-B4ZnF7Se.js:0
[ 2272496ms] [ERROR] WebSocket connection to 'ws://localhost:8031/' failed: Error during WebSocket handshake: Unexpected response code: 403 @ http://localhost:5199/assets/stage-B4ZnF7Se.js:0
[ 2276949ms] [ERROR] WebSocket connection to 'ws://localhost:8031/' failed: Error during WebSocket handshake: Unexpected response code: 403 @ http://localhost:5199/assets/stage-B4ZnF7Se.js:0
[ 2279614ms] [ERROR] WebSocket connection to 'ws://localhost:8031/' failed: Error during WebSocket handshake: Unexpected response code: 403 @ http://localhost:5199/assets/stage-B4ZnF7Se.js:0
[ 2282169ms] [ERROR] WebSocket connection to 'ws://localhost:8031/' failed: Error during WebSocket handshake: Unexpected response code: 403 @ http://localhost:5199/assets/stage-B4ZnF7Se.js:0
[ 2286547ms] [ERROR] WebSocket connection to 'ws://localhost:8031/' failed: Error during WebSocket handshake: Unexpected response code: 403 @ http://localhost:5199/assets/stage-B4ZnF7Se.js:0
[ 2290416ms] [ERROR] WebSocket connection to 'ws://localhost:8031/' failed: Error during WebSocket handshake: Unexpected response code: 403 @ http://localhost:5199/assets/stage-B4ZnF7Se.js:0
[ 2293861ms] [ERROR] WebSocket connection to 'ws://localhost:8031/' failed: Error during WebSocket handshake: Unexpected response code: 403 @ http://localhost:5199/assets/stage-B4ZnF7Se.js:0
[ 2297328ms] [ERROR] WebSocket connection to 'ws://localhost:8031/' failed: Error during WebSocket handshake: Unexpected response code: 403 @ http://localhost:5199/assets/stage-B4ZnF7Se.js:0
[ 2300727ms] [ERROR] WebSocket connection to 'ws://localhost:8031/' failed: Error during WebSocket handshake: Unexpected response code: 403 @ http://localhost:5199/assets/stage-B4ZnF7Se.js:0
[ 2306056ms] [ERROR] WebSocket connection to 'ws://localhost:8031/' failed: Error during WebSocket handshake: Unexpected response code: 403 @ http://localhost:5199/assets/stage-B4ZnF7Se.js:0
[ 2308587ms] [ERROR] WebSocket connection to 'ws://localhost:8031/' failed: Error during WebSocket handshake: Unexpected response code: 403 @ http://localhost:5199/assets/stage-B4ZnF7Se.js:0
[ 2314210ms] [ERROR] WebSocket connection to 'ws://localhost:8031/' failed: Error during WebSocket handshake: Unexpected response code: 403 @ http://localhost:5199/assets/stage-B4ZnF7Se.js:0
[ 2320302ms] [ERROR] WebSocket connection to 'ws://localhost:8031/' failed: Error during WebSocket handshake: Unexpected response code: 403 @ http://localhost:5199/assets/stage-B4ZnF7Se.js:0
[ 2325876ms] [ERROR] WebSocket connection to 'ws://localhost:8031/' failed: Error during WebSocket handshake: Unexpected response code: 403 @ http://localhost:5199/assets/stage-B4ZnF7Se.js:0
[ 2329161ms] [ERROR] WebSocket connection to 'ws://localhost:8031/' failed: Error during WebSocket handshake: Unexpected response code: 403 @ http://localhost:5199/assets/stage-B4ZnF7Se.js:0
[ 2334604ms] [ERROR] WebSocket connection to 'ws://localhost:8031/' failed: Error during WebSocket handshake: Unexpected response code: 403 @ http://localhost:5199/assets/stage-B4ZnF7Se.js:0
[ 2340783ms] [ERROR] WebSocket connection to 'ws://localhost:8031/' failed: Error during WebSocket handshake: Unexpected response code: 403 @ http://localhost:5199/assets/stage-B4ZnF7Se.js:0
[ 2344725ms] [ERROR] WebSocket connection to 'ws://localhost:8031/' failed: Error during WebSocket handshake: Unexpected response code: 403 @ http://localhost:5199/assets/stage-B4ZnF7Se.js:0
[ 2349568ms] [ERROR] WebSocket connection to 'ws://localhost:8031/' failed: Error during WebSocket handshake: Unexpected response code: 403 @ http://localhost:5199/assets/stage-B4ZnF7Se.js:0
[ 2353063ms] [ERROR] WebSocket connection to 'ws://localhost:8031/' failed: Error during WebSocket handshake: Unexpected response code: 403 @ http://localhost:5199/assets/stage-B4ZnF7Se.js:0
[ 2356715ms] [ERROR] WebSocket connection to 'ws://localhost:8031/' failed: Error during WebSocket handshake: Unexpected response code: 403 @ http://localhost:5199/assets/stage-B4ZnF7Se.js:0
[ 2361015ms] [ERROR] WebSocket connection to 'ws://localhost:8031/' failed: Error during WebSocket handshake: Unexpected response code: 403 @ http://localhost:5199/assets/stage-B4ZnF7Se.js:0
[ 2365750ms] [ERROR] WebSocket connection to 'ws://localhost:8031/' failed: Error during WebSocket handshake: Unexpected response code: 403 @ http://localhost:5199/assets/stage-B4ZnF7Se.js:0
[ 2371426ms] [ERROR] WebSocket connection to 'ws://localhost:8031/' failed: Error during WebSocket handshake: Unexpected response code: 403 @ http://localhost:5199/assets/stage-B4ZnF7Se.js:0
[ 2375061ms] [ERROR] WebSocket connection to 'ws://localhost:8031/' failed: Error during WebSocket handshake: Unexpected response code: 403 @ http://localhost:5199/assets/stage-B4ZnF7Se.js:0
[ 2377741ms] [ERROR] WebSocket connection to 'ws://localhost:8031/' failed: Error during WebSocket handshake: Unexpected response code: 403 @ http://localhost:5199/assets/stage-B4ZnF7Se.js:0
[ 2382571ms] [ERROR] WebSocket connection to 'ws://localhost:8031/' failed: Error during WebSocket handshake: Unexpected response code: 403 @ http://localhost:5199/assets/stage-B4ZnF7Se.js:0
[ 2385320ms] [ERROR] WebSocket connection to 'ws://localhost:8031/' failed: Error during WebSocket handshake: Unexpected response code: 403 @ http://localhost:5199/assets/stage-B4ZnF7Se.js:0
[ 2389287ms] [ERROR] WebSocket connection to 'ws://localhost:8031/' failed: Error during WebSocket handshake: Unexpected response code: 403 @ http://localhost:5199/assets/stage-B4ZnF7Se.js:0
[ 2391810ms] [ERROR] WebSocket connection to 'ws://localhost:8031/' failed: Error during WebSocket handshake: Unexpected response code: 403 @ http://localhost:5199/assets/stage-B4ZnF7Se.js:0
[ 2397222ms] [ERROR] WebSocket connection to 'ws://localhost:8031/' failed: Error during WebSocket handshake: Unexpected response code: 403 @ http://localhost:5199/assets/stage-B4ZnF7Se.js:0
[ 2401258ms] [ERROR] WebSocket connection to 'ws://localhost:8031/' failed: Error during WebSocket handshake: Unexpected response code: 403 @ http://localhost:5199/assets/stage-B4ZnF7Se.js:0
[ 2406959ms] [ERROR] WebSocket connection to 'ws://localhost:8031/' failed: Error during WebSocket handshake: Unexpected response code: 403 @ http://localhost:5199/assets/stage-B4ZnF7Se.js:0
[ 2411113ms] [ERROR] WebSocket connection to 'ws://localhost:8031/' failed: Error during WebSocket handshake: Unexpected response code: 403 @ http://localhost:5199/assets/stage-B4ZnF7Se.js:0
[ 2417556ms] [ERROR] WebSocket connection to 'ws://localhost:8031/' failed: Error during WebSocket handshake: Unexpected response code: 403 @ http://localhost:5199/assets/stage-B4ZnF7Se.js:0
[ 2421589ms] [ERROR] WebSocket connection to 'ws://localhost:8031/' failed: Error during WebSocket handshake: Unexpected response code: 403 @ http://localhost:5199/assets/stage-B4ZnF7Se.js:0
[ 2424877ms] [ERROR] WebSocket connection to 'ws://localhost:8031/' failed: Error during WebSocket handshake: Unexpected response code: 403 @ http://localhost:5199/assets/stage-B4ZnF7Se.js:0
[ 2429098ms] [ERROR] WebSocket connection to 'ws://localhost:8031/' failed: Error during WebSocket handshake: Unexpected response code: 403 @ http://localhost:5199/assets/stage-B4ZnF7Se.js:0
[ 2432543ms] [ERROR] WebSocket connection to 'ws://localhost:8031/' failed: Error during WebSocket handshake: Unexpected response code: 403 @ http://localhost:5199/assets/stage-B4ZnF7Se.js:0
[ 2436700ms] [ERROR] WebSocket connection to 'ws://localhost:8031/' failed: Error during WebSocket handshake: Unexpected response code: 403 @ http://localhost:5199/assets/stage-B4ZnF7Se.js:0
[ 2440660ms] [ERROR] WebSocket connection to 'ws://localhost:8031/' failed: Error during WebSocket handshake: Unexpected response code: 403 @ http://localhost:5199/assets/stage-B4ZnF7Se.js:0
[ 2446827ms] [ERROR] WebSocket connection to 'ws://localhost:8031/' failed: Error during WebSocket handshake: Unexpected response code: 403 @ http://localhost:5199/assets/stage-B4ZnF7Se.js:0
[ 2451620ms] [ERROR] WebSocket connection to 'ws://localhost:8031/' failed: Error during WebSocket handshake: Unexpected response code: 403 @ http://localhost:5199/assets/stage-B4ZnF7Se.js:0
[ 2455383ms] [ERROR] WebSocket connection to 'ws://localhost:8031/' failed: Error during WebSocket handshake: Unexpected response code: 403 @ http://localhost:5199/assets/stage-B4ZnF7Se.js:0
[ 2458831ms] [ERROR] WebSocket connection to 'ws://localhost:8031/' failed: Error during WebSocket handshake: Unexpected response code: 403 @ http://localhost:5199/assets/stage-B4ZnF7Se.js:0
[ 2462051ms] [ERROR] WebSocket connection to 'ws://localhost:8031/' failed: Error during WebSocket handshake: Unexpected response code: 403 @ http://localhost:5199/assets/stage-B4ZnF7Se.js:0
[ 2467708ms] [ERROR] WebSocket connection to 'ws://localhost:8031/' failed: Error during WebSocket handshake: Unexpected response code: 403 @ http://localhost:5199/assets/stage-B4ZnF7Se.js:0
[ 2469212ms] [ERROR] WebSocket connection to 'ws://localhost:8031/' failed: Error during WebSocket handshake: Unexpected response code: 403 @ http://localhost:5199/assets/stage-B4ZnF7Se.js:0
[ 2470717ms] [ERROR] WebSocket connection to 'ws://localhost:8031/' failed: Error during WebSocket handshake: Unexpected response code: 403 @ http://localhost:5199/assets/stage-B4ZnF7Se.js:0
[ 2472224ms] [ERROR] WebSocket connection to 'ws://localhost:8031/' failed: Error during WebSocket handshake: Unexpected response code: 403 @ http://localhost:5199/assets/stage-B4ZnF7Se.js:0
[ 2473732ms] [ERROR] WebSocket connection to 'ws://localhost:8031/' failed: Error during WebSocket handshake: Unexpected response code: 403 @ http://localhost:5199/assets/stage-B4ZnF7Se.js:0
[ 2475239ms] [ERROR] WebSocket connection to 'ws://localhost:8031/' failed: Error during WebSocket handshake: Unexpected response code: 403 @ http://localhost:5199/assets/stage-B4ZnF7Se.js:0
[ 2476747ms] [ERROR] WebSocket connection to 'ws://localhost:8031/' failed: Error during WebSocket handshake: Unexpected response code: 403 @ http://localhost:5199/assets/stage-B4ZnF7Se.js:0
[ 2478260ms] [ERROR] WebSocket connection to 'ws://localhost:8031/' failed: Error during WebSocket handshake: Unexpected response code: 403 @ http://localhost:5199/assets/stage-B4ZnF7Se.js:0
[ 2479790ms] [ERROR] WebSocket connection to 'ws://localhost:8031/' failed: Error during WebSocket handshake: Unexpected response code: 403 @ http://localhost:5199/assets/stage-B4ZnF7Se.js:0
[ 2481344ms] [ERROR] WebSocket connection to 'ws://localhost:8031/' failed: Error during WebSocket handshake: Unexpected response code: 403 @ http://localhost:5199/assets/stage-B4ZnF7Se.js:0
[ 2482905ms] [ERROR] WebSocket connection to 'ws://localhost:8031/' failed: Error during WebSocket handshake: Unexpected response code: 403 @ http://localhost:5199/assets/stage-B4ZnF7Se.js:0
[ 2484527ms] [ERROR] WebSocket connection to 'ws://localhost:8031/' failed: Error during WebSocket handshake: Unexpected response code: 403 @ http://localhost:5199/assets/stage-B4ZnF7Se.js:0
[ 2486223ms] [ERROR] WebSocket connection to 'ws://localhost:8031/' failed: Error during WebSocket handshake: Unexpected response code: 403 @ http://localhost:5199/assets/stage-B4ZnF7Se.js:0
[ 2488077ms] [ERROR] WebSocket connection to 'ws://localhost:8031/' failed: Error during WebSocket handshake: Unexpected response code: 403 @ http://localhost:5199/assets/stage-B4ZnF7Se.js:0
[ 2490763ms] [ERROR] WebSocket connection to 'ws://localhost:8031/' failed: Error during WebSocket handshake: Unexpected response code: 403 @ http://localhost:5199/assets/stage-B4ZnF7Se.js:0
[ 2494364ms] [ERROR] WebSocket connection to 'ws://localhost:8031/' failed: Error during WebSocket handshake: Unexpected response code: 403 @ http://localhost:5199/assets/stage-B4ZnF7Se.js:0
[ 2499452ms] [ERROR] WebSocket connection to 'ws://localhost:8031/' failed: Error during WebSocket handshake: Unexpected response code: 403 @ http://localhost:5199/assets/stage-B4ZnF7Se.js:0
[ 2505858ms] [ERROR] WebSocket connection to 'ws://localhost:8031/' failed: Error during WebSocket handshake: Unexpected response code: 403 @ http://localhost:5199/assets/stage-B4ZnF7Se.js:0
[ 2511532ms] [ERROR] WebSocket connection to 'ws://localhost:8031/' failed: Error during WebSocket handshake: Unexpected response code: 403 @ http://localhost:5199/assets/stage-B4ZnF7Se.js:0
[ 2517302ms] [ERROR] WebSocket connection to 'ws://localhost:8031/' failed: Error during WebSocket handshake: Unexpected response code: 403 @ http://localhost:5199/assets/stage-B4ZnF7Se.js:0
[ 2520903ms] [ERROR] WebSocket connection to 'ws://localhost:8031/' failed: Error during WebSocket handshake: Unexpected response code: 403 @ http://localhost:5199/assets/stage-B4ZnF7Se.js:0
[ 2523915ms] [ERROR] WebSocket connection to 'ws://localhost:8031/' failed: Error during WebSocket handshake: Unexpected response code: 403 @ http://localhost:5199/assets/stage-B4ZnF7Se.js:0
[ 2527994ms] [ERROR] WebSocket connection to 'ws://localhost:8031/' failed: Error during WebSocket handshake: Unexpected response code: 403 @ http://localhost:5199/assets/stage-B4ZnF7Se.js:0
[ 2533026ms] [ERROR] WebSocket connection to 'ws://localhost:8031/' failed: Error during WebSocket handshake: Unexpected response code: 403 @ http://localhost:5199/assets/stage-B4ZnF7Se.js:0
[ 2538391ms] [ERROR] WebSocket connection to 'ws://localhost:8031/' failed: Error during WebSocket handshake: Unexpected response code: 403 @ http://localhost:5199/assets/stage-B4ZnF7Se.js:0
[ 2541539ms] [ERROR] WebSocket connection to 'ws://localhost:8031/' failed: Error during WebSocket handshake: Unexpected response code: 403 @ http://localhost:5199/assets/stage-B4ZnF7Se.js:0
[ 2546889ms] [ERROR] WebSocket connection to 'ws://localhost:8031/' failed: Error during WebSocket handshake: Unexpected response code: 403 @ http://localhost:5199/assets/stage-B4ZnF7Se.js:0
[ 2551166ms] [ERROR] WebSocket connection to 'ws://localhost:8031/' failed: Error during WebSocket handshake: Unexpected response code: 403 @ http://localhost:5199/assets/stage-B4ZnF7Se.js:0
[ 2554652ms] [ERROR] WebSocket connection to 'ws://localhost:8031/' failed: Error during WebSocket handshake: Unexpected response code: 403 @ http://localhost:5199/assets/stage-B4ZnF7Se.js:0
[ 2558089ms] [ERROR] WebSocket connection to 'ws://localhost:8031/' failed: Error during WebSocket handshake: Unexpected response code: 403 @ http://localhost:5199/assets/stage-B4ZnF7Se.js:0
[ 2563539ms] [ERROR] WebSocket connection to 'ws://localhost:8031/' failed: Error during WebSocket handshake: Unexpected response code: 403 @ http://localhost:5199/assets/stage-B4ZnF7Se.js:0
[ 2567733ms] [ERROR] WebSocket connection to 'ws://localhost:8031/' failed: Error during WebSocket handshake: Unexpected response code: 403 @ http://localhost:5199/assets/stage-B4ZnF7Se.js:0
[ 2572060ms] [ERROR] WebSocket connection to 'ws://localhost:8031/' failed: Error during WebSocket handshake: Unexpected response code: 403 @ http://localhost:5199/assets/stage-B4ZnF7Se.js:0
[ 2575128ms] [ERROR] WebSocket connection to 'ws://localhost:8031/' failed: Error during WebSocket handshake: Unexpected response code: 403 @ http://localhost:5199/assets/stage-B4ZnF7Se.js:0
[ 2578201ms] [ERROR] WebSocket connection to 'ws://localhost:8031/' failed: Error during WebSocket handshake: Unexpected response code: 403 @ http://localhost:5199/assets/stage-B4ZnF7Se.js:0
[ 2581274ms] [ERROR] WebSocket connection to 'ws://localhost:8031/' failed: Error during WebSocket handshake: Unexpected response code: 403 @ http://localhost:5199/assets/stage-B4ZnF7Se.js:0
[ 2585192ms] [ERROR] WebSocket connection to 'ws://localhost:8031/' failed: Error during WebSocket handshake: Unexpected response code: 403 @ http://localhost:5199/assets/stage-B4ZnF7Se.js:0
[ 2590778ms] [ERROR] WebSocket connection to 'ws://localhost:8031/' failed: Error during WebSocket handshake: Unexpected response code: 403 @ http://localhost:5199/assets/stage-B4ZnF7Se.js:0
[ 2594153ms] [ERROR] WebSocket connection to 'ws://localhost:8031/' failed: Error during WebSocket handshake: Unexpected response code: 403 @ http://localhost:5199/assets/stage-B4ZnF7Se.js:0
[ 2599261ms] [ERROR] WebSocket connection to 'ws://localhost:8031/' failed: Error during WebSocket handshake: Unexpected response code: 403 @ http://localhost:5199/assets/stage-B4ZnF7Se.js:0
[ 2601903ms] [ERROR] WebSocket connection to 'ws://localhost:8031/' failed: Error during WebSocket handshake: Unexpected response code: 403 @ http://localhost:5199/assets/stage-B4ZnF7Se.js:0
[ 2607171ms] [ERROR] WebSocket connection to 'ws://localhost:8031/' failed: Error during WebSocket handshake: Unexpected response code: 403 @ http://localhost:5199/assets/stage-B4ZnF7Se.js:0
[ 2609879ms] [ERROR] WebSocket connection to 'ws://localhost:8031/' failed: Error during WebSocket handshake: Unexpected response code: 403 @ http://localhost:5199/assets/stage-B4ZnF7Se.js:0
[ 2616362ms] [ERROR] WebSocket connection to 'ws://localhost:8031/' failed: Error during WebSocket handshake: Unexpected response code: 403 @ http://localhost:5199/assets/stage-B4ZnF7Se.js:0
[ 2619704ms] [ERROR] WebSocket connection to 'ws://localhost:8031/' failed: Error during WebSocket handshake: Unexpected response code: 403 @ http://localhost:5199/assets/stage-B4ZnF7Se.js:0
[ 2622441ms] [ERROR] WebSocket connection to 'ws://localhost:8031/' failed: Error during WebSocket handshake: Unexpected response code: 403 @ http://localhost:5199/assets/stage-B4ZnF7Se.js:0
[ 2628606ms] [ERROR] WebSocket connection to 'ws://localhost:8031/' failed: Error during WebSocket handshake: Unexpected response code: 403 @ http://localhost:5199/assets/stage-B4ZnF7Se.js:0
[ 2634492ms] [ERROR] WebSocket connection to 'ws://localhost:8031/' failed: Error during WebSocket handshake: Unexpected response code: 403 @ http://localhost:5199/assets/stage-B4ZnF7Se.js:0
[ 2637555ms] [ERROR] WebSocket connection to 'ws://localhost:8031/' failed: Error during WebSocket handshake: Unexpected response code: 403 @ http://localhost:5199/assets/stage-B4ZnF7Se.js:0
[ 2642088ms] [ERROR] WebSocket connection to 'ws://localhost:8031/' failed: Error during WebSocket handshake: Unexpected response code: 403 @ http://localhost:5199/assets/stage-B4ZnF7Se.js:0
[ 2646583ms] [ERROR] WebSocket connection to 'ws://localhost:8031/' failed: Error during WebSocket handshake: Unexpected response code: 403 @ http://localhost:5199/assets/stage-B4ZnF7Se.js:0
[ 2652625ms] [ERROR] WebSocket connection to 'ws://localhost:8031/' failed: Error during WebSocket handshake: Unexpected response code: 403 @ http://localhost:5199/assets/stage-B4ZnF7Se.js:0
[ 2655500ms] [ERROR] WebSocket connection to 'ws://localhost:8031/' failed: Error during WebSocket handshake: Unexpected response code: 403 @ http://localhost:5199/assets/stage-B4ZnF7Se.js:0
[ 2661784ms] [ERROR] WebSocket connection to 'ws://localhost:8031/' failed: Error during WebSocket handshake: Unexpected response code: 403 @ http://localhost:5199/assets/stage-B4ZnF7Se.js:0
[ 2664700ms] [ERROR] WebSocket connection to 'ws://localhost:8031/' failed: Error during WebSocket handshake: Unexpected response code: 403 @ http://localhost:5199/assets/stage-B4ZnF7Se.js:0
[ 2670346ms] [ERROR] WebSocket connection to 'ws://localhost:8031/' failed: Error during WebSocket handshake: Unexpected response code: 403 @ http://localhost:5199/assets/stage-B4ZnF7Se.js:0
[ 2673020ms] [ERROR] WebSocket connection to 'ws://localhost:8031/' failed: Error during WebSocket handshake: Unexpected response code: 403 @ http://localhost:5199/assets/stage-B4ZnF7Se.js:0
[ 2676341ms] [ERROR] WebSocket connection to 'ws://localhost:8031/' failed: Error during WebSocket handshake: Unexpected response code: 403 @ http://localhost:5199/assets/stage-B4ZnF7Se.js:0
[ 2682672ms] [ERROR] WebSocket connection to 'ws://localhost:8031/' failed: Error during WebSocket handshake: Unexpected response code: 403 @ http://localhost:5199/assets/stage-B4ZnF7Se.js:0
[ 2685708ms] [ERROR] WebSocket connection to 'ws://localhost:8031/' failed: Error during WebSocket handshake: Unexpected response code: 403 @ http://localhost:5199/assets/stage-B4ZnF7Se.js:0
[ 2690739ms] [ERROR] WebSocket connection to 'ws://localhost:8031/' failed: Error during WebSocket handshake: Unexpected response code: 403 @ http://localhost:5199/assets/stage-B4ZnF7Se.js:0
[ 2696085ms] [ERROR] WebSocket connection to 'ws://localhost:8031/' failed: Error during WebSocket handshake: Unexpected response code: 403 @ http://localhost:5199/assets/stage-B4ZnF7Se.js:0
[ 2702050ms] [ERROR] WebSocket connection to 'ws://localhost:8031/' failed: Error during WebSocket handshake: Unexpected response code: 403 @ http://localhost:5199/assets/stage-B4ZnF7Se.js:0
[ 2707256ms] [ERROR] WebSocket connection to 'ws://localhost:8031/' failed: Error during WebSocket handshake: Unexpected response code: 403 @ http://localhost:5199/assets/stage-B4ZnF7Se.js:0
[ 2712422ms] [ERROR] WebSocket connection to 'ws://localhost:8031/' failed: Error during WebSocket handshake: Unexpected response code: 403 @ http://localhost:5199/assets/stage-B4ZnF7Se.js:0
[ 2715273ms] [ERROR] WebSocket connection to 'ws://localhost:8031/' failed: Error during WebSocket handshake: Unexpected response code: 403 @ http://localhost:5199/assets/stage-B4ZnF7Se.js:0
[ 2720981ms] [ERROR] WebSocket connection to 'ws://localhost:8031/' failed: Error during WebSocket handshake: Unexpected response code: 403 @ http://localhost:5199/assets/stage-B4ZnF7Se.js:0
[ 2726433ms] [ERROR] WebSocket connection to 'ws://localhost:8031/' failed: Error during WebSocket handshake: Unexpected response code: 403 @ http://localhost:5199/assets/stage-B4ZnF7Se.js:0
[ 2731676ms] [ERROR] WebSocket connection to 'ws://localhost:8031/' failed: Error during WebSocket handshake: Unexpected response code: 403 @ http://localhost:5199/assets/stage-B4ZnF7Se.js:0
[ 2737458ms] [ERROR] WebSocket connection to 'ws://localhost:8031/' failed: Error during WebSocket handshake: Unexpected response code: 403 @ http://localhost:5199/assets/stage-B4ZnF7Se.js:0
[ 2743439ms] [ERROR] WebSocket connection to 'ws://localhost:8031/' failed: Error during WebSocket handshake: Unexpected response code: 403 @ http://localhost:5199/assets/stage-B4ZnF7Se.js:0
[ 2747481ms] [ERROR] WebSocket connection to 'ws://localhost:8031/' failed: Error during WebSocket handshake: Unexpected response code: 403 @ http://localhost:5199/assets/stage-B4ZnF7Se.js:0
[ 2753376ms] [ERROR] WebSocket connection to 'ws://localhost:8031/' failed: Error during WebSocket handshake: Unexpected response code: 403 @ http://localhost:5199/assets/stage-B4ZnF7Se.js:0
[ 2757497ms] [ERROR] WebSocket connection to 'ws://localhost:8031/' failed: Error during WebSocket handshake: Unexpected response code: 403 @ http://localhost:5199/assets/stage-B4ZnF7Se.js:0
[ 2761602ms] [ERROR] WebSocket connection to 'ws://localhost:8031/' failed: Error during WebSocket handshake: Unexpected response code: 403 @ http://localhost:5199/assets/stage-B4ZnF7Se.js:0
[ 2768050ms] [ERROR] WebSocket connection to 'ws://localhost:8031/' failed: Error during WebSocket handshake: Unexpected response code: 403 @ http://localhost:5199/assets/stage-B4ZnF7Se.js:0
[ 2770804ms] [ERROR] WebSocket connection to 'ws://localhost:8031/' failed: Error during WebSocket handshake: Unexpected response code: 403 @ http://localhost:5199/assets/stage-B4ZnF7Se.js:0
[ 2776398ms] [ERROR] WebSocket connection to 'ws://localhost:8031/' failed: Error during WebSocket handshake: Unexpected response code: 403 @ http://localhost:5199/assets/stage-B4ZnF7Se.js:0
[ 2780436ms] [ERROR] WebSocket connection to 'ws://localhost:8031/' failed: Error during WebSocket handshake: Unexpected response code: 403 @ http://localhost:5199/assets/stage-B4ZnF7Se.js:0
[ 2784243ms] [ERROR] WebSocket connection to 'ws://localhost:8031/' failed: Error during WebSocket handshake: Unexpected response code: 403 @ http://localhost:5199/assets/stage-B4ZnF7Se.js:0
[ 2788806ms] [ERROR] WebSocket connection to 'ws://localhost:8031/' failed: Error during WebSocket handshake: Unexpected response code: 403 @ http://localhost:5199/assets/stage-B4ZnF7Se.js:0
[ 2793451ms] [ERROR] WebSocket connection to 'ws://localhost:8031/' failed: Error during WebSocket handshake: Unexpected response code: 403 @ http://localhost:5199/assets/stage-B4ZnF7Se.js:0
[ 2798769ms] [ERROR] WebSocket connection to 'ws://localhost:8031/' failed: Error during WebSocket handshake: Unexpected response code: 403 @ http://localhost:5199/assets/stage-B4ZnF7Se.js:0
[ 2802676ms] [ERROR] WebSocket connection to 'ws://localhost:8031/' failed: Error during WebSocket handshake: Unexpected response code: 403 @ http://localhost:5199/assets/stage-B4ZnF7Se.js:0
[ 2807634ms] [ERROR] WebSocket connection to 'ws://localhost:8031/' failed: Error during WebSocket handshake: Unexpected response code: 403 @ http://localhost:5199/assets/stage-B4ZnF7Se.js:0
[ 2813477ms] [ERROR] WebSocket connection to 'ws://localhost:8031/' failed: Error during WebSocket handshake: Unexpected response code: 403 @ http://localhost:5199/assets/stage-B4ZnF7Se.js:0
[ 2816847ms] [ERROR] WebSocket connection to 'ws://localhost:8031/' failed: Error during WebSocket handshake: Unexpected response code: 403 @ http://localhost:5199/assets/stage-B4ZnF7Se.js:0
[ 2820627ms] [ERROR] WebSocket connection to 'ws://localhost:8031/' failed: Error during WebSocket handshake: Unexpected response code: 403 @ http://localhost:5199/assets/stage-B4ZnF7Se.js:0
[ 2826540ms] [ERROR] WebSocket connection to 'ws://localhost:8031/' failed: Error during WebSocket handshake: Unexpected response code: 403 @ http://localhost:5199/assets/stage-B4ZnF7Se.js:0
[ 2830382ms] [ERROR] WebSocket connection to 'ws://localhost:8031/' failed: Error during WebSocket handshake: Unexpected response code: 403 @ http://localhost:5199/assets/stage-B4ZnF7Se.js:0
[ 2833719ms] [ERROR] WebSocket connection to 'ws://localhost:8031/' failed: Error during WebSocket handshake: Unexpected response code: 403 @ http://localhost:5199/assets/stage-B4ZnF7Se.js:0
[ 2837665ms] [ERROR] WebSocket connection to 'ws://localhost:8031/' failed: Error during WebSocket handshake: Unexpected response code: 403 @ http://localhost:5199/assets/stage-B4ZnF7Se.js:0
[ 2840948ms] [ERROR] WebSocket connection to 'ws://localhost:8031/' failed: Error during WebSocket handshake: Unexpected response code: 403 @ http://localhost:5199/assets/stage-B4ZnF7Se.js:0
[ 2847304ms] [ERROR] WebSocket connection to 'ws://localhost:8031/' failed: Error during WebSocket handshake: Unexpected response code: 403 @ http://localhost:5199/assets/stage-B4ZnF7Se.js:0
[ 2853282ms] [ERROR] WebSocket connection to 'ws://localhost:8031/' failed: Error during WebSocket handshake: Unexpected response code: 403 @ http://localhost:5199/assets/stage-B4ZnF7Se.js:0
[ 2856351ms] [ERROR] WebSocket connection to 'ws://localhost:8031/' failed: Error during WebSocket handshake: Unexpected response code: 403 @ http://localhost:5199/assets/stage-B4ZnF7Se.js:0
[ 2862579ms] [ERROR] WebSocket connection to 'ws://localhost:8031/' failed: Error during WebSocket handshake: Unexpected response code: 403 @ http://localhost:5199/assets/stage-B4ZnF7Se.js:0
[ 2868851ms] [ERROR] WebSocket connection to 'ws://localhost:8031/' failed: Error during WebSocket handshake: Unexpected response code: 403 @ http://localhost:5199/assets/stage-B4ZnF7Se.js:0
[ 2873072ms] [ERROR] WebSocket connection to 'ws://localhost:8031/' failed: Error during WebSocket handshake: Unexpected response code: 403 @ http://localhost:5199/assets/stage-B4ZnF7Se.js:0
[ 2878431ms] [ERROR] WebSocket connection to 'ws://localhost:8031/' failed: Error during WebSocket handshake: Unexpected response code: 403 @ http://localhost:5199/assets/stage-B4ZnF7Se.js:0
[ 2883329ms] [ERROR] WebSocket connection to 'ws://localhost:8031/' failed: Error during WebSocket handshake: Unexpected response code: 403 @ http://localhost:5199/assets/stage-B4ZnF7Se.js:0
[ 2889641ms] [ERROR] WebSocket connection to 'ws://localhost:8031/' failed: Error during WebSocket handshake: Unexpected response code: 403 @ http://localhost:5199/assets/stage-B4ZnF7Se.js:0
[ 2893933ms] [ERROR] WebSocket connection to 'ws://localhost:8031/' failed: Error during WebSocket handshake: Unexpected response code: 403 @ http://localhost:5199/assets/stage-B4ZnF7Se.js:0
[ 2897640ms] [ERROR] WebSocket connection to 'ws://localhost:8031/' failed: Error during WebSocket handshake: Unexpected response code: 403 @ http://localhost:5199/assets/stage-B4ZnF7Se.js:0
[ 2903311ms] [ERROR] WebSocket connection to 'ws://localhost:8031/' failed: Error during WebSocket handshake: Unexpected response code: 403 @ http://localhost:5199/assets/stage-B4ZnF7Se.js:0
[ 2909740ms] [ERROR] WebSocket connection to 'ws://localhost:8031/' failed: Error during WebSocket handshake: Unexpected response code: 403 @ http://localhost:5199/assets/stage-B4ZnF7Se.js:0
[ 2914795ms] [ERROR] WebSocket connection to 'ws://localhost:8031/' failed: Error during WebSocket handshake: Unexpected response code: 403 @ http://localhost:5199/assets/stage-B4ZnF7Se.js:0
[ 2920433ms] [ERROR] WebSocket connection to 'ws://localhost:8031/' failed: Error during WebSocket handshake: Unexpected response code: 403 @ http://localhost:5199/assets/stage-B4ZnF7Se.js:0
[ 2925733ms] [ERROR] WebSocket connection to 'ws://localhost:8031/' failed: Error during WebSocket handshake: Unexpected response code: 403 @ http://localhost:5199/assets/stage-B4ZnF7Se.js:0
[ 2931529ms] [ERROR] WebSocket connection to 'ws://localhost:8031/' failed: Error during WebSocket handshake: Unexpected response code: 403 @ http://localhost:5199/assets/stage-B4ZnF7Se.js:0
[ 2935536ms] [ERROR] WebSocket connection to 'ws://localhost:8031/' failed: Error in connection establishment: net::ERR_CONNECTION_REFUSED @ http://localhost:5199/assets/stage-B4ZnF7Se.js:0
[ 2939115ms] [ERROR] WebSocket connection to 'ws://localhost:8031/' failed: Error in connection establishment: net::ERR_CONNECTION_REFUSED @ http://localhost:5199/assets/stage-B4ZnF7Se.js:0
[ 2942263ms] [ERROR] WebSocket connection to 'ws://localhost:8031/' failed: Error in connection establishment: net::ERR_CONNECTION_REFUSED @ http://localhost:5199/assets/stage-B4ZnF7Se.js:0
[ 2946015ms] [ERROR] WebSocket connection to 'ws://localhost:8031/' failed: Error in connection establishment: net::ERR_CONNECTION_REFUSED @ http://localhost:5199/assets/stage-B4ZnF7Se.js:0
[ 2949803ms] [ERROR] WebSocket connection to 'ws://localhost:8031/' failed: Error in connection establishment: net::ERR_CONNECTION_REFUSED @ http://localhost:5199/assets/stage-B4ZnF7Se.js:0
[ 2953804ms] [ERROR] WebSocket connection to 'ws://localhost:8031/' failed: Error in connection establishment: net::ERR_CONNECTION_REFUSED @ http://localhost:5199/assets/stage-B4ZnF7Se.js:0
[ 2958720ms] [ERROR] WebSocket connection to 'ws://localhost:8031/' failed: Error in connection establishment: net::ERR_CONNECTION_REFUSED @ http://localhost:5199/assets/stage-B4ZnF7Se.js:0
[ 2962323ms] [ERROR] WebSocket connection to 'ws://localhost:8031/' failed: Error in connection establishment: net::ERR_CONNECTION_REFUSED @ http://localhost:5199/assets/stage-B4ZnF7Se.js:0
[ 2966996ms] [ERROR] WebSocket connection to 'ws://localhost:8031/' failed: Error in connection establishment: net::ERR_CONNECTION_REFUSED @ http://localhost:5199/assets/stage-B4ZnF7Se.js:0
[ 2971232ms] [ERROR] WebSocket connection to 'ws://localhost:8031/' failed: Error during WebSocket handshake: Unexpected response code: 403 @ http://localhost:5199/assets/stage-B4ZnF7Se.js:0
[ 2974324ms] [ERROR] WebSocket connection to 'ws://localhost:8031/' failed: Error during WebSocket handshake: Unexpected response code: 403 @ http://localhost:5199/assets/stage-B4ZnF7Se.js:0
[ 2978366ms] [ERROR] WebSocket connection to 'ws://localhost:8031/' failed: Error during WebSocket handshake: Unexpected response code: 403 @ http://localhost:5199/assets/stage-B4ZnF7Se.js:0
[ 2983646ms] [ERROR] WebSocket connection to 'ws://localhost:8031/' failed: Error during WebSocket handshake: Unexpected response code: 403 @ http://localhost:5199/assets/stage-B4ZnF7Se.js:0
[ 2988066ms] [ERROR] WebSocket connection to 'ws://localhost:8031/' failed: Error during WebSocket handshake: Unexpected response code: 403 @ http://localhost:5199/assets/stage-B4ZnF7Se.js:0
[ 2990878ms] [ERROR] WebSocket connection to 'ws://localhost:8031/' failed: Error during WebSocket handshake: Unexpected response code: 403 @ http://localhost:5199/assets/stage-B4ZnF7Se.js:0
[ 2996847ms] [ERROR] WebSocket connection to 'ws://localhost:8031/' failed: Error during WebSocket handshake: Unexpected response code: 403 @ http://localhost:5199/assets/stage-B4ZnF7Se.js:0
[ 3003034ms] [ERROR] WebSocket connection to 'ws://localhost:8031/' failed: Error during WebSocket handshake: Unexpected response code: 403 @ http://localhost:5199/assets/stage-B4ZnF7Se.js:0
[ 3006524ms] [ERROR] WebSocket connection to 'ws://localhost:8031/' failed: Error during WebSocket handshake: Unexpected response code: 403 @ http://localhost:5199/assets/stage-B4ZnF7Se.js:0
[ 3011682ms] [ERROR] WebSocket connection to 'ws://localhost:8031/' failed: Error during WebSocket handshake: Unexpected response code: 403 @ http://localhost:5199/assets/stage-B4ZnF7Se.js:0
[ 3018168ms] [ERROR] WebSocket connection to 'ws://localhost:8031/' failed: Error during WebSocket handshake: Unexpected response code: 403 @ http://localhost:5199/assets/stage-B4ZnF7Se.js:0
[ 3024367ms] [ERROR] WebSocket connection to 'ws://localhost:8031/' failed: Error during WebSocket handshake: Unexpected response code: 403 @ http://localhost:5199/assets/stage-B4ZnF7Se.js:0
[ 3028246ms] [ERROR] WebSocket connection to 'ws://localhost:8031/' failed: Error during WebSocket handshake: Unexpected response code: 403 @ http://localhost:5199/assets/stage-B4ZnF7Se.js:0
[ 3031964ms] [ERROR] WebSocket connection to 'ws://localhost:8031/' failed: Error during WebSocket handshake: Unexpected response code: 403 @ http://localhost:5199/assets/stage-B4ZnF7Se.js:0
[ 3037685ms] [ERROR] WebSocket connection to 'ws://localhost:8031/' failed: Error during WebSocket handshake: Unexpected response code: 403 @ http://localhost:5199/assets/stage-B4ZnF7Se.js:0
[ 3041379ms] [ERROR] WebSocket connection to 'ws://localhost:8031/' failed: Error during WebSocket handshake: Unexpected response code: 403 @ http://localhost:5199/assets/stage-B4ZnF7Se.js:0
[ 3046619ms] [ERROR] WebSocket connection to 'ws://localhost:8031/' failed: Error during WebSocket handshake: Unexpected response code: 403 @ http://localhost:5199/assets/stage-B4ZnF7Se.js:0
[ 3049665ms] [ERROR] WebSocket connection to 'ws://localhost:8031/' failed: Error during WebSocket handshake: Unexpected response code: 403 @ http://localhost:5199/assets/stage-B4ZnF7Se.js:0
[ 3053163ms] [ERROR] WebSocket connection to 'ws://localhost:8031/' failed: Error during WebSocket handshake: Unexpected response code: 403 @ http://localhost:5199/assets/stage-B4ZnF7Se.js:0
[ 3057330ms] [ERROR] WebSocket connection to 'ws://localhost:8031/' failed: Error during WebSocket handshake: Unexpected response code: 403 @ http://localhost:5199/assets/stage-B4ZnF7Se.js:0
[ 3062288ms] [ERROR] WebSocket connection to 'ws://localhost:8031/' failed: Error during WebSocket handshake: Unexpected response code: 403 @ http://localhost:5199/assets/stage-B4ZnF7Se.js:0
[ 3065234ms] [ERROR] WebSocket connection to 'ws://localhost:8031/' failed: Error during WebSocket handshake: Unexpected response code: 403 @ http://localhost:5199/assets/stage-B4ZnF7Se.js:0
[ 3070392ms] [ERROR] WebSocket connection to 'ws://localhost:8031/' failed: Error during WebSocket handshake: Unexpected response code: 403 @ http://localhost:5199/assets/stage-B4ZnF7Se.js:0
[ 3072914ms] [ERROR] WebSocket connection to 'ws://localhost:8031/' failed: Error during WebSocket handshake: Unexpected response code: 403 @ http://localhost:5199/assets/stage-B4ZnF7Se.js:0
[ 3078112ms] [ERROR] WebSocket connection to 'ws://localhost:8031/' failed: Error during WebSocket handshake: Unexpected response code: 403 @ http://localhost:5199/assets/stage-B4ZnF7Se.js:0
[ 3084343ms] [ERROR] WebSocket connection to 'ws://localhost:8031/' failed: Error during WebSocket handshake: Unexpected response code: 403 @ http://localhost:5199/assets/stage-B4ZnF7Se.js:0
[ 3087732ms] [ERROR] WebSocket connection to 'ws://localhost:8031/' failed: Error during WebSocket handshake: Unexpected response code: 403 @ http://localhost:5199/assets/stage-B4ZnF7Se.js:0
[ 3093727ms] [ERROR] WebSocket connection to 'ws://localhost:8031/' failed: Error during WebSocket handshake: Unexpected response code: 403 @ http://localhost:5199/assets/stage-B4ZnF7Se.js:0
[ 3099559ms] [ERROR] WebSocket connection to 'ws://localhost:8031/' failed: Error during WebSocket handshake: Unexpected response code: 403 @ http://localhost:5199/assets/stage-B4ZnF7Se.js:0
[ 3105966ms] [ERROR] WebSocket connection to 'ws://localhost:8031/' failed: Error during WebSocket handshake: Unexpected response code: 403 @ http://localhost:5199/assets/stage-B4ZnF7Se.js:0
[ 3108897ms] [ERROR] WebSocket connection to 'ws://localhost:8031/' failed: Error during WebSocket handshake: Unexpected response code: 403 @ http://localhost:5199/assets/stage-B4ZnF7Se.js:0
[ 3112830ms] [ERROR] WebSocket connection to 'ws://localhost:8031/' failed: Error during WebSocket handshake: Unexpected response code: 403 @ http://localhost:5199/assets/stage-B4ZnF7Se.js:0
[ 3118180ms] [ERROR] WebSocket connection to 'ws://localhost:8031/' failed: Error during WebSocket handshake: Unexpected response code: 403 @ http://localhost:5199/assets/stage-B4ZnF7Se.js:0
[ 3123196ms] [ERROR] WebSocket connection to 'ws://localhost:8031/' failed: Error during WebSocket handshake: Unexpected response code: 403 @ http://localhost:5199/assets/stage-B4ZnF7Se.js:0
[ 3128801ms] [ERROR] WebSocket connection to 'ws://localhost:8031/' failed: Error during WebSocket handshake: Unexpected response code: 403 @ http://localhost:5199/assets/stage-B4ZnF7Se.js:0
[ 3133772ms] [ERROR] WebSocket connection to 'ws://localhost:8031/' failed: Error during WebSocket handshake: Unexpected response code: 403 @ http://localhost:5199/assets/stage-B4ZnF7Se.js:0
[ 3140051ms] [ERROR] WebSocket connection to 'ws://localhost:8031/' failed: Error during WebSocket handshake: Unexpected response code: 403 @ http://localhost:5199/assets/stage-B4ZnF7Se.js:0
[ 3146298ms] [ERROR] WebSocket connection to 'ws://localhost:8031/' failed: Error during WebSocket handshake: Unexpected response code: 403 @ http://localhost:5199/assets/stage-B4ZnF7Se.js:0
[ 3150422ms] [ERROR] WebSocket connection to 'ws://localhost:8031/' failed: Error during WebSocket handshake: Unexpected response code: 403 @ http://localhost:5199/assets/stage-B4ZnF7Se.js:0
[ 3155788ms] [ERROR] WebSocket connection to 'ws://localhost:8031/' failed: Error during WebSocket handshake: Unexpected response code: 403 @ http://localhost:5199/assets/stage-B4ZnF7Se.js:0
[ 3160288ms] [ERROR] WebSocket connection to 'ws://localhost:8031/' failed: Error during WebSocket handshake: Unexpected response code: 403 @ http://localhost:5199/assets/stage-B4ZnF7Se.js:0
[ 3164108ms] [ERROR] WebSocket connection to 'ws://localhost:8031/' failed: Error during WebSocket handshake: Unexpected response code: 403 @ http://localhost:5199/assets/stage-B4ZnF7Se.js:0
[ 3170572ms] [ERROR] WebSocket connection to 'ws://localhost:8031/' failed: Error during WebSocket handshake: Unexpected response code: 403 @ http://localhost:5199/assets/stage-B4ZnF7Se.js:0
[ 3177025ms] [ERROR] WebSocket connection to 'ws://localhost:8031/' failed: Error during WebSocket handshake: Unexpected response code: 403 @ http://localhost:5199/assets/stage-B4ZnF7Se.js:0
[ 3180739ms] [ERROR] WebSocket connection to 'ws://localhost:8031/' failed: Error during WebSocket handshake: Unexpected response code: 403 @ http://localhost:5199/assets/stage-B4ZnF7Se.js:0
[ 3187166ms] [ERROR] WebSocket connection to 'ws://localhost:8031/' failed: Error during WebSocket handshake: Unexpected response code: 403 @ http://localhost:5199/assets/stage-B4ZnF7Se.js:0
[ 3191925ms] [ERROR] WebSocket connection to 'ws://localhost:8031/' failed: Error during WebSocket handshake: Unexpected response code: 403 @ http://localhost:5199/assets/stage-B4ZnF7Se.js:0
[ 3195621ms] [ERROR] WebSocket connection to 'ws://localhost:8031/' failed: Error during WebSocket handshake: Unexpected response code: 403 @ http://localhost:5199/assets/stage-B4ZnF7Se.js:0
[ 3198555ms] [ERROR] WebSocket connection to 'ws://localhost:8031/' failed: Error during WebSocket handshake: Unexpected response code: 403 @ http://localhost:5199/assets/stage-B4ZnF7Se.js:0
[ 3204044ms] [ERROR] WebSocket connection to 'ws://localhost:8031/' failed: Error during WebSocket handshake: Unexpected response code: 403 @ http://localhost:5199/assets/stage-B4ZnF7Se.js:0
[ 3210552ms] [ERROR] WebSocket connection to 'ws://localhost:8031/' failed: Error during WebSocket handshake: Unexpected response code: 403 @ http://localhost:5199/assets/stage-B4ZnF7Se.js:0
[ 3216708ms] [ERROR] WebSocket connection to 'ws://localhost:8031/' failed: Error during WebSocket handshake: Unexpected response code: 403 @ http://localhost:5199/assets/stage-B4ZnF7Se.js:0
[ 3222852ms] [ERROR] WebSocket connection to 'ws://localhost:8031/' failed: Error in connection establishment: net::ERR_CONNECTION_REFUSED @ http://localhost:5199/assets/stage-B4ZnF7Se.js:0
[ 3226089ms] [ERROR] WebSocket connection to 'ws://localhost:8031/' failed: Error in connection establishment: net::ERR_CONNECTION_REFUSED @ http://localhost:5199/assets/stage-B4ZnF7Se.js:0
[ 3228610ms] [ERROR] WebSocket connection to 'ws://localhost:8031/' failed: Error in connection establishment: net::ERR_CONNECTION_REFUSED @ http://localhost:5199/assets/stage-B4ZnF7Se.js:0
[ 3232454ms] [ERROR] WebSocket connection to 'ws://localhost:8031/' failed: Error during WebSocket handshake: Unexpected response code: 403 @ http://localhost:5199/assets/stage-B4ZnF7Se.js:0
[ 3238499ms] [ERROR] WebSocket connection to 'ws://localhost:8031/' failed: Error during WebSocket handshake: Unexpected response code: 403 @ http://localhost:5199/assets/stage-B4ZnF7Se.js:0
[ 3242078ms] [ERROR] WebSocket connection to 'ws://localhost:8031/' failed: Error during WebSocket handshake: Unexpected response code: 403 @ http://localhost:5199/assets/stage-B4ZnF7Se.js:0
[ 3246384ms] [ERROR] WebSocket connection to 'ws://localhost:8031/' failed: Error during WebSocket handshake: Unexpected response code: 403 @ http://localhost:5199/assets/stage-B4ZnF7Se.js:0
[ 3251930ms] [ERROR] WebSocket connection to 'ws://localhost:8031/' failed: Error during WebSocket handshake: Unexpected response code: 403 @ http://localhost:5199/assets/stage-B4ZnF7Se.js:0
[ 3254891ms] [ERROR] WebSocket connection to 'ws://localhost:8031/' failed: Error during WebSocket handshake: Unexpected response code: 403 @ http://localhost:5199/assets/stage-B4ZnF7Se.js:0
[ 3257564ms] [ERROR] WebSocket connection to 'ws://localhost:8031/' failed: Error during WebSocket handshake: Unexpected response code: 403 @ http://localhost:5199/assets/stage-B4ZnF7Se.js:0
[ 3262509ms] [ERROR] WebSocket connection to 'ws://localhost:8031/' failed: Error during WebSocket handshake: Unexpected response code: 403 @ http://localhost:5199/assets/stage-B4ZnF7Se.js:0
[ 3266188ms] [ERROR] WebSocket connection to 'ws://localhost:8031/' failed: Error during WebSocket handshake: Unexpected response code: 403 @ http://localhost:5199/assets/stage-B4ZnF7Se.js:0
[ 3270115ms] [ERROR] WebSocket connection to 'ws://localhost:8031/' failed: Error during WebSocket handshake: Unexpected response code: 403 @ http://localhost:5199/assets/stage-B4ZnF7Se.js:0
[ 3275471ms] [ERROR] WebSocket connection to 'ws://localhost:8031/' failed: Error during WebSocket handshake: Unexpected response code: 403 @ http://localhost:5199/assets/stage-B4ZnF7Se.js:0
[ 3278333ms] [ERROR] WebSocket connection to 'ws://localhost:8031/' failed: Error during WebSocket handshake: Unexpected response code: 403 @ http://localhost:5199/assets/stage-B4ZnF7Se.js:0
[ 3281260ms] [ERROR] WebSocket connection to 'ws://localhost:8031/' failed: Error during WebSocket handshake: Unexpected response code: 403 @ http://localhost:5199/assets/stage-B4ZnF7Se.js:0
[ 3285526ms] [ERROR] WebSocket connection to 'ws://localhost:8031/' failed: Error during WebSocket handshake: Unexpected response code: 403 @ http://localhost:5199/assets/stage-B4ZnF7Se.js:0
[ 3290022ms] [ERROR] WebSocket connection to 'ws://localhost:8031/' failed: Error during WebSocket handshake: Unexpected response code: 403 @ http://localhost:5199/assets/stage-B4ZnF7Se.js:0
[ 3293453ms] [ERROR] WebSocket connection to 'ws://localhost:8031/' failed: Error during WebSocket handshake: Unexpected response code: 403 @ http://localhost:5199/assets/stage-B4ZnF7Se.js:0
[ 3298400ms] [ERROR] WebSocket connection to 'ws://localhost:8031/' failed: Error during WebSocket handshake: Unexpected response code: 403 @ http://localhost:5199/assets/stage-B4ZnF7Se.js:0
[ 3302895ms] [ERROR] WebSocket connection to 'ws://localhost:8031/' failed: Error during WebSocket handshake: Unexpected response code: 403 @ http://localhost:5199/assets/stage-B4ZnF7Se.js:0
[ 3306156ms] [ERROR] WebSocket connection to 'ws://localhost:8031/' failed: Error during WebSocket handshake: Unexpected response code: 403 @ http://localhost:5199/assets/stage-B4ZnF7Se.js:0
[ 3310879ms] [ERROR] WebSocket connection to 'ws://localhost:8031/' failed: Error during WebSocket handshake: Unexpected response code: 403 @ http://localhost:5199/assets/stage-B4ZnF7Se.js:0
[ 3314030ms] [ERROR] WebSocket connection to 'ws://localhost:8031/' failed: Error during WebSocket handshake: Unexpected response code: 403 @ http://localhost:5199/assets/stage-B4ZnF7Se.js:0
[ 3318312ms] [ERROR] WebSocket connection to 'ws://localhost:8031/' failed: Error during WebSocket handshake: Unexpected response code: 403 @ http://localhost:5199/assets/stage-B4ZnF7Se.js:0
[ 3323696ms] [ERROR] WebSocket connection to 'ws://localhost:8031/' failed: Error during WebSocket handshake: Unexpected response code: 403 @ http://localhost:5199/assets/stage-B4ZnF7Se.js:0
[ 3329350ms] [ERROR] WebSocket connection to 'ws://localhost:8031/' failed: Error during WebSocket handshake: Unexpected response code: 403 @ http://localhost:5199/assets/stage-B4ZnF7Se.js:0
[ 3334453ms] [ERROR] WebSocket connection to 'ws://localhost:8031/' failed: Error during WebSocket handshake: Unexpected response code: 403 @ http://localhost:5199/assets/stage-B4ZnF7Se.js:0
[ 3337125ms] [ERROR] WebSocket connection to 'ws://localhost:8031/' failed: Error during WebSocket handshake: Unexpected response code: 403 @ http://localhost:5199/assets/stage-B4ZnF7Se.js:0
[ 3341350ms] [ERROR] WebSocket connection to 'ws://localhost:8031/' failed: Error during WebSocket handshake: Unexpected response code: 403 @ http://localhost:5199/assets/stage-B4ZnF7Se.js:0
[ 3346250ms] [ERROR] WebSocket connection to 'ws://localhost:8031/' failed: Error during WebSocket handshake: Unexpected response code: 403 @ http://localhost:5199/assets/stage-B4ZnF7Se.js:0
[ 3351395ms] [ERROR] WebSocket connection to 'ws://localhost:8031/' failed: Error during WebSocket handshake: Unexpected response code: 403 @ http://localhost:5199/assets/stage-B4ZnF7Se.js:0
[ 3355171ms] [ERROR] WebSocket connection to 'ws://localhost:8031/' failed: Error during WebSocket handshake: Unexpected response code: 403 @ http://localhost:5199/assets/stage-B4ZnF7Se.js:0
[ 3357715ms] [ERROR] WebSocket connection to 'ws://localhost:8031/' failed: Error during WebSocket handshake: Unexpected response code: 403 @ http://localhost:5199/assets/stage-B4ZnF7Se.js:0
[ 3363377ms] [ERROR] WebSocket connection to 'ws://localhost:8031/' failed: Error during WebSocket handshake: Unexpected response code: 403 @ http://localhost:5199/assets/stage-B4ZnF7Se.js:0
[ 3368872ms] [ERROR] WebSocket connection to 'ws://localhost:8031/' failed: Error during WebSocket handshake: Unexpected response code: 403 @ http://localhost:5199/assets/stage-B4ZnF7Se.js:0
[ 3375046ms] [ERROR] WebSocket connection to 'ws://localhost:8031/' failed: Error during WebSocket handshake: Unexpected response code: 403 @ http://localhost:5199/assets/stage-B4ZnF7Se.js:0
[ 3381331ms] [ERROR] WebSocket connection to 'ws://localhost:8031/' failed: Error during WebSocket handshake: Unexpected response code: 403 @ http://localhost:5199/assets/stage-B4ZnF7Se.js:0
[ 3387453ms] [ERROR] WebSocket connection to 'ws://localhost:8031/' failed: Error during WebSocket handshake: Unexpected response code: 403 @ http://localhost:5199/assets/stage-B4ZnF7Se.js:0
[ 3393723ms] [ERROR] WebSocket connection to 'ws://localhost:8031/' failed: Error during WebSocket handshake: Unexpected response code: 403 @ http://localhost:5199/assets/stage-B4ZnF7Se.js:0
[ 3400168ms] [ERROR] WebSocket connection to 'ws://localhost:8031/' failed: Error during WebSocket handshake: Unexpected response code: 403 @ http://localhost:5199/assets/stage-B4ZnF7Se.js:0
[ 3402992ms] [ERROR] WebSocket connection to 'ws://localhost:8031/' failed: Error during WebSocket handshake: Unexpected response code: 403 @ http://localhost:5199/assets/stage-B4ZnF7Se.js:0
[ 3408175ms] [ERROR] WebSocket connection to 'ws://localhost:8031/' failed: Error during WebSocket handshake: Unexpected response code: 403 @ http://localhost:5199/assets/stage-B4ZnF7Se.js:0
[ 3411518ms] [ERROR] WebSocket connection to 'ws://localhost:8031/' failed: Error during WebSocket handshake: Unexpected response code: 403 @ http://localhost:5199/assets/stage-B4ZnF7Se.js:0
[ 3414401ms] [ERROR] WebSocket connection to 'ws://localhost:8031/' failed: Error during WebSocket handshake: Unexpected response code: 403 @ http://localhost:5199/assets/stage-B4ZnF7Se.js:0
[ 3420489ms] [ERROR] WebSocket connection to 'ws://localhost:8031/' failed: Error during WebSocket handshake: Unexpected response code: 403 @ http://localhost:5199/assets/stage-B4ZnF7Se.js:0
[ 3425355ms] [ERROR] WebSocket connection to 'ws://localhost:8031/' failed: Error during WebSocket handshake: Unexpected response code: 403 @ http://localhost:5199/assets/stage-B4ZnF7Se.js:0
[ 3431659ms] [ERROR] WebSocket connection to 'ws://localhost:8031/' failed: Error during WebSocket handshake: Unexpected response code: 403 @ http://localhost:5199/assets/stage-B4ZnF7Se.js:0
[ 3437529ms] [ERROR] WebSocket connection to 'ws://localhost:8031/' failed: Error during WebSocket handshake: Unexpected response code: 403 @ http://localhost:5199/assets/stage-B4ZnF7Se.js:0
[ 3440170ms] [ERROR] WebSocket connection to 'ws://localhost:8031/' failed: Error during WebSocket handshake: Unexpected response code: 403 @ http://localhost:5199/assets/stage-B4ZnF7Se.js:0
[ 3444308ms] [ERROR] WebSocket connection to 'ws://localhost:8031/' failed: Error during WebSocket handshake: Unexpected response code: 403 @ http://localhost:5199/assets/stage-B4ZnF7Se.js:0
[ 3446942ms] [ERROR] WebSocket connection to 'ws://localhost:8031/' failed: Error during WebSocket handshake: Unexpected response code: 403 @ http://localhost:5199/assets/stage-B4ZnF7Se.js:0
[ 3453019ms] [ERROR] WebSocket connection to 'ws://localhost:8031/' failed: Error during WebSocket handshake: Unexpected response code: 403 @ http://localhost:5199/assets/stage-B4ZnF7Se.js:0
[ 3458277ms] [ERROR] WebSocket connection to 'ws://localhost:8031/' failed: Error during WebSocket handshake: Unexpected response code: 403 @ http://localhost:5199/assets/stage-B4ZnF7Se.js:0
[ 3463253ms] [ERROR] WebSocket connection to 'ws://localhost:8031/' failed: Error during WebSocket handshake: Unexpected response code: 403 @ http://localhost:5199/assets/stage-B4ZnF7Se.js:0
[ 3468773ms] [ERROR] WebSocket connection to 'ws://localhost:8031/' failed: Error during WebSocket handshake: Unexpected response code: 403 @ http://localhost:5199/assets/stage-B4ZnF7Se.js:0
[ 3472577ms] [ERROR] WebSocket connection to 'ws://localhost:8031/' failed: Error during WebSocket handshake: Unexpected response code: 403 @ http://localhost:5199/assets/stage-B4ZnF7Se.js:0
[ 3476395ms] [ERROR] WebSocket connection to 'ws://localhost:8031/' failed: Error during WebSocket handshake: Unexpected response code: 403 @ http://localhost:5199/assets/stage-B4ZnF7Se.js:0
[ 3480408ms] [ERROR] WebSocket connection to 'ws://localhost:8031/' failed: Error during WebSocket handshake: Unexpected response code: 403 @ http://localhost:5199/assets/stage-B4ZnF7Se.js:0
[ 3483248ms] [ERROR] WebSocket connection to 'ws://localhost:8031/' failed: Error during WebSocket handshake: Unexpected response code: 403 @ http://localhost:5199/assets/stage-B4ZnF7Se.js:0
[ 3487127ms] [ERROR] WebSocket connection to 'ws://localhost:8031/' failed: Error during WebSocket handshake: Unexpected response code: 403 @ http://localhost:5199/assets/stage-B4ZnF7Se.js:0
[ 3490587ms] [ERROR] WebSocket connection to 'ws://localhost:8031/' failed: Error during WebSocket handshake: Unexpected response code: 403 @ http://localhost:5199/assets/stage-B4ZnF7Se.js:0
[ 3495397ms] [ERROR] WebSocket connection to 'ws://localhost:8031/' failed: Error during WebSocket handshake: Unexpected response code: 403 @ http://localhost:5199/assets/stage-B4ZnF7Se.js:0
[ 3498603ms] [ERROR] WebSocket connection to 'ws://localhost:8031/' failed: Error during WebSocket handshake: Unexpected response code: 403 @ http://localhost:5199/assets/stage-B4ZnF7Se.js:0
[ 3503192ms] [ERROR] WebSocket connection to 'ws://localhost:8031/' failed: Error during WebSocket handshake: Unexpected response code: 403 @ http://localhost:5199/assets/stage-B4ZnF7Se.js:0
[ 3507381ms] [ERROR] WebSocket connection to 'ws://localhost:8031/' failed: Error during WebSocket handshake: Unexpected response code: 403 @ http://localhost:5199/assets/stage-B4ZnF7Se.js:0
[ 3511427ms] [ERROR] WebSocket connection to 'ws://localhost:8031/' failed: Error during WebSocket handshake: Unexpected response code: 403 @ http://localhost:5199/assets/stage-B4ZnF7Se.js:0
[ 3514299ms] [ERROR] WebSocket connection to 'ws://localhost:8031/' failed: Error during WebSocket handshake: Unexpected response code: 403 @ http://localhost:5199/assets/stage-B4ZnF7Se.js:0
[ 3517674ms] [ERROR] WebSocket connection to 'ws://localhost:8031/' failed: Error during WebSocket handshake: Unexpected response code: 403 @ http://localhost:5199/assets/stage-B4ZnF7Se.js:0
[ 3523510ms] [ERROR] WebSocket connection to 'ws://localhost:8031/' failed: Error during WebSocket handshake: Unexpected response code: 403 @ http://localhost:5199/assets/stage-B4ZnF7Se.js:0
[ 3529618ms] [ERROR] WebSocket connection to 'ws://localhost:8031/' failed: Error during WebSocket handshake: Unexpected response code: 403 @ http://localhost:5199/assets/stage-B4ZnF7Se.js:0
[ 3534467ms] [ERROR] WebSocket connection to 'ws://localhost:8031/' failed: Error during WebSocket handshake: Unexpected response code: 403 @ http://localhost:5199/assets/stage-B4ZnF7Se.js:0
[ 3538934ms] [ERROR] WebSocket connection to 'ws://localhost:8031/' failed: Error during WebSocket handshake: Unexpected response code: 403 @ http://localhost:5199/assets/stage-B4ZnF7Se.js:0
[ 3543924ms] [ERROR] WebSocket connection to 'ws://localhost:8031/' failed: Error during WebSocket handshake: Unexpected response code: 403 @ http://localhost:5199/assets/stage-B4ZnF7Se.js:0
[ 3548690ms] [ERROR] WebSocket connection to 'ws://localhost:8031/' failed: Error during WebSocket handshake: Unexpected response code: 403 @ http://localhost:5199/assets/stage-B4ZnF7Se.js:0
[ 3550193ms] [ERROR] WebSocket connection to 'ws://localhost:8031/' failed: Error during WebSocket handshake: Unexpected response code: 403 @ http://localhost:5199/assets/stage-B4ZnF7Se.js:0
[ 3551698ms] [ERROR] WebSocket connection to 'ws://localhost:8031/' failed: Error during WebSocket handshake: Unexpected response code: 403 @ http://localhost:5199/assets/stage-B4ZnF7Se.js:0
[ 3553201ms] [ERROR] WebSocket connection to 'ws://localhost:8031/' failed: Error during WebSocket handshake: Unexpected response code: 403 @ http://localhost:5199/assets/stage-B4ZnF7Se.js:0
[ 3554706ms] [ERROR] WebSocket connection to 'ws://localhost:8031/' failed: Error during WebSocket handshake: Unexpected response code: 403 @ http://localhost:5199/assets/stage-B4ZnF7Se.js:0
[ 3556213ms] [ERROR] WebSocket connection to 'ws://localhost:8031/' failed: Error during WebSocket handshake: Unexpected response code: 403 @ http://localhost:5199/assets/stage-B4ZnF7Se.js:0
[ 3557718ms] [ERROR] WebSocket connection to 'ws://localhost:8031/' failed: Error during WebSocket handshake: Unexpected response code: 403 @ http://localhost:5199/assets/stage-B4ZnF7Se.js:0
[ 3559233ms] [ERROR] WebSocket connection to 'ws://localhost:8031/' failed: Error during WebSocket handshake: Unexpected response code: 403 @ http://localhost:5199/assets/stage-B4ZnF7Se.js:0
[ 3560748ms] [ERROR] WebSocket connection to 'ws://localhost:8031/' failed: Error during WebSocket handshake: Unexpected response code: 403 @ http://localhost:5199/assets/stage-B4ZnF7Se.js:0
[ 3562293ms] [ERROR] WebSocket connection to 'ws://localhost:8031/' failed: Error during WebSocket handshake: Unexpected response code: 403 @ http://localhost:5199/assets/stage-B4ZnF7Se.js:0
[ 3563857ms] [ERROR] WebSocket connection to 'ws://localhost:8031/' failed: Error during WebSocket handshake: Unexpected response code: 403 @ http://localhost:5199/assets/stage-B4ZnF7Se.js:0
[ 3565493ms] [ERROR] WebSocket connection to 'ws://localhost:8031/' failed: Error during WebSocket handshake: Unexpected response code: 403 @ http://localhost:5199/assets/stage-B4ZnF7Se.js:0
[ 3567081ms] [ERROR] WebSocket connection to 'ws://localhost:8031/' failed: Error during WebSocket handshake: Unexpected response code: 403 @ http://localhost:5199/assets/stage-B4ZnF7Se.js:0
[ 3569101ms] [ERROR] WebSocket connection to 'ws://localhost:8031/' failed: Error during WebSocket handshake: Unexpected response code: 403 @ http://localhost:5199/assets/stage-B4ZnF7Se.js:0
[ 3571423ms] [ERROR] WebSocket connection to 'ws://localhost:8031/' failed: Error during WebSocket handshake: Unexpected response code: 403 @ http://localhost:5199/assets/stage-B4ZnF7Se.js:0
[ 3574445ms] [ERROR] WebSocket connection to 'ws://localhost:8031/' failed: Error during WebSocket handshake: Unexpected response code: 403 @ http://localhost:5199/assets/stage-B4ZnF7Se.js:0
[ 3577883ms] [ERROR] WebSocket connection to 'ws://localhost:8031/' failed: Error during WebSocket handshake: Unexpected response code: 403 @ http://localhost:5199/assets/stage-B4ZnF7Se.js:0
[ 3580805ms] [ERROR] WebSocket connection to 'ws://localhost:8031/' failed: Error during WebSocket handshake: Unexpected response code: 403 @ http://localhost:5199/assets/stage-B4ZnF7Se.js:0
[ 3583974ms] [ERROR] WebSocket connection to 'ws://localhost:8031/' failed: Error during WebSocket handshake: Unexpected response code: 403 @ http://localhost:5199/assets/stage-B4ZnF7Se.js:0
[ 3588538ms] [ERROR] WebSocket connection to 'ws://localhost:8031/' failed: Error during WebSocket handshake: Unexpected response code: 403 @ http://localhost:5199/assets/stage-B4ZnF7Se.js:0
[ 3593230ms] [ERROR] WebSocket connection to 'ws://localhost:8031/' failed: Error during WebSocket handshake: Unexpected response code: 403 @ http://localhost:5199/assets/stage-B4ZnF7Se.js:0
[ 3595976ms] [ERROR] WebSocket connection to 'ws://localhost:8031/' failed: Error during WebSocket handshake: Unexpected response code: 403 @ http://localhost:5199/assets/stage-B4ZnF7Se.js:0
[ 3599695ms] [ERROR] WebSocket connection to 'ws://localhost:8031/' failed: Error during WebSocket handshake: Unexpected response code: 403 @ http://localhost:5199/assets/stage-B4ZnF7Se.js:0
[ 3604401ms] [ERROR] WebSocket connection to 'ws://localhost:8031/' failed: Error during WebSocket handshake: Unexpected response code: 403 @ http://localhost:5199/assets/stage-B4ZnF7Se.js:0
[ 3609326ms] [ERROR] WebSocket connection to 'ws://localhost:8031/' failed: Error during WebSocket handshake: Unexpected response code: 403 @ http://localhost:5199/assets/stage-B4ZnF7Se.js:0
[ 3614042ms] [ERROR] WebSocket connection to 'ws://localhost:8031/' failed: Error during WebSocket handshake: Unexpected response code: 403 @ http://localhost:5199/assets/stage-B4ZnF7Se.js:0
[ 3619772ms] [ERROR] WebSocket connection to 'ws://localhost:8031/' failed: Error during WebSocket handshake: Unexpected response code: 403 @ http://localhost:5199/assets/stage-B4ZnF7Se.js:0
[ 3622369ms] [ERROR] WebSocket connection to 'ws://localhost:8031/' failed: Error during WebSocket handshake: Unexpected response code: 403 @ http://localhost:5199/assets/stage-B4ZnF7Se.js:0
[ 3628371ms] [ERROR] WebSocket connection to 'ws://localhost:8031/' failed: Error during WebSocket handshake: Unexpected response code: 403 @ http://localhost:5199/assets/stage-B4ZnF7Se.js:0
[ 3633889ms] [ERROR] WebSocket connection to 'ws://localhost:8031/' failed: Error during WebSocket handshake: Unexpected response code: 403 @ http://localhost:5199/assets/stage-B4ZnF7Se.js:0
[ 3640331ms] [ERROR] WebSocket connection to 'ws://localhost:8031/' failed: Error during WebSocket handshake: Unexpected response code: 403 @ http://localhost:5199/assets/stage-B4ZnF7Se.js:0
[ 3644118ms] [ERROR] WebSocket connection to 'ws://localhost:8031/' failed: Error during WebSocket handshake: Unexpected response code: 403 @ http://localhost:5199/assets/stage-B4ZnF7Se.js:0
[ 3650000ms] [ERROR] WebSocket connection to 'ws://localhost:8031/' failed: Error during WebSocket handshake: Unexpected response code: 403 @ http://localhost:5199/assets/stage-B4ZnF7Se.js:0
[ 3654956ms] [ERROR] WebSocket connection to 'ws://localhost:8031/' failed: Error during WebSocket handshake: Unexpected response code: 403 @ http://localhost:5199/assets/stage-B4ZnF7Se.js:0
[ 3660482ms] [ERROR] WebSocket connection to 'ws://localhost:8031/' failed: Error during WebSocket handshake: Unexpected response code: 403 @ http://localhost:5199/assets/stage-B4ZnF7Se.js:0
[ 3663547ms] [ERROR] WebSocket connection to 'ws://localhost:8031/' failed: Error during WebSocket handshake: Unexpected response code: 403 @ http://localhost:5199/assets/stage-B4ZnF7Se.js:0
[ 3669394ms] [ERROR] WebSocket connection to 'ws://localhost:8031/' failed: Error during WebSocket handshake: Unexpected response code: 403 @ http://localhost:5199/assets/stage-B4ZnF7Se.js:0
[ 3670899ms] [ERROR] WebSocket connection to 'ws://localhost:8031/' failed: Error during WebSocket handshake: Unexpected response code: 403 @ http://localhost:5199/assets/stage-B4ZnF7Se.js:0
[ 3672404ms] [ERROR] WebSocket connection to 'ws://localhost:8031/' failed: Error during WebSocket handshake: Unexpected response code: 403 @ http://localhost:5199/assets/stage-B4ZnF7Se.js:0
[ 3673909ms] [ERROR] WebSocket connection to 'ws://localhost:8031/' failed: Error during WebSocket handshake: Unexpected response code: 403 @ http://localhost:5199/assets/stage-B4ZnF7Se.js:0
[ 3675415ms] [ERROR] WebSocket connection to 'ws://localhost:8031/' failed: Error during WebSocket handshake: Unexpected response code: 403 @ http://localhost:5199/assets/stage-B4ZnF7Se.js:0
[ 3676922ms] [ERROR] WebSocket connection to 'ws://localhost:8031/' failed: Error during WebSocket handshake: Unexpected response code: 403 @ http://localhost:5199/assets/stage-B4ZnF7Se.js:0
[ 3678430ms] [ERROR] WebSocket connection to 'ws://localhost:8031/' failed: Error during WebSocket handshake: Unexpected response code: 403 @ http://localhost:5199/assets/stage-B4ZnF7Se.js:0
[ 3679940ms] [ERROR] WebSocket connection to 'ws://localhost:8031/' failed: Error during WebSocket handshake: Unexpected response code: 403 @ http://localhost:5199/assets/stage-B4ZnF7Se.js:0
[ 3681470ms] [ERROR] WebSocket connection to 'ws://localhost:8031/' failed: Error during WebSocket handshake: Unexpected response code: 403 @ http://localhost:5199/assets/stage-B4ZnF7Se.js:0
[ 3683014ms] [ERROR] WebSocket connection to 'ws://localhost:8031/' failed: Error during WebSocket handshake: Unexpected response code: 403 @ http://localhost:5199/assets/stage-B4ZnF7Se.js:0
[ 3684557ms] [ERROR] WebSocket connection to 'ws://localhost:8031/' failed: Error during WebSocket handshake: Unexpected response code: 403 @ http://localhost:5199/assets/stage-B4ZnF7Se.js:0
[ 3686146ms] [ERROR] WebSocket connection to 'ws://localhost:8031/' failed: Error during WebSocket handshake: Unexpected response code: 403 @ http://localhost:5199/assets/stage-B4ZnF7Se.js:0
[ 3687751ms] [ERROR] WebSocket connection to 'ws://localhost:8031/' failed: Error during WebSocket handshake: Unexpected response code: 403 @ http://localhost:5199/assets/stage-B4ZnF7Se.js:0
[ 3689843ms] [ERROR] WebSocket connection to 'ws://localhost:8031/' failed: Error during WebSocket handshake: Unexpected response code: 403 @ http://localhost:5199/assets/stage-B4ZnF7Se.js:0
[ 3691938ms] [ERROR] WebSocket connection to 'ws://localhost:8031/' failed: Error during WebSocket handshake: Unexpected response code: 403 @ http://localhost:5199/assets/stage-B4ZnF7Se.js:0
[ 3693964ms] [ERROR] WebSocket connection to 'ws://localhost:8031/' failed: Error during WebSocket handshake: Unexpected response code: 403 @ http://localhost:5199/assets/stage-B4ZnF7Se.js:0
[ 3699910ms] [ERROR] WebSocket connection to 'ws://localhost:8031/' failed: Error during WebSocket handshake: Unexpected response code: 403 @ http://localhost:5199/assets/stage-B4ZnF7Se.js:0
[ 3704447ms] [ERROR] WebSocket connection to 'ws://localhost:8031/' failed: Error during WebSocket handshake: Unexpected response code: 403 @ http://localhost:5199/assets/stage-B4ZnF7Se.js:0
[ 3709263ms] [ERROR] WebSocket connection to 'ws://localhost:8031/' failed: Error during WebSocket handshake: Unexpected response code: 403 @ http://localhost:5199/assets/stage-B4ZnF7Se.js:0
[ 3714943ms] [ERROR] WebSocket connection to 'ws://localhost:8031/' failed: Error during WebSocket handshake: Unexpected response code: 403 @ http://localhost:5199/assets/stage-B4ZnF7Se.js:0
[ 3720702ms] [ERROR] WebSocket connection to 'ws://localhost:8031/' failed: Error during WebSocket handshake: Unexpected response code: 403 @ http://localhost:5199/assets/stage-B4ZnF7Se.js:0
[ 3725424ms] [ERROR] WebSocket connection to 'ws://localhost:8031/' failed: Error during WebSocket handshake: Unexpected response code: 403 @ http://localhost:5199/assets/stage-B4ZnF7Se.js:0
[ 3730602ms] [ERROR] WebSocket connection to 'ws://localhost:8031/' failed: Error during WebSocket handshake: Unexpected response code: 403 @ http://localhost:5199/assets/stage-B4ZnF7Se.js:0
[ 3735852ms] [ERROR] WebSocket connection to 'ws://localhost:8031/' failed: Error during WebSocket handshake: Unexpected response code: 403 @ http://localhost:5199/assets/stage-B4ZnF7Se.js:0
[ 3740152ms] [ERROR] WebSocket connection to 'ws://localhost:8031/' failed: Error during WebSocket handshake: Unexpected response code: 403 @ http://localhost:5199/assets/stage-B4ZnF7Se.js:0
[ 3742802ms] [ERROR] WebSocket connection to 'ws://localhost:8031/' failed: Error during WebSocket handshake: Unexpected response code: 403 @ http://localhost:5199/assets/stage-B4ZnF7Se.js:0
[ 3746094ms] [ERROR] WebSocket connection to 'ws://localhost:8031/' failed: Error during WebSocket handshake: Unexpected response code: 403 @ http://localhost:5199/assets/stage-B4ZnF7Se.js:0
[ 3752410ms] [ERROR] WebSocket connection to 'ws://localhost:8031/' failed: Error during WebSocket handshake: Unexpected response code: 403 @ http://localhost:5199/assets/stage-B4ZnF7Se.js:0
[ 3756466ms] [ERROR] WebSocket connection to 'ws://localhost:8031/' failed: Error during WebSocket handshake: Unexpected response code: 403 @ http://localhost:5199/assets/stage-B4ZnF7Se.js:0
[ 3762430ms] [ERROR] WebSocket connection to 'ws://localhost:8031/' failed: Error during WebSocket handshake: Unexpected response code: 403 @ http://localhost:5199/assets/stage-B4ZnF7Se.js:0
[ 3766269ms] [ERROR] WebSocket connection to 'ws://localhost:8031/' failed: Error during WebSocket handshake: Unexpected response code: 403 @ http://localhost:5199/assets/stage-B4ZnF7Se.js:0
[ 3772572ms] [ERROR] WebSocket connection to 'ws://localhost:8031/' failed: Error during WebSocket handshake: Unexpected response code: 403 @ http://localhost:5199/assets/stage-B4ZnF7Se.js:0
[ 3776486ms] [ERROR] WebSocket connection to 'ws://localhost:8031/' failed: Error during WebSocket handshake: Unexpected response code: 403 @ http://localhost:5199/assets/stage-B4ZnF7Se.js:0
[ 3779622ms] [ERROR] WebSocket connection to 'ws://localhost:8031/' failed: Error during WebSocket handshake: Unexpected response code: 403 @ http://localhost:5199/assets/stage-B4ZnF7Se.js:0
[ 3784077ms] [ERROR] WebSocket connection to 'ws://localhost:8031/' failed: Error during WebSocket handshake: Unexpected response code: 403 @ http://localhost:5199/assets/stage-B4ZnF7Se.js:0
[ 3787744ms] [ERROR] WebSocket connection to 'ws://localhost:8031/' failed: Error during WebSocket handshake: Unexpected response code: 403 @ http://localhost:5199/assets/stage-B4ZnF7Se.js:0
[ 3792902ms] [ERROR] WebSocket connection to 'ws://localhost:8031/' failed: Error during WebSocket handshake: Unexpected response code: 403 @ http://localhost:5199/assets/stage-B4ZnF7Se.js:0
[ 3797352ms] [ERROR] WebSocket connection to 'ws://localhost:8031/' failed: Error during WebSocket handshake: Unexpected response code: 403 @ http://localhost:5199/assets/stage-B4ZnF7Se.js:0
[ 3802023ms] [ERROR] WebSocket connection to 'ws://localhost:8031/' failed: Error during WebSocket handshake: Unexpected response code: 403 @ http://localhost:5199/assets/stage-B4ZnF7Se.js:0
[ 3805932ms] [ERROR] WebSocket connection to 'ws://localhost:8031/' failed: Error during WebSocket handshake: Unexpected response code: 403 @ http://localhost:5199/assets/stage-B4ZnF7Se.js:0
[ 3811128ms] [ERROR] WebSocket connection to 'ws://localhost:8031/' failed: Error during WebSocket handshake: Unexpected response code: 403 @ http://localhost:5199/assets/stage-B4ZnF7Se.js:0
[ 3813854ms] [ERROR] WebSocket connection to 'ws://localhost:8031/' failed: Error during WebSocket handshake: Unexpected response code: 403 @ http://localhost:5199/assets/stage-B4ZnF7Se.js:0
[ 3818426ms] [ERROR] WebSocket connection to 'ws://localhost:8031/' failed: Error during WebSocket handshake: Unexpected response code: 403 @ http://localhost:5199/assets/stage-B4ZnF7Se.js:0
[ 3823796ms] [ERROR] WebSocket connection to 'ws://localhost:8031/' failed: Error during WebSocket handshake: Unexpected response code: 403 @ http://localhost:5199/assets/stage-B4ZnF7Se.js:0
[ 3827902ms] [ERROR] WebSocket connection to 'ws://localhost:8031/' failed: Error during WebSocket handshake: Unexpected response code: 403 @ http://localhost:5199/assets/stage-B4ZnF7Se.js:0
[ 3832363ms] [ERROR] WebSocket connection to 'ws://localhost:8031/' failed: Error during WebSocket handshake: Unexpected response code: 403 @ http://localhost:5199/assets/stage-B4ZnF7Se.js:0
[ 3837769ms] [ERROR] WebSocket connection to 'ws://localhost:8031/' failed: Error during WebSocket handshake: Unexpected response code: 403 @ http://localhost:5199/assets/stage-B4ZnF7Se.js:0
[ 3840610ms] [ERROR] WebSocket connection to 'ws://localhost:8031/' failed: Error during WebSocket handshake: Unexpected response code: 403 @ http://localhost:5199/assets/stage-B4ZnF7Se.js:0
[ 3843901ms] [ERROR] WebSocket connection to 'ws://localhost:8031/' failed: Error during WebSocket handshake: Unexpected response code: 403 @ http://localhost:5199/assets/stage-B4ZnF7Se.js:0
[ 3848282ms] [ERROR] WebSocket connection to 'ws://localhost:8031/' failed: Error during WebSocket handshake: Unexpected response code: 403 @ http://localhost:5199/assets/stage-B4ZnF7Se.js:0
[ 3852861ms] [ERROR] WebSocket connection to 'ws://localhost:8031/' failed: Error during WebSocket handshake: Unexpected response code: 403 @ http://localhost:5199/assets/stage-B4ZnF7Se.js:0
[ 3859028ms] [ERROR] WebSocket connection to 'ws://localhost:8031/' failed: Error during WebSocket handshake: Unexpected response code: 403 @ http://localhost:5199/assets/stage-B4ZnF7Se.js:0
[ 3863358ms] [ERROR] WebSocket connection to 'ws://localhost:8031/' failed: Error during WebSocket handshake: Unexpected response code: 403 @ http://localhost:5199/assets/stage-B4ZnF7Se.js:0
[ 3866095ms] [ERROR] WebSocket connection to 'ws://localhost:8031/' failed: Error during WebSocket handshake: Unexpected response code: 403 @ http://localhost:5199/assets/stage-B4ZnF7Se.js:0
[ 3870425ms] [ERROR] WebSocket connection to 'ws://localhost:8031/' failed: Error during WebSocket handshake: Unexpected response code: 403 @ http://localhost:5199/assets/stage-B4ZnF7Se.js:0
[ 3876490ms] [ERROR] WebSocket connection to 'ws://localhost:8031/' failed: Error during WebSocket handshake: Unexpected response code: 403 @ http://localhost:5199/assets/stage-B4ZnF7Se.js:0
[ 3879401ms] [ERROR] WebSocket connection to 'ws://localhost:8031/' failed: Error during WebSocket handshake: Unexpected response code: 403 @ http://localhost:5199/assets/stage-B4ZnF7Se.js:0
[ 3884306ms] [ERROR] WebSocket connection to 'ws://localhost:8031/' failed: Error during WebSocket handshake: Unexpected response code: 403 @ http://localhost:5199/assets/stage-B4ZnF7Se.js:0
[ 3890467ms] [ERROR] WebSocket connection to 'ws://localhost:8031/' failed: Error during WebSocket handshake: Unexpected response code: 403 @ http://localhost:5199/assets/stage-B4ZnF7Se.js:0
[ 3893883ms] [ERROR] WebSocket connection to 'ws://localhost:8031/' failed: Error during WebSocket handshake: Unexpected response code: 403 @ http://localhost:5199/assets/stage-B4ZnF7Se.js:0
[ 3897258ms] [ERROR] WebSocket connection to 'ws://localhost:8031/' failed: Error during WebSocket handshake: Unexpected response code: 403 @ http://localhost:5199/assets/stage-B4ZnF7Se.js:0
[ 3902391ms] [ERROR] WebSocket connection to 'ws://localhost:8031/' failed: Error during WebSocket handshake: Unexpected response code: 403 @ http://localhost:5199/assets/stage-B4ZnF7Se.js:0
[ 3905054ms] [ERROR] WebSocket connection to 'ws://localhost:8031/' failed: Error during WebSocket handshake: Unexpected response code: 403 @ http://localhost:5199/assets/stage-B4ZnF7Se.js:0
[ 3909704ms] [ERROR] WebSocket connection to 'ws://localhost:8031/' failed: Error during WebSocket handshake: Unexpected response code: 403 @ http://localhost:5199/assets/stage-B4ZnF7Se.js:0
[ 3911208ms] [ERROR] WebSocket connection to 'ws://localhost:8031/' failed: Error during WebSocket handshake: Unexpected response code: 403 @ http://localhost:5199/assets/stage-B4ZnF7Se.js:0
[ 3912713ms] [ERROR] WebSocket connection to 'ws://localhost:8031/' failed: Error during WebSocket handshake: Unexpected response code: 403 @ http://localhost:5199/assets/stage-B4ZnF7Se.js:0
[ 3914219ms] [ERROR] WebSocket connection to 'ws://localhost:8031/' failed: Error during WebSocket handshake: Unexpected response code: 403 @ http://localhost:5199/assets/stage-B4ZnF7Se.js:0
[ 3915725ms] [ERROR] WebSocket connection to 'ws://localhost:8031/' failed: Error during WebSocket handshake: Unexpected response code: 403 @ http://localhost:5199/assets/stage-B4ZnF7Se.js:0
[ 3917231ms] [ERROR] WebSocket connection to 'ws://localhost:8031/' failed: Error during WebSocket handshake: Unexpected response code: 403 @ http://localhost:5199/assets/stage-B4ZnF7Se.js:0
[ 3918740ms] [ERROR] WebSocket connection to 'ws://localhost:8031/' failed: Error during WebSocket handshake: Unexpected response code: 403 @ http://localhost:5199/assets/stage-B4ZnF7Se.js:0
[ 3920247ms] [ERROR] WebSocket connection to 'ws://localhost:8031/' failed: Error during WebSocket handshake: Unexpected response code: 403 @ http://localhost:5199/assets/stage-B4ZnF7Se.js:0
[ 3921776ms] [ERROR] WebSocket connection to 'ws://localhost:8031/' failed: Error during WebSocket handshake: Unexpected response code: 403 @ http://localhost:5199/assets/stage-B4ZnF7Se.js:0
[ 3923317ms] [ERROR] WebSocket connection to 'ws://localhost:8031/' failed: Error during WebSocket handshake: Unexpected response code: 403 @ http://localhost:5199/assets/stage-B4ZnF7Se.js:0
[ 3924895ms] [ERROR] WebSocket connection to 'ws://localhost:8031/' failed: Error during WebSocket handshake: Unexpected response code: 403 @ http://localhost:5199/assets/stage-B4ZnF7Se.js:0
[ 3926518ms] [ERROR] WebSocket connection to 'ws://localhost:8031/' failed: Error during WebSocket handshake: Unexpected response code: 403 @ http://localhost:5199/assets/stage-B4ZnF7Se.js:0
[ 3928282ms] [ERROR] WebSocket connection to 'ws://localhost:8031/' failed: Error during WebSocket handshake: Unexpected response code: 403 @ http://localhost:5199/assets/stage-B4ZnF7Se.js:0
[ 3930191ms] [ERROR] WebSocket connection to 'ws://localhost:8031/' failed: Error during WebSocket handshake: Unexpected response code: 403 @ http://localhost:5199/assets/stage-B4ZnF7Se.js:0
[ 3932546ms] [ERROR] WebSocket connection to 'ws://localhost:8031/' failed: Error during WebSocket handshake: Unexpected response code: 403 @ http://localhost:5199/assets/stage-B4ZnF7Se.js:0
[ 3935921ms] [ERROR] WebSocket connection to 'ws://localhost:8031/' failed: Error during WebSocket handshake: Unexpected response code: 403 @ http://localhost:5199/assets/stage-B4ZnF7Se.js:0
[ 3938551ms] [ERROR] WebSocket connection to 'ws://localhost:8031/' failed: Error during WebSocket handshake: Unexpected response code: 403 @ http://localhost:5199/assets/stage-B4ZnF7Se.js:0
[ 3943979ms] [ERROR] WebSocket connection to 'ws://localhost:8031/' failed: Error during WebSocket handshake: Unexpected response code: 403 @ http://localhost:5199/assets/stage-B4ZnF7Se.js:0
[ 3949157ms] [ERROR] WebSocket connection to 'ws://localhost:8031/' failed: Error during WebSocket handshake: Unexpected response code: 403 @ http://localhost:5199/assets/stage-B4ZnF7Se.js:0
[ 3954259ms] [ERROR] WebSocket connection to 'ws://localhost:8031/' failed: Error during WebSocket handshake: Unexpected response code: 403 @ http://localhost:5199/assets/stage-B4ZnF7Se.js:0
[ 3957541ms] [ERROR] WebSocket connection to 'ws://localhost:8031/' failed: Error during WebSocket handshake: Unexpected response code: 403 @ http://localhost:5199/assets/stage-B4ZnF7Se.js:0
[ 3962651ms] [ERROR] WebSocket connection to 'ws://localhost:8031/' failed: Error during WebSocket handshake: Unexpected response code: 403 @ http://localhost:5199/assets/stage-B4ZnF7Se.js:0
[ 3967991ms] [ERROR] WebSocket connection to 'ws://localhost:8031/' failed: Error during WebSocket handshake: Unexpected response code: 403 @ http://localhost:5199/assets/stage-B4ZnF7Se.js:0
[ 3971821ms] [ERROR] WebSocket connection to 'ws://localhost:8031/' failed: Error during WebSocket handshake: Unexpected response code: 403 @ http://localhost:5199/assets/stage-B4ZnF7Se.js:0
[ 3975313ms] [ERROR] WebSocket connection to 'ws://localhost:8031/' failed: Error during WebSocket handshake: Unexpected response code: 403 @ http://localhost:5199/assets/stage-B4ZnF7Se.js:0
[ 3980455ms] [ERROR] WebSocket connection to 'ws://localhost:8031/' failed: Error during WebSocket handshake: Unexpected response code: 403 @ http://localhost:5199/assets/stage-B4ZnF7Se.js:0
[ 3985813ms] [ERROR] WebSocket connection to 'ws://localhost:8031/' failed: Error during WebSocket handshake: Unexpected response code: 403 @ http://localhost:5199/assets/stage-B4ZnF7Se.js:0
[ 3989225ms] [ERROR] WebSocket connection to 'ws://localhost:8031/' failed: Error during WebSocket handshake: Unexpected response code: 403 @ http://localhost:5199/assets/stage-B4ZnF7Se.js:0
[ 3991843ms] [ERROR] WebSocket connection to 'ws://localhost:8031/' failed: Error during WebSocket handshake: Unexpected response code: 403 @ http://localhost:5199/assets/stage-B4ZnF7Se.js:0
[ 3997430ms] [ERROR] WebSocket connection to 'ws://localhost:8031/' failed: Error during WebSocket handshake: Unexpected response code: 403 @ http://localhost:5199/assets/stage-B4ZnF7Se.js:0
[ 4000613ms] [ERROR] WebSocket connection to 'ws://localhost:8031/' failed: Error during WebSocket handshake: Unexpected response code: 403 @ http://localhost:5199/assets/stage-B4ZnF7Se.js:0
[ 4004757ms] [ERROR] WebSocket connection to 'ws://localhost:8031/' failed: Error during WebSocket handshake: Unexpected response code: 403 @ http://localhost:5199/assets/stage-B4ZnF7Se.js:0
[ 4011134ms] [ERROR] WebSocket connection to 'ws://localhost:8031/' failed: Error during WebSocket handshake: Unexpected response code: 403 @ http://localhost:5199/assets/stage-B4ZnF7Se.js:0
[ 4015321ms] [ERROR] WebSocket connection to 'ws://localhost:8031/' failed: Error during WebSocket handshake: Unexpected response code: 403 @ http://localhost:5199/assets/stage-B4ZnF7Se.js:0
[ 4018843ms] [ERROR] WebSocket connection to 'ws://localhost:8031/' failed: Error during WebSocket handshake: Unexpected response code: 403 @ http://localhost:5199/assets/stage-B4ZnF7Se.js:0
[ 4022202ms] [ERROR] WebSocket connection to 'ws://localhost:8031/' failed: Error during WebSocket handshake: Unexpected response code: 403 @ http://localhost:5199/assets/stage-B4ZnF7Se.js:0
[ 4025364ms] [ERROR] WebSocket connection to 'ws://localhost:8031/' failed: Error during WebSocket handshake: Unexpected response code: 403 @ http://localhost:5199/assets/stage-B4ZnF7Se.js:0
[ 4030276ms] [ERROR] WebSocket connection to 'ws://localhost:8031/' failed: Error during WebSocket handshake: Unexpected response code: 403 @ http://localhost:5199/assets/stage-B4ZnF7Se.js:0
[ 4031783ms] [ERROR] WebSocket connection to 'ws://localhost:8031/' failed: Error during WebSocket handshake: Unexpected response code: 403 @ http://localhost:5199/assets/stage-B4ZnF7Se.js:0
[ 4033287ms] [ERROR] WebSocket connection to 'ws://localhost:8031/' failed: Error during WebSocket handshake: Unexpected response code: 403 @ http://localhost:5199/assets/stage-B4ZnF7Se.js:0
[ 4034793ms] [ERROR] WebSocket connection to 'ws://localhost:8031/' failed: Error during WebSocket handshake: Unexpected response code: 403 @ http://localhost:5199/assets/stage-B4ZnF7Se.js:0
[ 4036302ms] [ERROR] WebSocket connection to 'ws://localhost:8031/' failed: Error during WebSocket handshake: Unexpected response code: 403 @ http://localhost:5199/assets/stage-B4ZnF7Se.js:0
[ 4037810ms] [ERROR] WebSocket connection to 'ws://localhost:8031/' failed: Error during WebSocket handshake: Unexpected response code: 403 @ http://localhost:5199/assets/stage-B4ZnF7Se.js:0
[ 4039316ms] [ERROR] WebSocket connection to 'ws://localhost:8031/' failed: Error during WebSocket handshake: Unexpected response code: 403 @ http://localhost:5199/assets/stage-B4ZnF7Se.js:0
[ 4040827ms] [ERROR] WebSocket connection to 'ws://localhost:8031/' failed: Error during WebSocket handshake: Unexpected response code: 403 @ http://localhost:5199/assets/stage-B4ZnF7Se.js:0
[ 4042338ms] [ERROR] WebSocket connection to 'ws://localhost:8031/' failed: Error during WebSocket handshake: Unexpected response code: 403 @ http://localhost:5199/assets/stage-B4ZnF7Se.js:0
[ 4043886ms] [ERROR] WebSocket connection to 'ws://localhost:8031/' failed: Error during WebSocket handshake: Unexpected response code: 403 @ http://localhost:5199/assets/stage-B4ZnF7Se.js:0
[ 4045469ms] [ERROR] WebSocket connection to 'ws://localhost:8031/' failed: Error during WebSocket handshake: Unexpected response code: 403 @ http://localhost:5199/assets/stage-B4ZnF7Se.js:0
[ 4047105ms] [ERROR] WebSocket connection to 'ws://localhost:8031/' failed: Error during WebSocket handshake: Unexpected response code: 403 @ http://localhost:5199/assets/stage-B4ZnF7Se.js:0
[ 4048821ms] [ERROR] WebSocket connection to 'ws://localhost:8031/' failed: Error during WebSocket handshake: Unexpected response code: 403 @ http://localhost:5199/assets/stage-B4ZnF7Se.js:0
[ 4050793ms] [ERROR] WebSocket connection to 'ws://localhost:8031/' failed: Error during WebSocket handshake: Unexpected response code: 403 @ http://localhost:5199/assets/stage-B4ZnF7Se.js:0
[ 4053164ms] [ERROR] WebSocket connection to 'ws://localhost:8031/' failed: Error during WebSocket handshake: Unexpected response code: 403 @ http://localhost:5199/assets/stage-B4ZnF7Se.js:0
[ 4056719ms] [ERROR] WebSocket connection to 'ws://localhost:8031/' failed: Error during WebSocket handshake: Unexpected response code: 403 @ http://localhost:5199/assets/stage-B4ZnF7Se.js:0
[ 4060944ms] [ERROR] WebSocket connection to 'ws://localhost:8031/' failed: Error during WebSocket handshake: Unexpected response code: 403 @ http://localhost:5199/assets/stage-B4ZnF7Se.js:0
[ 4063913ms] [ERROR] WebSocket connection to 'ws://localhost:8031/' failed: Error during WebSocket handshake: Unexpected response code: 403 @ http://localhost:5199/assets/stage-B4ZnF7Se.js:0
[ 4070316ms] [ERROR] WebSocket connection to 'ws://localhost:8031/' failed: Error during WebSocket handshake: Unexpected response code: 403 @ http://localhost:5199/assets/stage-B4ZnF7Se.js:0
[ 4074932ms] [ERROR] WebSocket connection to 'ws://localhost:8031/' failed: Error during WebSocket handshake: Unexpected response code: 403 @ http://localhost:5199/assets/stage-B4ZnF7Se.js:0
[ 4078584ms] [ERROR] WebSocket connection to 'ws://localhost:8031/' failed: Error during WebSocket handshake: Unexpected response code: 403 @ http://localhost:5199/assets/stage-B4ZnF7Se.js:0
[ 4083966ms] [ERROR] WebSocket connection to 'ws://localhost:8031/' failed: Error during WebSocket handshake: Unexpected response code: 403 @ http://localhost:5199/assets/stage-B4ZnF7Se.js:0
[ 4087907ms] [ERROR] WebSocket connection to 'ws://localhost:8031/' failed: Error during WebSocket handshake: Unexpected response code: 403 @ http://localhost:5199/assets/stage-B4ZnF7Se.js:0
[ 4090687ms] [ERROR] WebSocket connection to 'ws://localhost:8031/' failed: Error during WebSocket handshake: Unexpected response code: 403 @ http://localhost:5199/assets/stage-B4ZnF7Se.js:0
[ 4096034ms] [ERROR] WebSocket connection to 'ws://localhost:8031/' failed: Error during WebSocket handshake: Unexpected response code: 403 @ http://localhost:5199/assets/stage-B4ZnF7Se.js:0
[ 4101273ms] [ERROR] WebSocket connection to 'ws://localhost:8031/' failed: Error during WebSocket handshake: Unexpected response code: 403 @ http://localhost:5199/assets/stage-B4ZnF7Se.js:0
[ 4104329ms] [ERROR] WebSocket connection to 'ws://localhost:8031/' failed: Error during WebSocket handshake: Unexpected response code: 403 @ http://localhost:5199/assets/stage-B4ZnF7Se.js:0
[ 4108453ms] [ERROR] WebSocket connection to 'ws://localhost:8031/' failed: Error during WebSocket handshake: Unexpected response code: 403 @ http://localhost:5199/assets/stage-B4ZnF7Se.js:0
[ 4114811ms] [ERROR] WebSocket connection to 'ws://localhost:8031/' failed: Error during WebSocket handshake: Unexpected response code: 403 @ http://localhost:5199/assets/stage-B4ZnF7Se.js:0
[ 4120492ms] [ERROR] WebSocket connection to 'ws://localhost:8031/' failed: Error during WebSocket handshake: Unexpected response code: 403 @ http://localhost:5199/assets/stage-B4ZnF7Se.js:0
[ 4126668ms] [ERROR] WebSocket connection to 'ws://localhost:8031/' failed: Error during WebSocket handshake: Unexpected response code: 403 @ http://localhost:5199/assets/stage-B4ZnF7Se.js:0
[ 4130387ms] [ERROR] WebSocket connection to 'ws://localhost:8031/' failed: Error during WebSocket handshake: Unexpected response code: 403 @ http://localhost:5199/assets/stage-B4ZnF7Se.js:0
[ 4136232ms] [ERROR] WebSocket connection to 'ws://localhost:8031/' failed: Error during WebSocket handshake: Unexpected response code: 403 @ http://localhost:5199/assets/stage-B4ZnF7Se.js:0
[ 4142698ms] [ERROR] WebSocket connection to 'ws://localhost:8031/' failed: Error during WebSocket handshake: Unexpected response code: 403 @ http://localhost:5199/assets/stage-B4ZnF7Se.js:0
[ 4148904ms] [ERROR] WebSocket connection to 'ws://localhost:8031/' failed: Error during WebSocket handshake: Unexpected response code: 403 @ http://localhost:5199/assets/stage-B4ZnF7Se.js:0
[ 4152985ms] [ERROR] WebSocket connection to 'ws://localhost:8031/' failed: Error during WebSocket handshake: Unexpected response code: 403 @ http://localhost:5199/assets/stage-B4ZnF7Se.js:0
[ 4158459ms] [ERROR] WebSocket connection to 'ws://localhost:8031/' failed: Error during WebSocket handshake: Unexpected response code: 403 @ http://localhost:5199/assets/stage-B4ZnF7Se.js:0
[ 4164886ms] [ERROR] WebSocket connection to 'ws://localhost:8031/' failed: Error during WebSocket handshake: Unexpected response code: 403 @ http://localhost:5199/assets/stage-B4ZnF7Se.js:0
[ 4170462ms] [ERROR] WebSocket connection to 'ws://localhost:8031/' failed: Error during WebSocket handshake: Unexpected response code: 403 @ http://localhost:5199/assets/stage-B4ZnF7Se.js:0
[ 4176199ms] [ERROR] WebSocket connection to 'ws://localhost:8031/' failed: Error during WebSocket handshake: Unexpected response code: 403 @ http://localhost:5199/assets/stage-B4ZnF7Se.js:0
[ 4178940ms] [ERROR] WebSocket connection to 'ws://localhost:8031/' failed: Error during WebSocket handshake: Unexpected response code: 403 @ http://localhost:5199/assets/stage-B4ZnF7Se.js:0
[ 4182566ms] [ERROR] WebSocket connection to 'ws://localhost:8031/' failed: Error during WebSocket handshake: Unexpected response code: 403 @ http://localhost:5199/assets/stage-B4ZnF7Se.js:0
[ 4186950ms] [ERROR] WebSocket connection to 'ws://localhost:8031/' failed: Error during WebSocket handshake: Unexpected response code: 403 @ http://localhost:5199/assets/stage-B4ZnF7Se.js:0
[ 4191893ms] [ERROR] WebSocket connection to 'ws://localhost:8031/' failed: Error during WebSocket handshake: Unexpected response code: 403 @ http://localhost:5199/assets/stage-B4ZnF7Se.js:0
[ 4194645ms] [ERROR] WebSocket connection to 'ws://localhost:8031/' failed: Error during WebSocket handshake: Unexpected response code: 403 @ http://localhost:5199/assets/stage-B4ZnF7Se.js:0
[ 4201086ms] [ERROR] WebSocket connection to 'ws://localhost:8031/' failed: Error during WebSocket handshake: Unexpected response code: 403 @ http://localhost:5199/assets/stage-B4ZnF7Se.js:0
[ 4205657ms] [ERROR] WebSocket connection to 'ws://localhost:8031/' failed: Error during WebSocket handshake: Unexpected response code: 403 @ http://localhost:5199/assets/stage-B4ZnF7Se.js:0
[ 4211107ms] [ERROR] WebSocket connection to 'ws://localhost:8031/' failed: Error during WebSocket handshake: Unexpected response code: 403 @ http://localhost:5199/assets/stage-B4ZnF7Se.js:0
[ 4215885ms] [ERROR] WebSocket connection to 'ws://localhost:8031/' failed: Error during WebSocket handshake: Unexpected response code: 403 @ http://localhost:5199/assets/stage-B4ZnF7Se.js:0
[ 4221150ms] [ERROR] WebSocket connection to 'ws://localhost:8031/' failed: Error during WebSocket handshake: Unexpected response code: 403 @ http://localhost:5199/assets/stage-B4ZnF7Se.js:0
[ 4224627ms] [ERROR] WebSocket connection to 'ws://localhost:8031/' failed: Error during WebSocket handshake: Unexpected response code: 403 @ http://localhost:5199/assets/stage-B4ZnF7Se.js:0
[ 4230317ms] [ERROR] WebSocket connection to 'ws://localhost:8031/' failed: Error during WebSocket handshake: Unexpected response code: 403 @ http://localhost:5199/assets/stage-B4ZnF7Se.js:0
[ 4233288ms] [ERROR] WebSocket connection to 'ws://localhost:8031/' failed: Error during WebSocket handshake: Unexpected response code: 403 @ http://localhost:5199/assets/stage-B4ZnF7Se.js:0
[ 4238371ms] [ERROR] WebSocket connection to 'ws://localhost:8031/' failed: Error during WebSocket handshake: Unexpected response code: 403 @ http://localhost:5199/assets/stage-B4ZnF7Se.js:0
[ 4241899ms] [ERROR] WebSocket connection to 'ws://localhost:8031/' failed: Error during WebSocket handshake: Unexpected response code: 403 @ http://localhost:5199/assets/stage-B4ZnF7Se.js:0
[ 4246608ms] [ERROR] WebSocket connection to 'ws://localhost:8031/' failed: Error during WebSocket handshake: Unexpected response code: 403 @ http://localhost:5199/assets/stage-B4ZnF7Se.js:0
[ 4252387ms] [ERROR] WebSocket connection to 'ws://localhost:8031/' failed: Error during WebSocket handshake: Unexpected response code: 403 @ http://localhost:5199/assets/stage-B4ZnF7Se.js:0
[ 4258328ms] [ERROR] WebSocket connection to 'ws://localhost:8031/' failed: Error during WebSocket handshake: Unexpected response code: 403 @ http://localhost:5199/assets/stage-B4ZnF7Se.js:0
[ 4261621ms] [ERROR] WebSocket connection to 'ws://localhost:8031/' failed: Error during WebSocket handshake: Unexpected response code: 403 @ http://localhost:5199/assets/stage-B4ZnF7Se.js:0
[ 4267828ms] [ERROR] WebSocket connection to 'ws://localhost:8031/' failed: Error during WebSocket handshake: Unexpected response code: 403 @ http://localhost:5199/assets/stage-B4ZnF7Se.js:0
[ 4272375ms] [ERROR] WebSocket connection to 'ws://localhost:8031/' failed: Error during WebSocket handshake: Unexpected response code: 403 @ http://localhost:5199/assets/stage-B4ZnF7Se.js:0
[ 4278256ms] [ERROR] WebSocket connection to 'ws://localhost:8031/' failed: Error during WebSocket handshake: Unexpected response code: 403 @ http://localhost:5199/assets/stage-B4ZnF7Se.js:0
[ 4284695ms] [ERROR] WebSocket connection to 'ws://localhost:8031/' failed: Error during WebSocket handshake: Unexpected response code: 403 @ http://localhost:5199/assets/stage-B4ZnF7Se.js:0
[ 4289550ms] [ERROR] WebSocket connection to 'ws://localhost:8031/' failed: Error during WebSocket handshake: Unexpected response code: 403 @ http://localhost:5199/assets/stage-B4ZnF7Se.js:0
[ 4295963ms] [ERROR] WebSocket connection to 'ws://localhost:8031/' failed: Error during WebSocket handshake: Unexpected response code: 403 @ http://localhost:5199/assets/stage-B4ZnF7Se.js:0
[ 4300901ms] [ERROR] WebSocket connection to 'ws://localhost:8031/' failed: Error during WebSocket handshake: Unexpected response code: 403 @ http://localhost:5199/assets/stage-B4ZnF7Se.js:0
[ 4306005ms] [ERROR] WebSocket connection to 'ws://localhost:8031/' failed: Error during WebSocket handshake: Unexpected response code: 403 @ http://localhost:5199/assets/stage-B4ZnF7Se.js:0
[ 4309558ms] [ERROR] WebSocket connection to 'ws://localhost:8031/' failed: Error during WebSocket handshake: Unexpected response code: 403 @ http://localhost:5199/assets/stage-B4ZnF7Se.js:0
[ 4313377ms] [ERROR] WebSocket connection to 'ws://localhost:8031/' failed: Error during WebSocket handshake: Unexpected response code: 403 @ http://localhost:5199/assets/stage-B4ZnF7Se.js:0
[ 4318284ms] [ERROR] WebSocket connection to 'ws://localhost:8031/' failed: Error during WebSocket handshake: Unexpected response code: 403 @ http://localhost:5199/assets/stage-B4ZnF7Se.js:0
[ 4323896ms] [ERROR] WebSocket connection to 'ws://localhost:8031/' failed: Error during WebSocket handshake: Unexpected response code: 403 @ http://localhost:5199/assets/stage-B4ZnF7Se.js:0
[ 4328046ms] [ERROR] WebSocket connection to 'ws://localhost:8031/' failed: Error during WebSocket handshake: Unexpected response code: 403 @ http://localhost:5199/assets/stage-B4ZnF7Se.js:0
[ 4330793ms] [ERROR] WebSocket connection to 'ws://localhost:8031/' failed: Error during WebSocket handshake: Unexpected response code: 403 @ http://localhost:5199/assets/stage-B4ZnF7Se.js:0
[ 4336754ms] [ERROR] WebSocket connection to 'ws://localhost:8031/' failed: Error during WebSocket handshake: Unexpected response code: 403 @ http://localhost:5199/assets/stage-B4ZnF7Se.js:0
[ 4340096ms] [ERROR] WebSocket connection to 'ws://localhost:8031/' failed: Error during WebSocket handshake: Unexpected response code: 403 @ http://localhost:5199/assets/stage-B4ZnF7Se.js:0
[ 4345526ms] [ERROR] WebSocket connection to 'ws://localhost:8031/' failed: Error during WebSocket handshake: Unexpected response code: 403 @ http://localhost:5199/assets/stage-B4ZnF7Se.js:0
[ 4348360ms] [ERROR] WebSocket connection to 'ws://localhost:8031/' failed: Error during WebSocket handshake: Unexpected response code: 403 @ http://localhost:5199/assets/stage-B4ZnF7Se.js:0
[ 4351335ms] [ERROR] WebSocket connection to 'ws://localhost:8031/' failed: Error during WebSocket handshake: Unexpected response code: 403 @ http://localhost:5199/assets/stage-B4ZnF7Se.js:0
[ 4355651ms] [ERROR] WebSocket connection to 'ws://localhost:8031/' failed: Error during WebSocket handshake: Unexpected response code: 403 @ http://localhost:5199/assets/stage-B4ZnF7Se.js:0
[ 4361755ms] [ERROR] WebSocket connection to 'ws://localhost:8031/' failed: Error during WebSocket handshake: Unexpected response code: 403 @ http://localhost:5199/assets/stage-B4ZnF7Se.js:0
[ 4367280ms] [ERROR] WebSocket connection to 'ws://localhost:8031/' failed: Error during WebSocket handshake: Unexpected response code: 403 @ http://localhost:5199/assets/stage-B4ZnF7Se.js:0
[ 4370676ms] [ERROR] WebSocket connection to 'ws://localhost:8031/' failed: Error during WebSocket handshake: Unexpected response code: 403 @ http://localhost:5199/assets/stage-B4ZnF7Se.js:0
[ 4373664ms] [ERROR] WebSocket connection to 'ws://localhost:8031/' failed: Error during WebSocket handshake: Unexpected response code: 403 @ http://localhost:5199/assets/stage-B4ZnF7Se.js:0
[ 4376984ms] [ERROR] WebSocket connection to 'ws://localhost:8031/' failed: Error during WebSocket handshake: Unexpected response code: 403 @ http://localhost:5199/assets/stage-B4ZnF7Se.js:0
[ 4382259ms] [ERROR] WebSocket connection to 'ws://localhost:8031/' failed: Error during WebSocket handshake: Unexpected response code: 403 @ http://localhost:5199/assets/stage-B4ZnF7Se.js:0
[ 4385573ms] [ERROR] WebSocket connection to 'ws://localhost:8031/' failed: Error during WebSocket handshake: Unexpected response code: 403 @ http://localhost:5199/assets/stage-B4ZnF7Se.js:0
[ 4390096ms] [ERROR] WebSocket connection to 'ws://localhost:8031/' failed: Error during WebSocket handshake: Unexpected response code: 403 @ http://localhost:5199/assets/stage-B4ZnF7Se.js:0
[ 4393944ms] [ERROR] WebSocket connection to 'ws://localhost:8031/' failed: Error during WebSocket handshake: Unexpected response code: 403 @ http://localhost:5199/assets/stage-B4ZnF7Se.js:0
[ 4396625ms] [ERROR] WebSocket connection to 'ws://localhost:8031/' failed: Error during WebSocket handshake: Unexpected response code: 403 @ http://localhost:5199/assets/stage-B4ZnF7Se.js:0
[ 4400764ms] [ERROR] WebSocket connection to 'ws://localhost:8031/' failed: Error during WebSocket handshake: Unexpected response code: 403 @ http://localhost:5199/assets/stage-B4ZnF7Se.js:0
[ 4406483ms] [ERROR] WebSocket connection to 'ws://localhost:8031/' failed: Error during WebSocket handshake: Unexpected response code: 403 @ http://localhost:5199/assets/stage-B4ZnF7Se.js:0
[ 4412527ms] [ERROR] WebSocket connection to 'ws://localhost:8031/' failed: Error during WebSocket handshake: Unexpected response code: 403 @ http://localhost:5199/assets/stage-B4ZnF7Se.js:0
[ 4418749ms] [ERROR] WebSocket connection to 'ws://localhost:8031/' failed: Error during WebSocket handshake: Unexpected response code: 403 @ http://localhost:5199/assets/stage-B4ZnF7Se.js:0
[ 4422873ms] [ERROR] WebSocket connection to 'ws://localhost:8031/' failed: Error during WebSocket handshake: Unexpected response code: 403 @ http://localhost:5199/assets/stage-B4ZnF7Se.js:0
[ 4428967ms] [ERROR] WebSocket connection to 'ws://localhost:8031/' failed: Error during WebSocket handshake: Unexpected response code: 403 @ http://localhost:5199/assets/stage-B4ZnF7Se.js:0
[ 4434249ms] [ERROR] WebSocket connection to 'ws://localhost:8031/' failed: Error during WebSocket handshake: Unexpected response code: 403 @ http://localhost:5199/assets/stage-B4ZnF7Se.js:0
[ 4439273ms] [ERROR] WebSocket connection to 'ws://localhost:8031/' failed: Error during WebSocket handshake: Unexpected response code: 403 @ http://localhost:5199/assets/stage-B4ZnF7Se.js:0
[ 4441852ms] [ERROR] WebSocket connection to 'ws://localhost:8031/' failed: Error during WebSocket handshake: Unexpected response code: 403 @ http://localhost:5199/assets/stage-B4ZnF7Se.js:0
[ 4445255ms] [ERROR] WebSocket connection to 'ws://localhost:8031/' failed: Error during WebSocket handshake: Unexpected response code: 403 @ http://localhost:5199/assets/stage-B4ZnF7Se.js:0
[ 4450961ms] [ERROR] WebSocket connection to 'ws://localhost:8031/' failed: Error during WebSocket handshake: Unexpected response code: 403 @ http://localhost:5199/assets/stage-B4ZnF7Se.js:0
[ 4455508ms] [ERROR] WebSocket connection to 'ws://localhost:8031/' failed: Error during WebSocket handshake: Unexpected response code: 403 @ http://localhost:5199/assets/stage-B4ZnF7Se.js:0
[ 4460236ms] [ERROR] WebSocket connection to 'ws://localhost:8031/' failed: Error during WebSocket handshake: Unexpected response code: 403 @ http://localhost:5199/assets/stage-B4ZnF7Se.js:0
[ 4466136ms] [ERROR] WebSocket connection to 'ws://localhost:8031/' failed: Error during WebSocket handshake: Unexpected response code: 403 @ http://localhost:5199/assets/stage-B4ZnF7Se.js:0
[ 4470978ms] [ERROR] WebSocket connection to 'ws://localhost:8031/' failed: Error during WebSocket handshake: Unexpected response code: 403 @ http://localhost:5199/assets/stage-B4ZnF7Se.js:0
[ 4473748ms] [ERROR] WebSocket connection to 'ws://localhost:8031/' failed: Error during WebSocket handshake: Unexpected response code: 403 @ http://localhost:5199/assets/stage-B4ZnF7Se.js:0
[ 4477172ms] [ERROR] WebSocket connection to 'ws://localhost:8031/' failed: Error during WebSocket handshake: Unexpected response code: 403 @ http://localhost:5199/assets/stage-B4ZnF7Se.js:0
[ 4483578ms] [ERROR] WebSocket connection to 'ws://localhost:8031/' failed: Error during WebSocket handshake: Unexpected response code: 403 @ http://localhost:5199/assets/stage-B4ZnF7Se.js:0
[ 4489414ms] [ERROR] WebSocket connection to 'ws://localhost:8031/' failed: Error during WebSocket handshake: Unexpected response code: 403 @ http://localhost:5199/assets/stage-B4ZnF7Se.js:0
[ 4495374ms] [ERROR] WebSocket connection to 'ws://localhost:8031/' failed: Error during WebSocket handshake: Unexpected response code: 403 @ http://localhost:5199/assets/stage-B4ZnF7Se.js:0
[ 4498651ms] [ERROR] WebSocket connection to 'ws://localhost:8031/' failed: Error during WebSocket handshake: Unexpected response code: 403 @ http://localhost:5199/assets/stage-B4ZnF7Se.js:0
[ 4501171ms] [ERROR] WebSocket connection to 'ws://localhost:8031/' failed: Error during WebSocket handshake: Unexpected response code: 403 @ http://localhost:5199/assets/stage-B4ZnF7Se.js:0
[ 4505733ms] [ERROR] WebSocket connection to 'ws://localhost:8031/' failed: Error during WebSocket handshake: Unexpected response code: 403 @ http://localhost:5199/assets/stage-B4ZnF7Se.js:0
[ 4508808ms] [ERROR] WebSocket connection to 'ws://localhost:8031/' failed: Error during WebSocket handshake: Unexpected response code: 403 @ http://localhost:5199/assets/stage-B4ZnF7Se.js:0
[ 4513215ms] [ERROR] WebSocket connection to 'ws://localhost:8031/' failed: Error during WebSocket handshake: Unexpected response code: 403 @ http://localhost:5199/assets/stage-B4ZnF7Se.js:0
[ 4519162ms] [ERROR] WebSocket connection to 'ws://localhost:8031/' failed: Error during WebSocket handshake: Unexpected response code: 403 @ http://localhost:5199/assets/stage-B4ZnF7Se.js:0
[ 4525555ms] [ERROR] WebSocket connection to 'ws://localhost:8031/' failed: Error during WebSocket handshake: Unexpected response code: 403 @ http://localhost:5199/assets/stage-B4ZnF7Se.js:0
[ 4530945ms] [ERROR] WebSocket connection to 'ws://localhost:8031/' failed: Error during WebSocket handshake: Unexpected response code: 403 @ http://localhost:5199/assets/stage-B4ZnF7Se.js:0
[ 4536904ms] [ERROR] WebSocket connection to 'ws://localhost:8031/' failed: Error during WebSocket handshake: Unexpected response code: 403 @ http://localhost:5199/assets/stage-B4ZnF7Se.js:0
[ 4542691ms] [ERROR] WebSocket connection to 'ws://localhost:8031/' failed: Error during WebSocket handshake: Unexpected response code: 403 @ http://localhost:5199/assets/stage-B4ZnF7Se.js:0
[ 4545999ms] [ERROR] WebSocket connection to 'ws://localhost:8031/' failed: Error during WebSocket handshake: Unexpected response code: 403 @ http://localhost:5199/assets/stage-B4ZnF7Se.js:0
[ 4551663ms] [ERROR] WebSocket connection to 'ws://localhost:8031/' failed: Error during WebSocket handshake: Unexpected response code: 403 @ http://localhost:5199/assets/stage-B4ZnF7Se.js:0
[ 4556196ms] [ERROR] WebSocket connection to 'ws://localhost:8031/' failed: Error during WebSocket handshake: Unexpected response code: 403 @ http://localhost:5199/assets/stage-B4ZnF7Se.js:0
[ 4559693ms] [ERROR] WebSocket connection to 'ws://localhost:8031/' failed: Error during WebSocket handshake: Unexpected response code: 403 @ http://localhost:5199/assets/stage-B4ZnF7Se.js:0
[ 4565788ms] [ERROR] WebSocket connection to 'ws://localhost:8031/' failed: Error during WebSocket handshake: Unexpected response code: 403 @ http://localhost:5199/assets/stage-B4ZnF7Se.js:0
[ 4571434ms] [ERROR] WebSocket connection to 'ws://localhost:8031/' failed: Error during WebSocket handshake: Unexpected response code: 403 @ http://localhost:5199/assets/stage-B4ZnF7Se.js:0
[ 4576130ms] [ERROR] WebSocket connection to 'ws://localhost:8031/' failed: Error during WebSocket handshake: Unexpected response code: 403 @ http://localhost:5199/assets/stage-B4ZnF7Se.js:0
[ 4581237ms] [ERROR] WebSocket connection to 'ws://localhost:8031/' failed: Error during WebSocket handshake: Unexpected response code: 403 @ http://localhost:5199/assets/stage-B4ZnF7Se.js:0
[ 4587329ms] [ERROR] WebSocket connection to 'ws://localhost:8031/' failed: Error during WebSocket handshake: Unexpected response code: 403 @ http://localhost:5199/assets/stage-B4ZnF7Se.js:0
[ 4590849ms] [ERROR] WebSocket connection to 'ws://localhost:8031/' failed: Error during WebSocket handshake: Unexpected response code: 403 @ http://localhost:5199/assets/stage-B4ZnF7Se.js:0
[ 4594897ms] [ERROR] WebSocket connection to 'ws://localhost:8031/' failed: Error during WebSocket handshake: Unexpected response code: 403 @ http://localhost:5199/assets/stage-B4ZnF7Se.js:0
[ 4598508ms] [ERROR] WebSocket connection to 'ws://localhost:8031/' failed: Error during WebSocket handshake: Unexpected response code: 403 @ http://localhost:5199/assets/stage-B4ZnF7Se.js:0
[ 4601708ms] [ERROR] WebSocket connection to 'ws://localhost:8031/' failed: Error during WebSocket handshake: Unexpected response code: 403 @ http://localhost:5199/assets/stage-B4ZnF7Se.js:0
[ 4605972ms] [ERROR] WebSocket connection to 'ws://localhost:8031/' failed: Error during WebSocket handshake: Unexpected response code: 403 @ http://localhost:5199/assets/stage-B4ZnF7Se.js:0
[ 4609150ms] [ERROR] WebSocket connection to 'ws://localhost:8031/' failed: Error during WebSocket handshake: Unexpected response code: 403 @ http://localhost:5199/assets/stage-B4ZnF7Se.js:0
[ 4615567ms] [ERROR] WebSocket connection to 'ws://localhost:8031/' failed: Error during WebSocket handshake: Unexpected response code: 403 @ http://localhost:5199/assets/stage-B4ZnF7Se.js:0
[ 4618530ms] [ERROR] WebSocket connection to 'ws://localhost:8031/' failed: Error during WebSocket handshake: Unexpected response code: 403 @ http://localhost:5199/assets/stage-B4ZnF7Se.js:0
[ 4622225ms] [ERROR] WebSocket connection to 'ws://localhost:8031/' failed: Error during WebSocket handshake: Unexpected response code: 403 @ http://localhost:5199/assets/stage-B4ZnF7Se.js:0
[ 4626781ms] [ERROR] WebSocket connection to 'ws://localhost:8031/' failed: Error in connection establishment: net::ERR_CONNECTION_REFUSED @ http://localhost:5199/assets/stage-B4ZnF7Se.js:0
[ 4630834ms] [ERROR] WebSocket connection to 'ws://localhost:8031/' failed: Error in connection establishment: net::ERR_CONNECTION_REFUSED @ http://localhost:5199/assets/stage-B4ZnF7Se.js:0
[ 4632340ms] [ERROR] WebSocket connection to 'ws://localhost:8031/' failed: Error in connection establishment: net::ERR_CONNECTION_REFUSED @ http://localhost:5199/assets/stage-B4ZnF7Se.js:0
[ 4633844ms] [ERROR] WebSocket connection to 'ws://localhost:8031/' failed: Error in connection establishment: net::ERR_CONNECTION_REFUSED @ http://localhost:5199/assets/stage-B4ZnF7Se.js:0
[ 4635348ms] [ERROR] WebSocket connection to 'ws://localhost:8031/' failed: Error in connection establishment: net::ERR_CONNECTION_REFUSED @ http://localhost:5199/assets/stage-B4ZnF7Se.js:0
[ 4636851ms] [ERROR] WebSocket connection to 'ws://localhost:8031/' failed: Error in connection establishment: net::ERR_CONNECTION_REFUSED @ http://localhost:5199/assets/stage-B4ZnF7Se.js:0
[ 4638356ms] [ERROR] WebSocket connection to 'ws://localhost:8031/' failed: Error in connection establishment: net::ERR_CONNECTION_REFUSED @ http://localhost:5199/assets/stage-B4ZnF7Se.js:0
[ 4639864ms] [ERROR] WebSocket connection to 'ws://localhost:8031/' failed: Error in connection establishment: net::ERR_CONNECTION_REFUSED @ http://localhost:5199/assets/stage-B4ZnF7Se.js:0
[ 4641379ms] [ERROR] WebSocket connection to 'ws://localhost:8031/' failed: Error in connection establishment: net::ERR_CONNECTION_REFUSED @ http://localhost:5199/assets/stage-B4ZnF7Se.js:0
[ 4642895ms] [ERROR] WebSocket connection to 'ws://localhost:8031/' failed: Error in connection establishment: net::ERR_CONNECTION_REFUSED @ http://localhost:5199/assets/stage-B4ZnF7Se.js:0
[ 4644441ms] [ERROR] WebSocket connection to 'ws://localhost:8031/' failed: Error in connection establishment: net::ERR_CONNECTION_REFUSED @ http://localhost:5199/assets/stage-B4ZnF7Se.js:0
[ 4646029ms] [ERROR] WebSocket connection to 'ws://localhost:8031/' failed: Error in connection establishment: net::ERR_CONNECTION_REFUSED @ http://localhost:5199/assets/stage-B4ZnF7Se.js:0
[ 4647629ms] [ERROR] WebSocket connection to 'ws://localhost:8031/' failed: Error in connection establishment: net::ERR_CONNECTION_REFUSED @ http://localhost:5199/assets/stage-B4ZnF7Se.js:0
[ 4649354ms] [ERROR] WebSocket connection to 'ws://localhost:8031/' failed: Error in connection establishment: net::ERR_CONNECTION_REFUSED @ http://localhost:5199/assets/stage-B4ZnF7Se.js:0
[ 4651129ms] [ERROR] WebSocket connection to 'ws://localhost:8031/' failed: Error in connection establishment: net::ERR_CONNECTION_REFUSED @ http://localhost:5199/assets/stage-B4ZnF7Se.js:0
[ 4653006ms] [ERROR] WebSocket connection to 'ws://localhost:8031/' failed: Error in connection establishment: net::ERR_CONNECTION_REFUSED @ http://localhost:5199/assets/stage-B4ZnF7Se.js:0
[ 4655867ms] [ERROR] WebSocket connection to 'ws://localhost:8031/' failed: Error in connection establishment: net::ERR_CONNECTION_REFUSED @ http://localhost:5199/assets/stage-B4ZnF7Se.js:0
[ 4660973ms] [ERROR] WebSocket connection to 'ws://localhost:8031/' failed: Error in connection establishment: net::ERR_CONNECTION_REFUSED @ http://localhost:5199/assets/stage-B4ZnF7Se.js:0
[ 4666742ms] [ERROR] WebSocket connection to 'ws://localhost:8031/' failed: Error in connection establishment: net::ERR_CONNECTION_REFUSED @ http://localhost:5199/assets/stage-B4ZnF7Se.js:0
[ 4672863ms] [ERROR] WebSocket connection to 'ws://localhost:8031/' failed: Error in connection establishment: net::ERR_CONNECTION_REFUSED @ http://localhost:5199/assets/stage-B4ZnF7Se.js:0
[ 4677562ms] [ERROR] WebSocket connection to 'ws://localhost:8031/' failed: Error in connection establishment: net::ERR_CONNECTION_REFUSED @ http://localhost:5199/assets/stage-B4ZnF7Se.js:0
[ 4683919ms] [ERROR] WebSocket connection to 'ws://localhost:8031/' failed: Error in connection establishment: net::ERR_CONNECTION_REFUSED @ http://localhost:5199/assets/stage-B4ZnF7Se.js:0
[ 4688347ms] [ERROR] WebSocket connection to 'ws://localhost:8031/' failed: Error in connection establishment: net::ERR_CONNECTION_REFUSED @ http://localhost:5199/assets/stage-B4ZnF7Se.js:0
[ 4692484ms] [ERROR] WebSocket connection to 'ws://localhost:8031/' failed: Error in connection establishment: net::ERR_CONNECTION_REFUSED @ http://localhost:5199/assets/stage-B4ZnF7Se.js:0
[ 4695038ms] [ERROR] WebSocket connection to 'ws://localhost:8031/' failed: Error in connection establishment: net::ERR_CONNECTION_REFUSED @ http://localhost:5199/assets/stage-B4ZnF7Se.js:0
[ 4697822ms] [ERROR] WebSocket connection to 'ws://localhost:8031/' failed: Error in connection establishment: net::ERR_CONNECTION_REFUSED @ http://localhost:5199/assets/stage-B4ZnF7Se.js:0
[ 4703764ms] [ERROR] WebSocket connection to 'ws://localhost:8031/' failed: Error in connection establishment: net::ERR_CONNECTION_REFUSED @ http://localhost:5199/assets/stage-B4ZnF7Se.js:0
[ 4708258ms] [ERROR] WebSocket connection to 'ws://localhost:8031/' failed: Error in connection establishment: net::ERR_CONNECTION_REFUSED @ http://localhost:5199/assets/stage-B4ZnF7Se.js:0
[ 4710792ms] [ERROR] WebSocket connection to 'ws://localhost:8031/' failed: Error in connection establishment: net::ERR_CONNECTION_REFUSED @ http://localhost:5199/assets/stage-B4ZnF7Se.js:0
[ 4715551ms] [ERROR] WebSocket connection to 'ws://localhost:8031/' failed: Error in connection establishment: net::ERR_CONNECTION_REFUSED @ http://localhost:5199/assets/stage-B4ZnF7Se.js:0
[ 4721643ms] [ERROR] WebSocket connection to 'ws://localhost:8031/' failed: Error in connection establishment: net::ERR_CONNECTION_REFUSED @ http://localhost:5199/assets/stage-B4ZnF7Se.js:0
[ 4724922ms] [ERROR] WebSocket connection to 'ws://localhost:8031/' failed: Error in connection establishment: net::ERR_CONNECTION_REFUSED @ http://localhost:5199/assets/stage-B4ZnF7Se.js:0
[ 4728514ms] [ERROR] WebSocket connection to 'ws://localhost:8031/' failed: Error in connection establishment: net::ERR_CONNECTION_REFUSED @ http://localhost:5199/assets/stage-B4ZnF7Se.js:0
[ 4731096ms] [ERROR] WebSocket connection to 'ws://localhost:8031/' failed: Error in connection establishment: net::ERR_CONNECTION_REFUSED @ http://localhost:5199/assets/stage-B4ZnF7Se.js:0
[ 4737505ms] [ERROR] WebSocket connection to 'ws://localhost:8031/' failed: Error in connection establishment: net::ERR_CONNECTION_REFUSED @ http://localhost:5199/assets/stage-B4ZnF7Se.js:0
[ 4741343ms] [ERROR] WebSocket connection to 'ws://localhost:8031/' failed: Error in connection establishment: net::ERR_CONNECTION_REFUSED @ http://localhost:5199/assets/stage-B4ZnF7Se.js:0
[ 4746665ms] [ERROR] WebSocket connection to 'ws://localhost:8031/' failed: Error in connection establishment: net::ERR_CONNECTION_REFUSED @ http://localhost:5199/assets/stage-B4ZnF7Se.js:0
[ 4750814ms] [ERROR] WebSocket connection to 'ws://localhost:8031/' failed: Error in connection establishment: net::ERR_CONNECTION_REFUSED @ http://localhost:5199/assets/stage-B4ZnF7Se.js:0
[ 4755389ms] [ERROR] WebSocket connection to 'ws://localhost:8031/' failed: Error in connection establishment: net::ERR_CONNECTION_REFUSED @ http://localhost:5199/assets/stage-B4ZnF7Se.js:0
[ 4758101ms] [ERROR] WebSocket connection to 'ws://localhost:8031/' failed: Error in connection establishment: net::ERR_CONNECTION_REFUSED @ http://localhost:5199/assets/stage-B4ZnF7Se.js:0
[ 4764593ms] [ERROR] WebSocket connection to 'ws://localhost:8031/' failed: Error in connection establishment: net::ERR_CONNECTION_REFUSED @ http://localhost:5199/assets/stage-B4ZnF7Se.js:0
[ 4770365ms] [ERROR] WebSocket connection to 'ws://localhost:8031/' failed: Error in connection establishment: net::ERR_CONNECTION_REFUSED @ http://localhost:5199/assets/stage-B4ZnF7Se.js:0
[ 4774516ms] [ERROR] WebSocket connection to 'ws://localhost:8031/' failed: Error in connection establishment: net::ERR_CONNECTION_REFUSED @ http://localhost:5199/assets/stage-B4ZnF7Se.js:0
[ 4778685ms] [ERROR] WebSocket connection to 'ws://localhost:8031/' failed: Error in connection establishment: net::ERR_CONNECTION_REFUSED @ http://localhost:5199/assets/stage-B4ZnF7Se.js:0
[ 4784861ms] [ERROR] WebSocket connection to 'ws://localhost:8031/' failed: Error in connection establishment: net::ERR_CONNECTION_REFUSED @ http://localhost:5199/assets/stage-B4ZnF7Se.js:0
[ 4789411ms] [ERROR] WebSocket connection to 'ws://localhost:8031/' failed: Error in connection establishment: net::ERR_CONNECTION_REFUSED @ http://localhost:5199/assets/stage-B4ZnF7Se.js:0
[ 4793822ms] [ERROR] WebSocket connection to 'ws://localhost:8031/' failed: Error in connection establishment: net::ERR_CONNECTION_REFUSED @ http://localhost:5199/assets/stage-B4ZnF7Se.js:0
[ 4799511ms] [ERROR] WebSocket connection to 'ws://localhost:8031/' failed: Error in connection establishment: net::ERR_CONNECTION_REFUSED @ http://localhost:5199/assets/stage-B4ZnF7Se.js:0
[ 4804440ms] [ERROR] WebSocket connection to 'ws://localhost:8031/' failed: Error in connection establishment: net::ERR_CONNECTION_REFUSED @ http://localhost:5199/assets/stage-B4ZnF7Se.js:0
[ 4810077ms] [ERROR] WebSocket connection to 'ws://localhost:8031/' failed: Error in connection establishment: net::ERR_CONNECTION_REFUSED @ http://localhost:5199/assets/stage-B4ZnF7Se.js:0
[ 4814531ms] [ERROR] WebSocket connection to 'ws://localhost:8031/' failed: Error in connection establishment: net::ERR_CONNECTION_REFUSED @ http://localhost:5199/assets/stage-B4ZnF7Se.js:0
[ 4818099ms] [ERROR] WebSocket connection to 'ws://localhost:8031/' failed: Error in connection establishment: net::ERR_CONNECTION_REFUSED @ http://localhost:5199/assets/stage-B4ZnF7Se.js:0
[ 4822574ms] [ERROR] WebSocket connection to 'ws://localhost:8031/' failed: Error in connection establishment: net::ERR_CONNECTION_REFUSED @ http://localhost:5199/assets/stage-B4ZnF7Se.js:0
[ 4828232ms] [ERROR] WebSocket connection to 'ws://localhost:8031/' failed: Error in connection establishment: net::ERR_CONNECTION_REFUSED @ http://localhost:5199/assets/stage-B4ZnF7Se.js:0
[ 4831807ms] [ERROR] WebSocket connection to 'ws://localhost:8031/' failed: Error in connection establishment: net::ERR_CONNECTION_REFUSED @ http://localhost:5199/assets/stage-B4ZnF7Se.js:0
[ 4836389ms] [ERROR] WebSocket connection to 'ws://localhost:8031/' failed: Error in connection establishment: net::ERR_CONNECTION_REFUSED @ http://localhost:5199/assets/stage-B4ZnF7Se.js:0
[ 4841036ms] [ERROR] WebSocket connection to 'ws://localhost:8031/' failed: Error in connection establishment: net::ERR_CONNECTION_REFUSED @ http://localhost:5199/assets/stage-B4ZnF7Se.js:0
[ 4845319ms] [ERROR] WebSocket connection to 'ws://localhost:8031/' failed: Error in connection establishment: net::ERR_CONNECTION_REFUSED @ http://localhost:5199/assets/stage-B4ZnF7Se.js:0
[ 4849699ms] [ERROR] WebSocket connection to 'ws://localhost:8031/' failed: Error in connection establishment: net::ERR_CONNECTION_REFUSED @ http://localhost:5199/assets/stage-B4ZnF7Se.js:0
[ 4853145ms] [ERROR] WebSocket connection to 'ws://localhost:8031/' failed: Error in connection establishment: net::ERR_CONNECTION_REFUSED @ http://localhost:5199/assets/stage-B4ZnF7Se.js:0
[ 4855791ms] [ERROR] WebSocket connection to 'ws://localhost:8031/' failed: Error in connection establishment: net::ERR_CONNECTION_REFUSED @ http://localhost:5199/assets/stage-B4ZnF7Se.js:0
[ 4861257ms] [ERROR] WebSocket connection to 'ws://localhost:8031/' failed: Error in connection establishment: net::ERR_CONNECTION_REFUSED @ http://localhost:5199/assets/stage-B4ZnF7Se.js:0
[ 4864415ms] [ERROR] WebSocket connection to 'ws://localhost:8031/' failed: Error in connection establishment: net::ERR_CONNECTION_REFUSED @ http://localhost:5199/assets/stage-B4ZnF7Se.js:0
[ 4870907ms] [ERROR] WebSocket connection to 'ws://localhost:8031/' failed: Error in connection establishment: net::ERR_CONNECTION_REFUSED @ http://localhost:5199/assets/stage-B4ZnF7Se.js:0
[ 4872411ms] [ERROR] WebSocket connection to 'ws://localhost:8031/' failed: Error in connection establishment: net::ERR_CONNECTION_REFUSED @ http://localhost:5199/assets/stage-B4ZnF7Se.js:0
[ 4873914ms] [ERROR] WebSocket connection to 'ws://localhost:8031/' failed: Error in connection establishment: net::ERR_CONNECTION_REFUSED @ http://localhost:5199/assets/stage-B4ZnF7Se.js:0
[ 4875417ms] [ERROR] WebSocket connection to 'ws://localhost:8031/' failed: Error in connection establishment: net::ERR_CONNECTION_REFUSED @ http://localhost:5199/assets/stage-B4ZnF7Se.js:0
[ 4876920ms] [ERROR] WebSocket connection to 'ws://localhost:8031/' failed: Error in connection establishment: net::ERR_CONNECTION_REFUSED @ http://localhost:5199/assets/stage-B4ZnF7Se.js:0
[ 4878426ms] [ERROR] WebSocket connection to 'ws://localhost:8031/' failed: Error in connection establishment: net::ERR_CONNECTION_REFUSED @ http://localhost:5199/assets/stage-B4ZnF7Se.js:0
[ 4879931ms] [ERROR] WebSocket connection to 'ws://localhost:8031/' failed: Error in connection establishment: net::ERR_CONNECTION_REFUSED @ http://localhost:5199/assets/stage-B4ZnF7Se.js:0
[ 4881444ms] [ERROR] WebSocket connection to 'ws://localhost:8031/' failed: Error in connection establishment: net::ERR_CONNECTION_REFUSED @ http://localhost:5199/assets/stage-B4ZnF7Se.js:0
[ 4882973ms] [ERROR] WebSocket connection to 'ws://localhost:8031/' failed: Error in connection establishment: net::ERR_CONNECTION_REFUSED @ http://localhost:5199/assets/stage-B4ZnF7Se.js:0
[ 4884491ms] [ERROR] WebSocket connection to 'ws://localhost:8031/' failed: Error in connection establishment: net::ERR_CONNECTION_REFUSED @ http://localhost:5199/assets/stage-B4ZnF7Se.js:0
[ 4886058ms] [ERROR] WebSocket connection to 'ws://localhost:8031/' failed: Error in connection establishment: net::ERR_CONNECTION_REFUSED @ http://localhost:5199/assets/stage-B4ZnF7Se.js:0
[ 4887695ms] [ERROR] WebSocket connection to 'ws://localhost:8031/' failed: Error in connection establishment: net::ERR_CONNECTION_REFUSED @ http://localhost:5199/assets/stage-B4ZnF7Se.js:0
[ 4889278ms] [ERROR] WebSocket connection to 'ws://localhost:8031/' failed: Error in connection establishment: net::ERR_CONNECTION_REFUSED @ http://localhost:5199/assets/stage-B4ZnF7Se.js:0
[ 4891011ms] [ERROR] WebSocket connection to 'ws://localhost:8031/' failed: Error in connection establishment: net::ERR_CONNECTION_REFUSED @ http://localhost:5199/assets/stage-B4ZnF7Se.js:0
[ 4893724ms] [ERROR] WebSocket connection to 'ws://localhost:8031/' failed: Error in connection establishment: net::ERR_CONNECTION_REFUSED @ http://localhost:5199/assets/stage-B4ZnF7Se.js:0
[ 4896241ms] [ERROR] WebSocket connection to 'ws://localhost:8031/' failed: Error in connection establishment: net::ERR_CONNECTION_REFUSED @ http://localhost:5199/assets/stage-B4ZnF7Se.js:0
[ 4902095ms] [ERROR] WebSocket connection to 'ws://localhost:8031/' failed: Error in connection establishment: net::ERR_CONNECTION_REFUSED @ http://localhost:5199/assets/stage-B4ZnF7Se.js:0
[ 4906507ms] [ERROR] WebSocket connection to 'ws://localhost:8031/' failed: Error in connection establishment: net::ERR_CONNECTION_REFUSED @ http://localhost:5199/assets/stage-B4ZnF7Se.js:0
[ 4910653ms] [ERROR] WebSocket connection to 'ws://localhost:8031/' failed: Error in connection establishment: net::ERR_CONNECTION_REFUSED @ http://localhost:5199/assets/stage-B4ZnF7Se.js:0
[ 4914273ms] [ERROR] WebSocket connection to 'ws://localhost:8031/' failed: Error in connection establishment: net::ERR_CONNECTION_REFUSED @ http://localhost:5199/assets/stage-B4ZnF7Se.js:0
[ 4917470ms] [ERROR] WebSocket connection to 'ws://localhost:8031/' failed: Error in connection establishment: net::ERR_CONNECTION_REFUSED @ http://localhost:5199/assets/stage-B4ZnF7Se.js:0
[ 4922382ms] [ERROR] WebSocket connection to 'ws://localhost:8031/' failed: Error in connection establishment: net::ERR_CONNECTION_REFUSED @ http://localhost:5199/assets/stage-B4ZnF7Se.js:0
[ 4926573ms] [ERROR] WebSocket connection to 'ws://localhost:8031/' failed: Error in connection establishment: net::ERR_CONNECTION_REFUSED @ http://localhost:5199/assets/stage-B4ZnF7Se.js:0
[ 4930532ms] [ERROR] WebSocket connection to 'ws://localhost:8031/' failed: Error in connection establishment: net::ERR_CONNECTION_REFUSED @ http://localhost:5199/assets/stage-B4ZnF7Se.js:0
[ 4933724ms] [ERROR] WebSocket connection to 'ws://localhost:8031/' failed: Error in connection establishment: net::ERR_CONNECTION_REFUSED @ http://localhost:5199/assets/stage-B4ZnF7Se.js:0
[ 4939284ms] [ERROR] WebSocket connection to 'ws://localhost:8031/' failed: Error in connection establishment: net::ERR_CONNECTION_REFUSED @ http://localhost:5199/assets/stage-B4ZnF7Se.js:0
[ 4945465ms] [ERROR] WebSocket connection to 'ws://localhost:8031/' failed: Error in connection establishment: net::ERR_CONNECTION_REFUSED @ http://localhost:5199/assets/stage-B4ZnF7Se.js:0
[ 4948803ms] [ERROR] WebSocket connection to 'ws://localhost:8031/' failed: Error in connection establishment: net::ERR_CONNECTION_REFUSED @ http://localhost:5199/assets/stage-B4ZnF7Se.js:0
[ 4952116ms] [ERROR] WebSocket connection to 'ws://localhost:8031/' failed: Error in connection establishment: net::ERR_CONNECTION_REFUSED @ http://localhost:5199/assets/stage-B4ZnF7Se.js:0
[ 4958572ms] [ERROR] WebSocket connection to 'ws://localhost:8031/' failed: Error in connection establishment: net::ERR_CONNECTION_REFUSED @ http://localhost:5199/assets/stage-B4ZnF7Se.js:0
[ 4961480ms] [ERROR] WebSocket connection to 'ws://localhost:8031/' failed: Error in connection establishment: net::ERR_CONNECTION_REFUSED @ http://localhost:5199/assets/stage-B4ZnF7Se.js:0
[ 4964316ms] [ERROR] WebSocket connection to 'ws://localhost:8031/' failed: Error in connection establishment: net::ERR_CONNECTION_REFUSED @ http://localhost:5199/assets/stage-B4ZnF7Se.js:0
[ 4968712ms] [ERROR] WebSocket connection to 'ws://localhost:8031/' failed: Error in connection establishment: net::ERR_CONNECTION_REFUSED @ http://localhost:5199/assets/stage-B4ZnF7Se.js:0
[ 4972659ms] [ERROR] WebSocket connection to 'ws://localhost:8031/' failed: Error in connection establishment: net::ERR_CONNECTION_REFUSED @ http://localhost:5199/assets/stage-B4ZnF7Se.js:0
[ 4975246ms] [ERROR] WebSocket connection to 'ws://localhost:8031/' failed: Error in connection establishment: net::ERR_CONNECTION_REFUSED @ http://localhost:5199/assets/stage-B4ZnF7Se.js:0
[ 4980514ms] [ERROR] WebSocket connection to 'ws://localhost:8031/' failed: Error in connection establishment: net::ERR_CONNECTION_REFUSED @ http://localhost:5199/assets/stage-B4ZnF7Se.js:0
[ 4985983ms] [ERROR] WebSocket connection to 'ws://localhost:8031/' failed: Error in connection establishment: net::ERR_CONNECTION_REFUSED @ http://localhost:5199/assets/stage-B4ZnF7Se.js:0
[ 4988672ms] [ERROR] WebSocket connection to 'ws://localhost:8031/' failed: Error in connection establishment: net::ERR_CONNECTION_REFUSED @ http://localhost:5199/assets/stage-B4ZnF7Se.js:0
[ 4993746ms] [ERROR] WebSocket connection to 'ws://localhost:8031/' failed: Error in connection establishment: net::ERR_CONNECTION_REFUSED @ http://localhost:5199/assets/stage-B4ZnF7Se.js:0
[ 4997588ms] [ERROR] WebSocket connection to 'ws://localhost:8031/' failed: Error in connection establishment: net::ERR_CONNECTION_REFUSED @ http://localhost:5199/assets/stage-B4ZnF7Se.js:0
[ 5001130ms] [ERROR] WebSocket connection to 'ws://localhost:8031/' failed: Error in connection establishment: net::ERR_CONNECTION_REFUSED @ http://localhost:5199/assets/stage-B4ZnF7Se.js:0
[ 5006122ms] [ERROR] WebSocket connection to 'ws://localhost:8031/' failed: Error in connection establishment: net::ERR_CONNECTION_REFUSED @ http://localhost:5199/assets/stage-B4ZnF7Se.js:0
[ 5009960ms] [ERROR] WebSocket connection to 'ws://localhost:8031/' failed: Error in connection establishment: net::ERR_CONNECTION_REFUSED @ http://localhost:5199/assets/stage-B4ZnF7Se.js:0
[ 5015034ms] [ERROR] WebSocket connection to 'ws://localhost:8031/' failed: Error in connection establishment: net::ERR_CONNECTION_REFUSED @ http://localhost:5199/assets/stage-B4ZnF7Se.js:0
[ 5019817ms] [ERROR] WebSocket connection to 'ws://localhost:8031/' failed: Error in connection establishment: net::ERR_CONNECTION_REFUSED @ http://localhost:5199/assets/stage-B4ZnF7Se.js:0
[ 5025884ms] [ERROR] WebSocket connection to 'ws://localhost:8031/' failed: Error in connection establishment: net::ERR_CONNECTION_REFUSED @ http://localhost:5199/assets/stage-B4ZnF7Se.js:0
[ 5030409ms] [ERROR] WebSocket connection to 'ws://localhost:8031/' failed: Error in connection establishment: net::ERR_CONNECTION_REFUSED @ http://localhost:5199/assets/stage-B4ZnF7Se.js:0
[ 5034501ms] [ERROR] WebSocket connection to 'ws://localhost:8031/' failed: Error in connection establishment: net::ERR_CONNECTION_REFUSED @ http://localhost:5199/assets/stage-B4ZnF7Se.js:0
[ 5037576ms] [ERROR] WebSocket connection to 'ws://localhost:8031/' failed: Error in connection establishment: net::ERR_CONNECTION_REFUSED @ http://localhost:5199/assets/stage-B4ZnF7Se.js:0
[ 5040755ms] [ERROR] WebSocket connection to 'ws://localhost:8031/' failed: Error in connection establishment: net::ERR_CONNECTION_REFUSED @ http://localhost:5199/assets/stage-B4ZnF7Se.js:0
[ 5043651ms] [ERROR] WebSocket connection to 'ws://localhost:8031/' failed: Error in connection establishment: net::ERR_CONNECTION_REFUSED @ http://localhost:5199/assets/stage-B4ZnF7Se.js:0
[ 5047013ms] [ERROR] WebSocket connection to 'ws://localhost:8031/' failed: Error in connection establishment: net::ERR_CONNECTION_REFUSED @ http://localhost:5199/assets/stage-B4ZnF7Se.js:0
[ 5051713ms] [ERROR] WebSocket connection to 'ws://localhost:8031/' failed: Error in connection establishment: net::ERR_CONNECTION_REFUSED @ http://localhost:5199/assets/stage-B4ZnF7Se.js:0
[ 5056714ms] [ERROR] WebSocket connection to 'ws://localhost:8031/' failed: Error in connection establishment: net::ERR_CONNECTION_REFUSED @ http://localhost:5199/assets/stage-B4ZnF7Se.js:0
[ 5059238ms] [ERROR] WebSocket connection to 'ws://localhost:8031/' failed: Error in connection establishment: net::ERR_CONNECTION_REFUSED @ http://localhost:5199/assets/stage-B4ZnF7Se.js:0
[ 5064593ms] [ERROR] WebSocket connection to 'ws://localhost:8031/' failed: Error in connection establishment: net::ERR_CONNECTION_REFUSED @ http://localhost:5199/assets/stage-B4ZnF7Se.js:0
[ 5069188ms] [ERROR] WebSocket connection to 'ws://localhost:8031/' failed: Error in connection establishment: net::ERR_CONNECTION_REFUSED @ http://localhost:5199/assets/stage-B4ZnF7Se.js:0
[ 5072901ms] [ERROR] WebSocket connection to 'ws://localhost:8031/' failed: Error in connection establishment: net::ERR_CONNECTION_REFUSED @ http://localhost:5199/assets/stage-B4ZnF7Se.js:0
[ 5079017ms] [ERROR] WebSocket connection to 'ws://localhost:8031/' failed: Error in connection establishment: net::ERR_CONNECTION_REFUSED @ http://localhost:5199/assets/stage-B4ZnF7Se.js:0
[ 5083946ms] [ERROR] WebSocket connection to 'ws://localhost:8031/' failed: Error in connection establishment: net::ERR_CONNECTION_REFUSED @ http://localhost:5199/assets/stage-B4ZnF7Se.js:0
[ 5087082ms] [ERROR] WebSocket connection to 'ws://localhost:8031/' failed: Error in connection establishment: net::ERR_CONNECTION_REFUSED @ http://localhost:5199/assets/stage-B4ZnF7Se.js:0
[ 5092501ms] [ERROR] WebSocket connection to 'ws://localhost:8031/' failed: Error in connection establishment: net::ERR_CONNECTION_REFUSED @ http://localhost:5199/assets/stage-B4ZnF7Se.js:0
[ 5097998ms] [ERROR] WebSocket connection to 'ws://localhost:8031/' failed: Error in connection establishment: net::ERR_CONNECTION_REFUSED @ http://localhost:5199/assets/stage-B4ZnF7Se.js:0
[ 5103131ms] [ERROR] WebSocket connection to 'ws://localhost:8031/' failed: Error in connection establishment: net::ERR_CONNECTION_REFUSED @ http://localhost:5199/assets/stage-B4ZnF7Se.js:0
[ 5107260ms] [ERROR] WebSocket connection to 'ws://localhost:8031/' failed: Error in connection establishment: net::ERR_CONNECTION_REFUSED @ http://localhost:5199/assets/stage-B4ZnF7Se.js:0
[ 5113380ms] [ERROR] WebSocket connection to 'ws://localhost:8031/' failed: Error in connection establishment: net::ERR_CONNECTION_REFUSED @ http://localhost:5199/assets/stage-B4ZnF7Se.js:0
[ 5119489ms] [ERROR] WebSocket connection to 'ws://localhost:8031/' failed: Error in connection establishment: net::ERR_CONNECTION_REFUSED @ http://localhost:5199/assets/stage-B4ZnF7Se.js:0
[ 5125347ms] [ERROR] WebSocket connection to 'ws://localhost:8031/' failed: Error in connection establishment: net::ERR_CONNECTION_REFUSED @ http://localhost:5199/assets/stage-B4ZnF7Se.js:0
[ 5129197ms] [ERROR] WebSocket connection to 'ws://localhost:8031/' failed: Error in connection establishment: net::ERR_CONNECTION_REFUSED @ http://localhost:5199/assets/stage-B4ZnF7Se.js:0
[ 5135124ms] [ERROR] WebSocket connection to 'ws://localhost:8031/' failed: Error in connection establishment: net::ERR_CONNECTION_REFUSED @ http://localhost:5199/assets/stage-B4ZnF7Se.js:0
[ 5138831ms] [ERROR] WebSocket connection to 'ws://localhost:8031/' failed: Error in connection establishment: net::ERR_CONNECTION_REFUSED @ http://localhost:5199/assets/stage-B4ZnF7Se.js:0
[ 5144447ms] [ERROR] WebSocket connection to 'ws://localhost:8031/' failed: Error in connection establishment: net::ERR_CONNECTION_REFUSED @ http://localhost:5199/assets/stage-B4ZnF7Se.js:0
[ 5149135ms] [ERROR] WebSocket connection to 'ws://localhost:8031/' failed: Error in connection establishment: net::ERR_CONNECTION_REFUSED @ http://localhost:5199/assets/stage-B4ZnF7Se.js:0
[ 5152348ms] [ERROR] WebSocket connection to 'ws://localhost:8031/' failed: Error in connection establishment: net::ERR_CONNECTION_REFUSED @ http://localhost:5199/assets/stage-B4ZnF7Se.js:0
[ 5154948ms] [ERROR] WebSocket connection to 'ws://localhost:8031/' failed: Error in connection establishment: net::ERR_CONNECTION_REFUSED @ http://localhost:5199/assets/stage-B4ZnF7Se.js:0
[ 5160732ms] [ERROR] WebSocket connection to 'ws://localhost:8031/' failed: Error in connection establishment: net::ERR_CONNECTION_REFUSED @ http://localhost:5199/assets/stage-B4ZnF7Se.js:0
[ 5166770ms] [ERROR] WebSocket connection to 'ws://localhost:8031/' failed: Error in connection establishment: net::ERR_CONNECTION_REFUSED @ http://localhost:5199/assets/stage-B4ZnF7Se.js:0
[ 5172166ms] [ERROR] WebSocket connection to 'ws://localhost:8031/' failed: Error in connection establishment: net::ERR_CONNECTION_REFUSED @ http://localhost:5199/assets/stage-B4ZnF7Se.js:0
[ 5176603ms] [ERROR] WebSocket connection to 'ws://localhost:8031/' failed: Error in connection establishment: net::ERR_CONNECTION_REFUSED @ http://localhost:5199/assets/stage-B4ZnF7Se.js:0
[ 5180520ms] [ERROR] WebSocket connection to 'ws://localhost:8031/' failed: Error in connection establishment: net::ERR_CONNECTION_REFUSED @ http://localhost:5199/assets/stage-B4ZnF7Se.js:0
[ 5184628ms] [ERROR] WebSocket connection to 'ws://localhost:8031/' failed: Error in connection establishment: net::ERR_CONNECTION_REFUSED @ http://localhost:5199/assets/stage-B4ZnF7Se.js:0
[ 5188386ms] [ERROR] WebSocket connection to 'ws://localhost:8031/' failed: Error in connection establishment: net::ERR_CONNECTION_REFUSED @ http://localhost:5199/assets/stage-B4ZnF7Se.js:0
[ 5192800ms] [ERROR] WebSocket connection to 'ws://localhost:8031/' failed: Error in connection establishment: net::ERR_CONNECTION_REFUSED @ http://localhost:5199/assets/stage-B4ZnF7Se.js:0
[ 5195462ms] [ERROR] WebSocket connection to 'ws://localhost:8031/' failed: Error in connection establishment: net::ERR_CONNECTION_REFUSED @ http://localhost:5199/assets/stage-B4ZnF7Se.js:0
[ 5199506ms] [ERROR] WebSocket connection to 'ws://localhost:8031/' failed: Error in connection establishment: net::ERR_CONNECTION_REFUSED @ http://localhost:5199/assets/stage-B4ZnF7Se.js:0
[ 5205207ms] [ERROR] WebSocket connection to 'ws://localhost:8031/' failed: Error in connection establishment: net::ERR_CONNECTION_REFUSED @ http://localhost:5199/assets/stage-B4ZnF7Se.js:0
[ 5209356ms] [ERROR] WebSocket connection to 'ws://localhost:8031/' failed: Error in connection establishment: net::ERR_CONNECTION_REFUSED @ http://localhost:5199/assets/stage-B4ZnF7Se.js:0
[ 5213156ms] [ERROR] WebSocket connection to 'ws://localhost:8031/' failed: Error in connection establishment: net::ERR_CONNECTION_REFUSED @ http://localhost:5199/assets/stage-B4ZnF7Se.js:0
[ 5218106ms] [ERROR] WebSocket connection to 'ws://localhost:8031/' failed: Error in connection establishment: net::ERR_CONNECTION_REFUSED @ http://localhost:5199/assets/stage-B4ZnF7Se.js:0
[ 5222703ms] [ERROR] WebSocket connection to 'ws://localhost:8031/' failed: Error in connection establishment: net::ERR_CONNECTION_REFUSED @ http://localhost:5199/assets/stage-B4ZnF7Se.js:0
[ 5227178ms] [ERROR] WebSocket connection to 'ws://localhost:8031/' failed: Error in connection establishment: net::ERR_CONNECTION_REFUSED @ http://localhost:5199/assets/stage-B4ZnF7Se.js:0
[ 5231378ms] [ERROR] WebSocket connection to 'ws://localhost:8031/' failed: Error in connection establishment: net::ERR_CONNECTION_REFUSED @ http://localhost:5199/assets/stage-B4ZnF7Se.js:0
[ 5232881ms] [ERROR] WebSocket connection to 'ws://localhost:8031/' failed: Error in connection establishment: net::ERR_CONNECTION_REFUSED @ http://localhost:5199/assets/stage-B4ZnF7Se.js:0
[ 5234384ms] [ERROR] WebSocket connection to 'ws://localhost:8031/' failed: Error in connection establishment: net::ERR_CONNECTION_REFUSED @ http://localhost:5199/assets/stage-B4ZnF7Se.js:0
[ 5235887ms] [ERROR] WebSocket connection to 'ws://localhost:8031/' failed: Error in connection establishment: net::ERR_CONNECTION_REFUSED @ http://localhost:5199/assets/stage-B4ZnF7Se.js:0
[ 5237391ms] [ERROR] WebSocket connection to 'ws://localhost:8031/' failed: Error in connection establishment: net::ERR_CONNECTION_REFUSED @ http://localhost:5199/assets/stage-B4ZnF7Se.js:0
[ 5238894ms] [ERROR] WebSocket connection to 'ws://localhost:8031/' failed: Error in connection establishment: net::ERR_CONNECTION_REFUSED @ http://localhost:5199/assets/stage-B4ZnF7Se.js:0
[ 5240400ms] [ERROR] WebSocket connection to 'ws://localhost:8031/' failed: Error in connection establishment: net::ERR_CONNECTION_REFUSED @ http://localhost:5199/assets/stage-B4ZnF7Se.js:0
[ 5241911ms] [ERROR] WebSocket connection to 'ws://localhost:8031/' failed: Error in connection establishment: net::ERR_CONNECTION_REFUSED @ http://localhost:5199/assets/stage-B4ZnF7Se.js:0
[ 5243434ms] [ERROR] WebSocket connection to 'ws://localhost:8031/' failed: Error in connection establishment: net::ERR_CONNECTION_REFUSED @ http://localhost:5199/assets/stage-B4ZnF7Se.js:0
[ 5244982ms] [ERROR] WebSocket connection to 'ws://localhost:8031/' failed: Error in connection establishment: net::ERR_CONNECTION_REFUSED @ http://localhost:5199/assets/stage-B4ZnF7Se.js:0
[ 5246528ms] [ERROR] WebSocket connection to 'ws://localhost:8031/' failed: Error in connection establishment: net::ERR_CONNECTION_REFUSED @ http://localhost:5199/assets/stage-B4ZnF7Se.js:0
[ 5248182ms] [ERROR] WebSocket connection to 'ws://localhost:8031/' failed: Error in connection establishment: net::ERR_CONNECTION_REFUSED @ http://localhost:5199/assets/stage-B4ZnF7Se.js:0
[ 5249974ms] [ERROR] WebSocket connection to 'ws://localhost:8031/' failed: Error in connection establishment: net::ERR_CONNECTION_REFUSED @ http://localhost:5199/assets/stage-B4ZnF7Se.js:0
[ 5251708ms] [ERROR] WebSocket connection to 'ws://localhost:8031/' failed: Error in connection establishment: net::ERR_CONNECTION_REFUSED @ http://localhost:5199/assets/stage-B4ZnF7Se.js:0
[ 5253782ms] [ERROR] WebSocket connection to 'ws://localhost:8031/' failed: Error in connection establishment: net::ERR_CONNECTION_REFUSED @ http://localhost:5199/assets/stage-B4ZnF7Se.js:0
[ 5257099ms] [ERROR] WebSocket connection to 'ws://localhost:8031/' failed: Error in connection establishment: net::ERR_CONNECTION_REFUSED @ http://localhost:5199/assets/stage-B4ZnF7Se.js:0
[ 5263404ms] [ERROR] WebSocket connection to 'ws://localhost:8031/' failed: Error in connection establishment: net::ERR_CONNECTION_REFUSED @ http://localhost:5199/assets/stage-B4ZnF7Se.js:0
[ 5267877ms] [ERROR] WebSocket connection to 'ws://localhost:8031/' failed: Error in connection establishment: net::ERR_CONNECTION_REFUSED @ http://localhost:5199/assets/stage-B4ZnF7Se.js:0
[ 5272724ms] [ERROR] WebSocket connection to 'ws://localhost:8031/' failed: Error in connection establishment: net::ERR_CONNECTION_REFUSED @ http://localhost:5199/assets/stage-B4ZnF7Se.js:0
[ 5276482ms] [ERROR] WebSocket connection to 'ws://localhost:8031/' failed: Error in connection establishment: net::ERR_CONNECTION_REFUSED @ http://localhost:5199/assets/stage-B4ZnF7Se.js:0
[ 5280338ms] [ERROR] WebSocket connection to 'ws://localhost:8031/' failed: Error in connection establishment: net::ERR_CONNECTION_REFUSED @ http://localhost:5199/assets/stage-B4ZnF7Se.js:0
[ 5284288ms] [ERROR] WebSocket connection to 'ws://localhost:8031/' failed: Error in connection establishment: net::ERR_CONNECTION_REFUSED @ http://localhost:5199/assets/stage-B4ZnF7Se.js:0
[ 5288075ms] [ERROR] WebSocket connection to 'ws://localhost:8031/' failed: Error in connection establishment: net::ERR_CONNECTION_REFUSED @ http://localhost:5199/assets/stage-B4ZnF7Se.js:0
[ 5290692ms] [ERROR] WebSocket connection to 'ws://localhost:8031/' failed: Error in connection establishment: net::ERR_CONNECTION_REFUSED @ http://localhost:5199/assets/stage-B4ZnF7Se.js:0
[ 5296883ms] [ERROR] WebSocket connection to 'ws://localhost:8031/' failed: Error in connection establishment: net::ERR_CONNECTION_REFUSED @ http://localhost:5199/assets/stage-B4ZnF7Se.js:0
[ 5299828ms] [ERROR] WebSocket connection to 'ws://localhost:8031/' failed: Error in connection establishment: net::ERR_CONNECTION_REFUSED @ http://localhost:5199/assets/stage-B4ZnF7Se.js:0
[ 5304237ms] [ERROR] WebSocket connection to 'ws://localhost:8031/' failed: Error in connection establishment: net::ERR_CONNECTION_REFUSED @ http://localhost:5199/assets/stage-B4ZnF7Se.js:0
[ 5307896ms] [ERROR] WebSocket connection to 'ws://localhost:8031/' failed: Error in connection establishment: net::ERR_CONNECTION_REFUSED @ http://localhost:5199/assets/stage-B4ZnF7Se.js:0
[ 5312042ms] [ERROR] WebSocket connection to 'ws://localhost:8031/' failed: Error in connection establishment: net::ERR_CONNECTION_REFUSED @ http://localhost:5199/assets/stage-B4ZnF7Se.js:0
[ 5314772ms] [ERROR] WebSocket connection to 'ws://localhost:8031/' failed: Error in connection establishment: net::ERR_CONNECTION_REFUSED @ http://localhost:5199/assets/stage-B4ZnF7Se.js:0
[ 5320272ms] [ERROR] WebSocket connection to 'ws://localhost:8031/' failed: Error in connection establishment: net::ERR_CONNECTION_REFUSED @ http://localhost:5199/assets/stage-B4ZnF7Se.js:0
[ 5323339ms] [ERROR] WebSocket connection to 'ws://localhost:8031/' failed: Error in connection establishment: net::ERR_CONNECTION_REFUSED @ http://localhost:5199/assets/stage-B4ZnF7Se.js:0
[ 5329491ms] [ERROR] WebSocket connection to 'ws://localhost:8031/' failed: Error in connection establishment: net::ERR_CONNECTION_REFUSED @ http://localhost:5199/assets/stage-B4ZnF7Se.js:0
[ 5333042ms] [ERROR] WebSocket connection to 'ws://localhost:8031/' failed: Error in connection establishment: net::ERR_CONNECTION_REFUSED @ http://localhost:5199/assets/stage-B4ZnF7Se.js:0
[ 5336372ms] [ERROR] WebSocket connection to 'ws://localhost:8031/' failed: Error in connection establishment: net::ERR_CONNECTION_REFUSED @ http://localhost:5199/assets/stage-B4ZnF7Se.js:0
[ 5340989ms] [ERROR] WebSocket connection to 'ws://localhost:8031/' failed: Error in connection establishment: net::ERR_CONNECTION_REFUSED @ http://localhost:5199/assets/stage-B4ZnF7Se.js:0
[ 5346572ms] [ERROR] WebSocket connection to 'ws://localhost:8031/' failed: Error in connection establishment: net::ERR_CONNECTION_REFUSED @ http://localhost:5199/assets/stage-B4ZnF7Se.js:0
[ 5350551ms] [ERROR] WebSocket connection to 'ws://localhost:8031/' failed: Error in connection establishment: net::ERR_CONNECTION_REFUSED @ http://localhost:5199/assets/stage-B4ZnF7Se.js:0
[ 5355517ms] [ERROR] WebSocket connection to 'ws://localhost:8031/' failed: Error in connection establishment: net::ERR_CONNECTION_REFUSED @ http://localhost:5199/assets/stage-B4ZnF7Se.js:0
[ 5358877ms] [ERROR] WebSocket connection to 'ws://localhost:8031/' failed: Error in connection establishment: net::ERR_CONNECTION_REFUSED @ http://localhost:5199/assets/stage-B4ZnF7Se.js:0
[ 5363088ms] [ERROR] WebSocket connection to 'ws://localhost:8031/' failed: Error in connection establishment: net::ERR_CONNECTION_REFUSED @ http://localhost:5199/assets/stage-B4ZnF7Se.js:0
[ 5367939ms] [ERROR] WebSocket connection to 'ws://localhost:8031/' failed: Error in connection establishment: net::ERR_CONNECTION_REFUSED @ http://localhost:5199/assets/stage-B4ZnF7Se.js:0
[ 5372135ms] [ERROR] WebSocket connection to 'ws://localhost:8031/' failed: Error in connection establishment: net::ERR_CONNECTION_REFUSED @ http://localhost:5199/assets/stage-B4ZnF7Se.js:0
[ 5377681ms] [ERROR] WebSocket connection to 'ws://localhost:8031/' failed: Error in connection establishment: net::ERR_CONNECTION_REFUSED @ http://localhost:5199/assets/stage-B4ZnF7Se.js:0
[ 5382051ms] [ERROR] WebSocket connection to 'ws://localhost:8031/' failed: Error in connection establishment: net::ERR_CONNECTION_REFUSED @ http://localhost:5199/assets/stage-B4ZnF7Se.js:0
[ 5384922ms] [ERROR] WebSocket connection to 'ws://localhost:8031/' failed: Error in connection establishment: net::ERR_CONNECTION_REFUSED @ http://localhost:5199/assets/stage-B4ZnF7Se.js:0
[ 5387635ms] [ERROR] WebSocket connection to 'ws://localhost:8031/' failed: Error in connection establishment: net::ERR_CONNECTION_REFUSED @ http://localhost:5199/assets/stage-B4ZnF7Se.js:0
[ 5393214ms] [ERROR] WebSocket connection to 'ws://localhost:8031/' failed: Error in connection establishment: net::ERR_CONNECTION_REFUSED @ http://localhost:5199/assets/stage-B4ZnF7Se.js:0
[ 5397281ms] [ERROR] WebSocket connection to 'ws://localhost:8031/' failed: Error in connection establishment: net::ERR_CONNECTION_REFUSED @ http://localhost:5199/assets/stage-B4ZnF7Se.js:0
[ 5402671ms] [ERROR] WebSocket connection to 'ws://localhost:8031/' failed: Error in connection establishment: net::ERR_CONNECTION_REFUSED @ http://localhost:5199/assets/stage-B4ZnF7Se.js:0
[ 5405439ms] [ERROR] WebSocket connection to 'ws://localhost:8031/' failed: Error in connection establishment: net::ERR_CONNECTION_REFUSED @ http://localhost:5199/assets/stage-B4ZnF7Se.js:0
[ 5408202ms] [ERROR] WebSocket connection to 'ws://localhost:8031/' failed: Error in connection establishment: net::ERR_CONNECTION_REFUSED @ http://localhost:5199/assets/stage-B4ZnF7Se.js:0
[ 5411789ms] [ERROR] WebSocket connection to 'ws://localhost:8031/' failed: Error in connection establishment: net::ERR_CONNECTION_REFUSED @ http://localhost:5199/assets/stage-B4ZnF7Se.js:0
[ 5414896ms] [ERROR] WebSocket connection to 'ws://localhost:8031/' failed: Error in connection establishment: net::ERR_CONNECTION_REFUSED @ http://localhost:5199/assets/stage-B4ZnF7Se.js:0
[ 5418656ms] [ERROR] WebSocket connection to 'ws://localhost:8031/' failed: Error in connection establishment: net::ERR_CONNECTION_REFUSED @ http://localhost:5199/assets/stage-B4ZnF7Se.js:0
[ 5423860ms] [ERROR] WebSocket connection to 'ws://localhost:8031/' failed: Error in connection establishment: net::ERR_CONNECTION_REFUSED @ http://localhost:5199/assets/stage-B4ZnF7Se.js:0
[ 5427493ms] [ERROR] WebSocket connection to 'ws://localhost:8031/' failed: Error in connection establishment: net::ERR_CONNECTION_REFUSED @ http://localhost:5199/assets/stage-B4ZnF7Se.js:0
[ 5432681ms] [ERROR] WebSocket connection to 'ws://localhost:8031/' failed: Error in connection establishment: net::ERR_CONNECTION_REFUSED @ http://localhost:5199/assets/stage-B4ZnF7Se.js:0
[ 5438059ms] [ERROR] WebSocket connection to 'ws://localhost:8031/' failed: Error in connection establishment: net::ERR_CONNECTION_REFUSED @ http://localhost:5199/assets/stage-B4ZnF7Se.js:0
[ 5444510ms] [ERROR] WebSocket connection to 'ws://localhost:8031/' failed: Error in connection establishment: net::ERR_CONNECTION_REFUSED @ http://localhost:5199/assets/stage-B4ZnF7Se.js:0
[ 5449361ms] [ERROR] WebSocket connection to 'ws://localhost:8031/' failed: Error in connection establishment: net::ERR_CONNECTION_REFUSED @ http://localhost:5199/assets/stage-B4ZnF7Se.js:0
[ 5454439ms] [ERROR] WebSocket connection to 'ws://localhost:8031/' failed: Error in connection establishment: net::ERR_CONNECTION_REFUSED @ http://localhost:5199/assets/stage-B4ZnF7Se.js:0
[ 5459618ms] [ERROR] WebSocket connection to 'ws://localhost:8031/' failed: Error in connection establishment: net::ERR_CONNECTION_REFUSED @ http://localhost:5199/assets/stage-B4ZnF7Se.js:0
[ 5464781ms] [ERROR] WebSocket connection to 'ws://localhost:8031/' failed: Error in connection establishment: net::ERR_CONNECTION_REFUSED @ http://localhost:5199/assets/stage-B4ZnF7Se.js:0
[ 5471027ms] [ERROR] WebSocket connection to 'ws://localhost:8031/' failed: Error in connection establishment: net::ERR_CONNECTION_REFUSED @ http://localhost:5199/assets/stage-B4ZnF7Se.js:0
[ 5474144ms] [ERROR] WebSocket connection to 'ws://localhost:8031/' failed: Error in connection establishment: net::ERR_CONNECTION_REFUSED @ http://localhost:5199/assets/stage-B4ZnF7Se.js:0
[ 5479287ms] [ERROR] WebSocket connection to 'ws://localhost:8031/' failed: Error in connection establishment: net::ERR_CONNECTION_REFUSED @ http://localhost:5199/assets/stage-B4ZnF7Se.js:0
[ 5484123ms] [ERROR] WebSocket connection to 'ws://localhost:8031/' failed: Error in connection establishment: net::ERR_CONNECTION_REFUSED @ http://localhost:5199/assets/stage-B4ZnF7Se.js:0
[ 5489979ms] [ERROR] WebSocket connection to 'ws://localhost:8031/' failed: Error in connection establishment: net::ERR_CONNECTION_REFUSED @ http://localhost:5199/assets/stage-B4ZnF7Se.js:0
[ 5492562ms] [ERROR] WebSocket connection to 'ws://localhost:8031/' failed: Error in connection establishment: net::ERR_CONNECTION_REFUSED @ http://localhost:5199/assets/stage-B4ZnF7Se.js:0
[ 5495407ms] [ERROR] WebSocket connection to 'ws://localhost:8031/' failed: Error in connection establishment: net::ERR_CONNECTION_REFUSED @ http://localhost:5199/assets/stage-B4ZnF7Se.js:0
[ 5501790ms] [ERROR] WebSocket connection to 'ws://localhost:8031/' failed: Error in connection establishment: net::ERR_CONNECTION_REFUSED @ http://localhost:5199/assets/stage-B4ZnF7Se.js:0
[ 5505179ms] [ERROR] WebSocket connection to 'ws://localhost:8031/' failed: Error in connection establishment: net::ERR_CONNECTION_REFUSED @ http://localhost:5199/assets/stage-B4ZnF7Se.js:0
[ 5509572ms] [ERROR] WebSocket connection to 'ws://localhost:8031/' failed: Error in connection establishment: net::ERR_CONNECTION_REFUSED @ http://localhost:5199/assets/stage-B4ZnF7Se.js:0
[ 5514087ms] [ERROR] WebSocket connection to 'ws://localhost:8031/' failed: Error in connection establishment: net::ERR_CONNECTION_REFUSED @ http://localhost:5199/assets/stage-B4ZnF7Se.js:0
[ 5518090ms] [ERROR] WebSocket connection to 'ws://localhost:8031/' failed: Error in connection establishment: net::ERR_CONNECTION_REFUSED @ http://localhost:5199/assets/stage-B4ZnF7Se.js:0
[ 5522174ms] [ERROR] WebSocket connection to 'ws://localhost:8031/' failed: Error in connection establishment: net::ERR_CONNECTION_REFUSED @ http://localhost:5199/assets/stage-B4ZnF7Se.js:0
[ 5524837ms] [ERROR] WebSocket connection to 'ws://localhost:8031/' failed: Error in connection establishment: net::ERR_CONNECTION_REFUSED @ http://localhost:5199/assets/stage-B4ZnF7Se.js:0
[ 5530087ms] [ERROR] WebSocket connection to 'ws://localhost:8031/' failed: Error in connection establishment: net::ERR_CONNECTION_REFUSED @ http://localhost:5199/assets/stage-B4ZnF7Se.js:0
[ 5534328ms] [ERROR] WebSocket connection to 'ws://localhost:8031/' failed: Error in connection establishment: net::ERR_CONNECTION_REFUSED @ http://localhost:5199/assets/stage-B4ZnF7Se.js:0
[ 5539866ms] [ERROR] WebSocket connection to 'ws://localhost:8031/' failed: Error in connection establishment: net::ERR_CONNECTION_REFUSED @ http://localhost:5199/assets/stage-B4ZnF7Se.js:0
[ 5544213ms] [ERROR] WebSocket connection to 'ws://localhost:8031/' failed: Error in connection establishment: net::ERR_CONNECTION_REFUSED @ http://localhost:5199/assets/stage-B4ZnF7Se.js:0
[ 5547362ms] [ERROR] WebSocket connection to 'ws://localhost:8031/' failed: Error in connection establishment: net::ERR_CONNECTION_REFUSED @ http://localhost:5199/assets/stage-B4ZnF7Se.js:0
[ 5550416ms] [ERROR] WebSocket connection to 'ws://localhost:8031/' failed: Error in connection establishment: net::ERR_CONNECTION_REFUSED @ http://localhost:5199/assets/stage-B4ZnF7Se.js:0
[ 5553621ms] [ERROR] WebSocket connection to 'ws://localhost:8031/' failed: Error in connection establishment: net::ERR_CONNECTION_REFUSED @ http://localhost:5199/assets/stage-B4ZnF7Se.js:0
[ 5558495ms] [ERROR] WebSocket connection to 'ws://localhost:8031/' failed: Error in connection establishment: net::ERR_CONNECTION_REFUSED @ http://localhost:5199/assets/stage-B4ZnF7Se.js:0
[ 5563762ms] [ERROR] WebSocket connection to 'ws://localhost:8031/' failed: Error in connection establishment: net::ERR_CONNECTION_REFUSED @ http://localhost:5199/assets/stage-B4ZnF7Se.js:0
[ 5568096ms] [ERROR] WebSocket connection to 'ws://localhost:8031/' failed: Error in connection establishment: net::ERR_CONNECTION_REFUSED @ http://localhost:5199/assets/stage-B4ZnF7Se.js:0
[ 5574488ms] [ERROR] WebSocket connection to 'ws://localhost:8031/' failed: Error in connection establishment: net::ERR_CONNECTION_REFUSED @ http://localhost:5199/assets/stage-B4ZnF7Se.js:0
[ 5579392ms] [ERROR] WebSocket connection to 'ws://localhost:8031/' failed: Error in connection establishment: net::ERR_CONNECTION_REFUSED @ http://localhost:5199/assets/stage-B4ZnF7Se.js:0
[ 5583867ms] [ERROR] WebSocket connection to 'ws://localhost:8031/' failed: Error in connection establishment: net::ERR_CONNECTION_REFUSED @ http://localhost:5199/assets/stage-B4ZnF7Se.js:0
[ 5589975ms] [ERROR] WebSocket connection to 'ws://localhost:8031/' failed: Error in connection establishment: net::ERR_CONNECTION_REFUSED @ http://localhost:5199/assets/stage-B4ZnF7Se.js:0
[ 5595128ms] [ERROR] WebSocket connection to 'ws://localhost:8031/' failed: Error in connection establishment: net::ERR_CONNECTION_REFUSED @ http://localhost:5199/assets/stage-B4ZnF7Se.js:0
[ 5599675ms] [ERROR] WebSocket connection to 'ws://localhost:8031/' failed: Error in connection establishment: net::ERR_CONNECTION_REFUSED @ http://localhost:5199/assets/stage-B4ZnF7Se.js:0
[ 5604916ms] [ERROR] WebSocket connection to 'ws://localhost:8031/' failed: Error in connection establishment: net::ERR_CONNECTION_REFUSED @ http://localhost:5199/assets/stage-B4ZnF7Se.js:0
[ 5607946ms] [ERROR] WebSocket connection to 'ws://localhost:8031/' failed: Error in connection establishment: net::ERR_CONNECTION_REFUSED @ http://localhost:5199/assets/stage-B4ZnF7Se.js:0
[ 5613291ms] [ERROR] WebSocket connection to 'ws://localhost:8031/' failed: Error in connection establishment: net::ERR_CONNECTION_REFUSED @ http://localhost:5199/assets/stage-B4ZnF7Se.js:0
[ 5616515ms] [ERROR] WebSocket connection to 'ws://localhost:8031/' failed: Error in connection establishment: net::ERR_CONNECTION_REFUSED @ http://localhost:5199/assets/stage-B4ZnF7Se.js:0
[ 5621888ms] [ERROR] WebSocket connection to 'ws://localhost:8031/' failed: Error in connection establishment: net::ERR_CONNECTION_REFUSED @ http://localhost:5199/assets/stage-B4ZnF7Se.js:0
[ 5626054ms] [ERROR] WebSocket connection to 'ws://localhost:8031/' failed: Error in connection establishment: net::ERR_CONNECTION_REFUSED @ http://localhost:5199/assets/stage-B4ZnF7Se.js:0
[ 5630769ms] [ERROR] WebSocket connection to 'ws://localhost:8031/' failed: Error in connection establishment: net::ERR_CONNECTION_REFUSED @ http://localhost:5199/assets/stage-B4ZnF7Se.js:0
[ 5634942ms] [ERROR] WebSocket connection to 'ws://localhost:8031/' failed: Error in connection establishment: net::ERR_CONNECTION_REFUSED @ http://localhost:5199/assets/stage-B4ZnF7Se.js:0
[ 5640747ms] [ERROR] WebSocket connection to 'ws://localhost:8031/' failed: Error in connection establishment: net::ERR_CONNECTION_REFUSED @ http://localhost:5199/assets/stage-B4ZnF7Se.js:0
[ 5644003ms] [ERROR] WebSocket connection to 'ws://localhost:8031/' failed: Error in connection establishment: net::ERR_CONNECTION_REFUSED @ http://localhost:5199/assets/stage-B4ZnF7Se.js:0
[ 5648809ms] [ERROR] WebSocket connection to 'ws://localhost:8031/' failed: Error in connection establishment: net::ERR_CONNECTION_REFUSED @ http://localhost:5199/assets/stage-B4ZnF7Se.js:0
[ 5652414ms] [ERROR] WebSocket connection to 'ws://localhost:8031/' failed: Error in connection establishment: net::ERR_CONNECTION_REFUSED @ http://localhost:5199/assets/stage-B4ZnF7Se.js:0
[ 5657060ms] [ERROR] WebSocket connection to 'ws://localhost:8031/' failed: Error in connection establishment: net::ERR_CONNECTION_REFUSED @ http://localhost:5199/assets/stage-B4ZnF7Se.js:0
[ 5660073ms] [ERROR] WebSocket connection to 'ws://localhost:8031/' failed: Error in connection establishment: net::ERR_CONNECTION_REFUSED @ http://localhost:5199/assets/stage-B4ZnF7Se.js:0
[ 5663264ms] [ERROR] WebSocket connection to 'ws://localhost:8031/' failed: Error in connection establishment: net::ERR_CONNECTION_REFUSED @ http://localhost:5199/assets/stage-B4ZnF7Se.js:0
[ 5666189ms] [ERROR] WebSocket connection to 'ws://localhost:8031/' failed: Error in connection establishment: net::ERR_CONNECTION_REFUSED @ http://localhost:5199/assets/stage-B4ZnF7Se.js:0
[ 5669800ms] [ERROR] WebSocket connection to 'ws://localhost:8031/' failed: Error in connection establishment: net::ERR_CONNECTION_REFUSED @ http://localhost:5199/assets/stage-B4ZnF7Se.js:0
[ 5673363ms] [ERROR] WebSocket connection to 'ws://localhost:8031/' failed: Error in connection establishment: net::ERR_CONNECTION_REFUSED @ http://localhost:5199/assets/stage-B4ZnF7Se.js:0
[ 5679517ms] [ERROR] WebSocket connection to 'ws://localhost:8031/' failed: Error in connection establishment: net::ERR_CONNECTION_REFUSED @ http://localhost:5199/assets/stage-B4ZnF7Se.js:0
[ 5682210ms] [ERROR] WebSocket connection to 'ws://localhost:8031/' failed: Error in connection establishment: net::ERR_CONNECTION_REFUSED @ http://localhost:5199/assets/stage-B4ZnF7Se.js:0
[ 5685793ms] [ERROR] WebSocket connection to 'ws://localhost:8031/' failed: Error in connection establishment: net::ERR_CONNECTION_REFUSED @ http://localhost:5199/assets/stage-B4ZnF7Se.js:0
[ 5690531ms] [ERROR] WebSocket connection to 'ws://localhost:8031/' failed: Error in connection establishment: net::ERR_CONNECTION_REFUSED @ http://localhost:5199/assets/stage-B4ZnF7Se.js:0
[ 5694431ms] [ERROR] WebSocket connection to 'ws://localhost:8031/' failed: Error in connection establishment: net::ERR_CONNECTION_REFUSED @ http://localhost:5199/assets/stage-B4ZnF7Se.js:0
[ 5697409ms] [ERROR] WebSocket connection to 'ws://localhost:8031/' failed: Error in connection establishment: net::ERR_CONNECTION_REFUSED @ http://localhost:5199/assets/stage-B4ZnF7Se.js:0
[ 5700605ms] [ERROR] WebSocket connection to 'ws://localhost:8031/' failed: Error in connection establishment: net::ERR_CONNECTION_REFUSED @ http://localhost:5199/assets/stage-B4ZnF7Se.js:0
[ 5704552ms] [ERROR] WebSocket connection to 'ws://localhost:8031/' failed: Error in connection establishment: net::ERR_CONNECTION_REFUSED @ http://localhost:5199/assets/stage-B4ZnF7Se.js:0
[ 5708797ms] [ERROR] WebSocket connection to 'ws://localhost:8031/' failed: Error in connection establishment: net::ERR_CONNECTION_REFUSED @ http://localhost:5199/assets/stage-B4ZnF7Se.js:0
[ 5714423ms] [ERROR] WebSocket connection to 'ws://localhost:8031/' failed: Error in connection establishment: net::ERR_CONNECTION_REFUSED @ http://localhost:5199/assets/stage-B4ZnF7Se.js:0
[ 5718993ms] [ERROR] WebSocket connection to 'ws://localhost:8031/' failed: Error in connection establishment: net::ERR_CONNECTION_REFUSED @ http://localhost:5199/assets/stage-B4ZnF7Se.js:0
[ 5723394ms] [ERROR] WebSocket connection to 'ws://localhost:8031/' failed: Error in connection establishment: net::ERR_CONNECTION_REFUSED @ http://localhost:5199/assets/stage-B4ZnF7Se.js:0
[ 5728552ms] [ERROR] WebSocket connection to 'ws://localhost:8031/' failed: Error in connection establishment: net::ERR_CONNECTION_REFUSED @ http://localhost:5199/assets/stage-B4ZnF7Se.js:0
[ 5733760ms] [ERROR] WebSocket connection to 'ws://localhost:8031/' failed: Error in connection establishment: net::ERR_CONNECTION_REFUSED @ http://localhost:5199/assets/stage-B4ZnF7Se.js:0
[ 5736506ms] [ERROR] WebSocket connection to 'ws://localhost:8031/' failed: Error in connection establishment: net::ERR_CONNECTION_REFUSED @ http://localhost:5199/assets/stage-B4ZnF7Se.js:0
[ 5739177ms] [ERROR] WebSocket connection to 'ws://localhost:8031/' failed: Error in connection establishment: net::ERR_CONNECTION_REFUSED @ http://localhost:5199/assets/stage-B4ZnF7Se.js:0
[ 5742184ms] [ERROR] WebSocket connection to 'ws://localhost:8031/' failed: Error in connection establishment: net::ERR_CONNECTION_REFUSED @ http://localhost:5199/assets/stage-B4ZnF7Se.js:0
[ 5747702ms] [ERROR] WebSocket connection to 'ws://localhost:8031/' failed: Error in connection establishment: net::ERR_CONNECTION_REFUSED @ http://localhost:5199/assets/stage-B4ZnF7Se.js:0
[ 5753090ms] [ERROR] WebSocket connection to 'ws://localhost:8031/' failed: Error in connection establishment: net::ERR_CONNECTION_REFUSED @ http://localhost:5199/assets/stage-B4ZnF7Se.js:0
[ 5759252ms] [ERROR] WebSocket connection to 'ws://localhost:8031/' failed: Error in connection establishment: net::ERR_CONNECTION_REFUSED @ http://localhost:5199/assets/stage-B4ZnF7Se.js:0
[ 5762701ms] [ERROR] WebSocket connection to 'ws://localhost:8031/' failed: Error in connection establishment: net::ERR_CONNECTION_REFUSED @ http://localhost:5199/assets/stage-B4ZnF7Se.js:0
[ 5765659ms] [ERROR] WebSocket connection to 'ws://localhost:8031/' failed: Error in connection establishment: net::ERR_CONNECTION_REFUSED @ http://localhost:5199/assets/stage-B4ZnF7Se.js:0
[ 5771473ms] [ERROR] WebSocket connection to 'ws://localhost:8031/' failed: Error in connection establishment: net::ERR_CONNECTION_REFUSED @ http://localhost:5199/assets/stage-B4ZnF7Se.js:0
[ 5777247ms] [ERROR] WebSocket connection to 'ws://localhost:8031/' failed: Error in connection establishment: net::ERR_CONNECTION_REFUSED @ http://localhost:5199/assets/stage-B4ZnF7Se.js:0
[ 5781112ms] [ERROR] WebSocket connection to 'ws://localhost:8031/' failed: Error in connection establishment: net::ERR_CONNECTION_REFUSED @ http://localhost:5199/assets/stage-B4ZnF7Se.js:0
[ 5786232ms] [ERROR] WebSocket connection to 'ws://localhost:8031/' failed: Error in connection establishment: net::ERR_CONNECTION_REFUSED @ http://localhost:5199/assets/stage-B4ZnF7Se.js:0
[ 5791740ms] [ERROR] WebSocket connection to 'ws://localhost:8031/' failed: Error in connection establishment: net::ERR_CONNECTION_REFUSED @ http://localhost:5199/assets/stage-B4ZnF7Se.js:0
[ 5795840ms] [ERROR] WebSocket connection to 'ws://localhost:8031/' failed: Error in connection establishment: net::ERR_CONNECTION_REFUSED @ http://localhost:5199/assets/stage-B4ZnF7Se.js:0
[ 5799968ms] [ERROR] WebSocket connection to 'ws://localhost:8031/' failed: Error in connection establishment: net::ERR_CONNECTION_REFUSED @ http://localhost:5199/assets/stage-B4ZnF7Se.js:0
[ 5805132ms] [ERROR] WebSocket connection to 'ws://localhost:8031/' failed: Error in connection establishment: net::ERR_CONNECTION_REFUSED @ http://localhost:5199/assets/stage-B4ZnF7Se.js:0
[ 5811021ms] [ERROR] WebSocket connection to 'ws://localhost:8031/' failed: Error in connection establishment: net::ERR_CONNECTION_REFUSED @ http://localhost:5199/assets/stage-B4ZnF7Se.js:0
[ 5816994ms] [ERROR] WebSocket connection to 'ws://localhost:8031/' failed: Error in connection establishment: net::ERR_CONNECTION_REFUSED @ http://localhost:5199/assets/stage-B4ZnF7Se.js:0
[ 5821101ms] [ERROR] WebSocket connection to 'ws://localhost:8031/' failed: Error in connection establishment: net::ERR_CONNECTION_REFUSED @ http://localhost:5199/assets/stage-B4ZnF7Se.js:0
[ 5824504ms] [ERROR] WebSocket connection to 'ws://localhost:8031/' failed: Error in connection establishment: net::ERR_CONNECTION_REFUSED @ http://localhost:5199/assets/stage-B4ZnF7Se.js:0
[ 5827420ms] [ERROR] WebSocket connection to 'ws://localhost:8031/' failed: Error in connection establishment: net::ERR_CONNECTION_REFUSED @ http://localhost:5199/assets/stage-B4ZnF7Se.js:0
[ 5830883ms] [ERROR] WebSocket connection to 'ws://localhost:8031/' failed: Error in connection establishment: net::ERR_CONNECTION_REFUSED @ http://localhost:5199/assets/stage-B4ZnF7Se.js:0
[ 5834333ms] [ERROR] WebSocket connection to 'ws://localhost:8031/' failed: Error in connection establishment: net::ERR_CONNECTION_REFUSED @ http://localhost:5199/assets/stage-B4ZnF7Se.js:0
[ 5838208ms] [ERROR] WebSocket connection to 'ws://localhost:8031/' failed: Error in connection establishment: net::ERR_CONNECTION_REFUSED @ http://localhost:5199/assets/stage-B4ZnF7Se.js:0
[ 5843787ms] [ERROR] WebSocket connection to 'ws://localhost:8031/' failed: Error in connection establishment: net::ERR_CONNECTION_REFUSED @ http://localhost:5199/assets/stage-B4ZnF7Se.js:0
[ 5847411ms] [ERROR] WebSocket connection to 'ws://localhost:8031/' failed: Error in connection establishment: net::ERR_CONNECTION_REFUSED @ http://localhost:5199/assets/stage-B4ZnF7Se.js:0
[ 5850270ms] [ERROR] WebSocket connection to 'ws://localhost:8031/' failed: Error in connection establishment: net::ERR_CONNECTION_REFUSED @ http://localhost:5199/assets/stage-B4ZnF7Se.js:0
[ 5852985ms] [ERROR] WebSocket connection to 'ws://localhost:8031/' failed: Error in connection establishment: net::ERR_CONNECTION_REFUSED @ http://localhost:5199/assets/stage-B4ZnF7Se.js:0
[ 5857152ms] [ERROR] WebSocket connection to 'ws://localhost:8031/' failed: Error in connection establishment: net::ERR_CONNECTION_REFUSED @ http://localhost:5199/assets/stage-B4ZnF7Se.js:0
[ 5861083ms] [ERROR] WebSocket connection to 'ws://localhost:8031/' failed: Error in connection establishment: net::ERR_CONNECTION_REFUSED @ http://localhost:5199/assets/stage-B4ZnF7Se.js:0
[ 5865412ms] [ERROR] WebSocket connection to 'ws://localhost:8031/' failed: Error in connection establishment: net::ERR_CONNECTION_REFUSED @ http://localhost:5199/assets/stage-B4ZnF7Se.js:0
[ 5870703ms] [ERROR] WebSocket connection to 'ws://localhost:8031/' failed: Error in connection establishment: net::ERR_CONNECTION_REFUSED @ http://localhost:5199/assets/stage-B4ZnF7Se.js:0
[ 5875640ms] [ERROR] WebSocket connection to 'ws://localhost:8031/' failed: Error in connection establishment: net::ERR_CONNECTION_REFUSED @ http://localhost:5199/assets/stage-B4ZnF7Se.js:0
[ 5880219ms] [ERROR] WebSocket connection to 'ws://localhost:8031/' failed: Error in connection establishment: net::ERR_CONNECTION_REFUSED @ http://localhost:5199/assets/stage-B4ZnF7Se.js:0
[ 5884907ms] [ERROR] WebSocket connection to 'ws://localhost:8031/' failed: Error in connection establishment: net::ERR_CONNECTION_REFUSED @ http://localhost:5199/assets/stage-B4ZnF7Se.js:0
[ 5887535ms] [ERROR] WebSocket connection to 'ws://localhost:8031/' failed: Error in connection establishment: net::ERR_CONNECTION_REFUSED @ http://localhost:5199/assets/stage-B4ZnF7Se.js:0
[ 5891828ms] [ERROR] WebSocket connection to 'ws://localhost:8031/' failed: Error in connection establishment: net::ERR_CONNECTION_REFUSED @ http://localhost:5199/assets/stage-B4ZnF7Se.js:0
[ 5896695ms] [ERROR] WebSocket connection to 'ws://localhost:8031/' failed: Error in connection establishment: net::ERR_CONNECTION_REFUSED @ http://localhost:5199/assets/stage-B4ZnF7Se.js:0
[ 5900628ms] [ERROR] WebSocket connection to 'ws://localhost:8031/' failed: Error in connection establishment: net::ERR_CONNECTION_REFUSED @ http://localhost:5199/assets/stage-B4ZnF7Se.js:0
[ 5906424ms] [ERROR] WebSocket connection to 'ws://localhost:8031/' failed: Error in connection establishment: net::ERR_CONNECTION_REFUSED @ http://localhost:5199/assets/stage-B4ZnF7Se.js:0
[ 5911390ms] [ERROR] WebSocket connection to 'ws://localhost:8031/' failed: Error in connection establishment: net::ERR_CONNECTION_REFUSED @ http://localhost:5199/assets/stage-B4ZnF7Se.js:0
[ 5914095ms] [ERROR] WebSocket connection to 'ws://localhost:8031/' failed: Error in connection establishment: net::ERR_CONNECTION_REFUSED @ http://localhost:5199/assets/stage-B4ZnF7Se.js:0
[ 5917371ms] [ERROR] WebSocket connection to 'ws://localhost:8031/' failed: Error in connection establishment: net::ERR_CONNECTION_REFUSED @ http://localhost:5199/assets/stage-B4ZnF7Se.js:0
[ 5923207ms] [ERROR] WebSocket connection to 'ws://localhost:8031/' failed: Error in connection establishment: net::ERR_CONNECTION_REFUSED @ http://localhost:5199/assets/stage-B4ZnF7Se.js:0
[ 5929603ms] [ERROR] WebSocket connection to 'ws://localhost:8031/' failed: Error in connection establishment: net::ERR_CONNECTION_REFUSED @ http://localhost:5199/assets/stage-B4ZnF7Se.js:0
[ 5932674ms] [ERROR] WebSocket connection to 'ws://localhost:8031/' failed: Error in connection establishment: net::ERR_CONNECTION_REFUSED @ http://localhost:5199/assets/stage-B4ZnF7Se.js:0
[ 5937229ms] [ERROR] WebSocket connection to 'ws://localhost:8031/' failed: Error in connection establishment: net::ERR_CONNECTION_REFUSED @ http://localhost:5199/assets/stage-B4ZnF7Se.js:0
[ 5943308ms] [ERROR] WebSocket connection to 'ws://localhost:8031/' failed: Error in connection establishment: net::ERR_CONNECTION_REFUSED @ http://localhost:5199/assets/stage-B4ZnF7Se.js:0
[ 5947154ms] [ERROR] WebSocket connection to 'ws://localhost:8031/' failed: Error in connection establishment: net::ERR_CONNECTION_REFUSED @ http://localhost:5199/assets/stage-B4ZnF7Se.js:0
[ 5951103ms] [ERROR] WebSocket connection to 'ws://localhost:8031/' failed: Error in connection establishment: net::ERR_CONNECTION_REFUSED @ http://localhost:5199/assets/stage-B4ZnF7Se.js:0
[ 5956374ms] [ERROR] WebSocket connection to 'ws://localhost:8031/' failed: Error in connection establishment: net::ERR_CONNECTION_REFUSED @ http://localhost:5199/assets/stage-B4ZnF7Se.js:0
[ 5960937ms] [ERROR] WebSocket connection to 'ws://localhost:8031/' failed: Error in connection establishment: net::ERR_CONNECTION_REFUSED @ http://localhost:5199/assets/stage-B4ZnF7Se.js:0
[ 5964729ms] [ERROR] WebSocket connection to 'ws://localhost:8031/' failed: Error in connection establishment: net::ERR_CONNECTION_REFUSED @ http://localhost:5199/assets/stage-B4ZnF7Se.js:0
[ 5969829ms] [ERROR] WebSocket connection to 'ws://localhost:8031/' failed: Error in connection establishment: net::ERR_CONNECTION_REFUSED @ http://localhost:5199/assets/stage-B4ZnF7Se.js:0
[ 5975846ms] [ERROR] WebSocket connection to 'ws://localhost:8031/' failed: Error in connection establishment: net::ERR_CONNECTION_REFUSED @ http://localhost:5199/assets/stage-B4ZnF7Se.js:0
[ 5979487ms] [ERROR] WebSocket connection to 'ws://localhost:8031/' failed: Error in connection establishment: net::ERR_CONNECTION_REFUSED @ http://localhost:5199/assets/stage-B4ZnF7Se.js:0
[ 5985629ms] [ERROR] WebSocket connection to 'ws://localhost:8031/' failed: Error in connection establishment: net::ERR_CONNECTION_REFUSED @ http://localhost:5199/assets/stage-B4ZnF7Se.js:0
[ 5991899ms] [ERROR] WebSocket connection to 'ws://localhost:8031/' failed: Error in connection establishment: net::ERR_CONNECTION_REFUSED @ http://localhost:5199/assets/stage-B4ZnF7Se.js:0
[ 5995433ms] [ERROR] WebSocket connection to 'ws://localhost:8031/' failed: Error in connection establishment: net::ERR_CONNECTION_REFUSED @ http://localhost:5199/assets/stage-B4ZnF7Se.js:0
[ 5998596ms] [ERROR] WebSocket connection to 'ws://localhost:8031/' failed: Error in connection establishment: net::ERR_CONNECTION_REFUSED @ http://localhost:5199/assets/stage-B4ZnF7Se.js:0
[ 6002209ms] [ERROR] WebSocket connection to 'ws://localhost:8031/' failed: Error in connection establishment: net::ERR_CONNECTION_REFUSED @ http://localhost:5199/assets/stage-B4ZnF7Se.js:0
[ 6007316ms] [ERROR] WebSocket connection to 'ws://localhost:8031/' failed: Error in connection establishment: net::ERR_CONNECTION_REFUSED @ http://localhost:5199/assets/stage-B4ZnF7Se.js:0
[ 6013257ms] [ERROR] WebSocket connection to 'ws://localhost:8031/' failed: Error in connection establishment: net::ERR_CONNECTION_REFUSED @ http://localhost:5199/assets/stage-B4ZnF7Se.js:0
[ 6018793ms] [ERROR] WebSocket connection to 'ws://localhost:8031/' failed: Error in connection establishment: net::ERR_CONNECTION_REFUSED @ http://localhost:5199/assets/stage-B4ZnF7Se.js:0
[ 6024959ms] [ERROR] WebSocket connection to 'ws://localhost:8031/' failed: Error in connection establishment: net::ERR_CONNECTION_REFUSED @ http://localhost:5199/assets/stage-B4ZnF7Se.js:0
[ 6030708ms] [ERROR] WebSocket connection to 'ws://localhost:8031/' failed: Error in connection establishment: net::ERR_CONNECTION_REFUSED @ http://localhost:5199/assets/stage-B4ZnF7Se.js:0
[ 6035409ms] [ERROR] WebSocket connection to 'ws://localhost:8031/' failed: Error in connection establishment: net::ERR_CONNECTION_REFUSED @ http://localhost:5199/assets/stage-B4ZnF7Se.js:0
[ 6039859ms] [ERROR] WebSocket connection to 'ws://localhost:8031/' failed: Error in connection establishment: net::ERR_CONNECTION_REFUSED @ http://localhost:5199/assets/stage-B4ZnF7Se.js:0
[ 6045096ms] [ERROR] WebSocket connection to 'ws://localhost:8031/' failed: Error in connection establishment: net::ERR_CONNECTION_REFUSED @ http://localhost:5199/assets/stage-B4ZnF7Se.js:0
[ 6051575ms] [ERROR] WebSocket connection to 'ws://localhost:8031/' failed: Error in connection establishment: net::ERR_CONNECTION_REFUSED @ http://localhost:5199/assets/stage-B4ZnF7Se.js:0
[ 6057647ms] [ERROR] WebSocket connection to 'ws://localhost:8031/' failed: Error in connection establishment: net::ERR_CONNECTION_REFUSED @ http://localhost:5199/assets/stage-B4ZnF7Se.js:0
[ 6063121ms] [ERROR] WebSocket connection to 'ws://localhost:8031/' failed: Error in connection establishment: net::ERR_CONNECTION_REFUSED @ http://localhost:5199/assets/stage-B4ZnF7Se.js:0
[ 6068634ms] [ERROR] WebSocket connection to 'ws://localhost:8031/' failed: Error in connection establishment: net::ERR_CONNECTION_REFUSED @ http://localhost:5199/assets/stage-B4ZnF7Se.js:0
[ 6074072ms] [ERROR] WebSocket connection to 'ws://localhost:8031/' failed: Error in connection establishment: net::ERR_CONNECTION_REFUSED @ http://localhost:5199/assets/stage-B4ZnF7Se.js:0
[ 6079089ms] [ERROR] WebSocket connection to 'ws://localhost:8031/' failed: Error in connection establishment: net::ERR_CONNECTION_REFUSED @ http://localhost:5199/assets/stage-B4ZnF7Se.js:0
[ 6084101ms] [ERROR] WebSocket connection to 'ws://localhost:8031/' failed: Error in connection establishment: net::ERR_CONNECTION_REFUSED @ http://localhost:5199/assets/stage-B4ZnF7Se.js:0
[ 6087813ms] [ERROR] WebSocket connection to 'ws://localhost:8031/' failed: Error in connection establishment: net::ERR_CONNECTION_REFUSED @ http://localhost:5199/assets/stage-B4ZnF7Se.js:0
[ 6092330ms] [ERROR] WebSocket connection to 'ws://localhost:8031/' failed: Error in connection establishment: net::ERR_CONNECTION_REFUSED @ http://localhost:5199/assets/stage-B4ZnF7Se.js:0
[ 6098018ms] [ERROR] WebSocket connection to 'ws://localhost:8031/' failed: Error in connection establishment: net::ERR_CONNECTION_REFUSED @ http://localhost:5199/assets/stage-B4ZnF7Se.js:0
[ 6103222ms] [ERROR] WebSocket connection to 'ws://localhost:8031/' failed: Error in connection establishment: net::ERR_CONNECTION_REFUSED @ http://localhost:5199/assets/stage-B4ZnF7Se.js:0
[ 6109034ms] [ERROR] WebSocket connection to 'ws://localhost:8031/' failed: Error in connection establishment: net::ERR_CONNECTION_REFUSED @ http://localhost:5199/assets/stage-B4ZnF7Se.js:0
[ 6112211ms] [ERROR] WebSocket connection to 'ws://localhost:8031/' failed: Error in connection establishment: net::ERR_CONNECTION_REFUSED @ http://localhost:5199/assets/stage-B4ZnF7Se.js:0
[ 6116134ms] [ERROR] WebSocket connection to 'ws://localhost:8031/' failed: Error in connection establishment: net::ERR_CONNECTION_REFUSED @ http://localhost:5199/assets/stage-B4ZnF7Se.js:0
[ 6119713ms] [ERROR] WebSocket connection to 'ws://localhost:8031/' failed: Error in connection establishment: net::ERR_CONNECTION_REFUSED @ http://localhost:5199/assets/stage-B4ZnF7Se.js:0
[ 6125214ms] [ERROR] WebSocket connection to 'ws://localhost:8031/' failed: Error in connection establishment: net::ERR_CONNECTION_REFUSED @ http://localhost:5199/assets/stage-B4ZnF7Se.js:0
[ 6130029ms] [ERROR] WebSocket connection to 'ws://localhost:8031/' failed: Error in connection establishment: net::ERR_CONNECTION_REFUSED @ http://localhost:5199/assets/stage-B4ZnF7Se.js:0
[ 6134372ms] [ERROR] WebSocket connection to 'ws://localhost:8031/' failed: Error in connection establishment: net::ERR_CONNECTION_REFUSED @ http://localhost:5199/assets/stage-B4ZnF7Se.js:0
[ 6137851ms] [ERROR] WebSocket connection to 'ws://localhost:8031/' failed: Error in connection establishment: net::ERR_CONNECTION_REFUSED @ http://localhost:5199/assets/stage-B4ZnF7Se.js:0
[ 6142464ms] [ERROR] WebSocket connection to 'ws://localhost:8031/' failed: Error in connection establishment: net::ERR_CONNECTION_REFUSED @ http://localhost:5199/assets/stage-B4ZnF7Se.js:0
[ 6146126ms] [ERROR] WebSocket connection to 'ws://localhost:8031/' failed: Error in connection establishment: net::ERR_CONNECTION_REFUSED @ http://localhost:5199/assets/stage-B4ZnF7Se.js:0
[ 6151692ms] [ERROR] WebSocket connection to 'ws://localhost:8031/' failed: Error in connection establishment: net::ERR_CONNECTION_REFUSED @ http://localhost:5199/assets/stage-B4ZnF7Se.js:0
[ 6157697ms] [ERROR] WebSocket connection to 'ws://localhost:8031/' failed: Error in connection establishment: net::ERR_CONNECTION_REFUSED @ http://localhost:5199/assets/stage-B4ZnF7Se.js:0
[ 6162952ms] [ERROR] WebSocket connection to 'ws://localhost:8031/' failed: Error in connection establishment: net::ERR_CONNECTION_REFUSED @ http://localhost:5199/assets/stage-B4ZnF7Se.js:0
[ 6167364ms] [ERROR] WebSocket connection to 'ws://localhost:8031/' failed: Error in connection establishment: net::ERR_CONNECTION_REFUSED @ http://localhost:5199/assets/stage-B4ZnF7Se.js:0
[ 6170980ms] [ERROR] WebSocket connection to 'ws://localhost:8031/' failed: Error in connection establishment: net::ERR_CONNECTION_REFUSED @ http://localhost:5199/assets/stage-B4ZnF7Se.js:0
[ 6175101ms] [ERROR] WebSocket connection to 'ws://localhost:8031/' failed: Error in connection establishment: net::ERR_CONNECTION_REFUSED @ http://localhost:5199/assets/stage-B4ZnF7Se.js:0
[ 6178406ms] [ERROR] WebSocket connection to 'ws://localhost:8031/' failed: Error in connection establishment: net::ERR_CONNECTION_REFUSED @ http://localhost:5199/assets/stage-B4ZnF7Se.js:0
[ 6183763ms] [ERROR] WebSocket connection to 'ws://localhost:8031/' failed: Error in connection establishment: net::ERR_CONNECTION_REFUSED @ http://localhost:5199/assets/stage-B4ZnF7Se.js:0
[ 6187296ms] [ERROR] WebSocket connection to 'ws://localhost:8031/' failed: Error in connection establishment: net::ERR_CONNECTION_REFUSED @ http://localhost:5199/assets/stage-B4ZnF7Se.js:0
[ 6190344ms] [ERROR] WebSocket connection to 'ws://localhost:8031/' failed: Error in connection establishment: net::ERR_CONNECTION_REFUSED @ http://localhost:5199/assets/stage-B4ZnF7Se.js:0
[ 6193206ms] [ERROR] WebSocket connection to 'ws://localhost:8031/' failed: Error in connection establishment: net::ERR_CONNECTION_REFUSED @ http://localhost:5199/assets/stage-B4ZnF7Se.js:0
[ 6199287ms] [ERROR] WebSocket connection to 'ws://localhost:8031/' failed: Error in connection establishment: net::ERR_CONNECTION_REFUSED @ http://localhost:5199/assets/stage-B4ZnF7Se.js:0
[ 6203544ms] [ERROR] WebSocket connection to 'ws://localhost:8031/' failed: Error in connection establishment: net::ERR_CONNECTION_REFUSED @ http://localhost:5199/assets/stage-B4ZnF7Se.js:0
[ 6207089ms] [ERROR] WebSocket connection to 'ws://localhost:8031/' failed: Error in connection establishment: net::ERR_CONNECTION_REFUSED @ http://localhost:5199/assets/stage-B4ZnF7Se.js:0
[ 6213111ms] [ERROR] WebSocket connection to 'ws://localhost:8031/' failed: Error in connection establishment: net::ERR_CONNECTION_REFUSED @ http://localhost:5199/assets/stage-B4ZnF7Se.js:0
[ 6216603ms] [ERROR] WebSocket connection to 'ws://localhost:8031/' failed: Error in connection establishment: net::ERR_CONNECTION_REFUSED @ http://localhost:5199/assets/stage-B4ZnF7Se.js:0
[ 6219339ms] [ERROR] WebSocket connection to 'ws://localhost:8031/' failed: Error in connection establishment: net::ERR_CONNECTION_REFUSED @ http://localhost:5199/assets/stage-B4ZnF7Se.js:0
[ 6221973ms] [ERROR] WebSocket connection to 'ws://localhost:8031/' failed: Error in connection establishment: net::ERR_CONNECTION_REFUSED @ http://localhost:5199/assets/stage-B4ZnF7Se.js:0
[ 6225164ms] [ERROR] WebSocket connection to 'ws://localhost:8031/' failed: Error in connection establishment: net::ERR_CONNECTION_REFUSED @ http://localhost:5199/assets/stage-B4ZnF7Se.js:0
[ 6230595ms] [ERROR] WebSocket connection to 'ws://localhost:8031/' failed: Error in connection establishment: net::ERR_CONNECTION_REFUSED @ http://localhost:5199/assets/stage-B4ZnF7Se.js:0
[ 6237063ms] [ERROR] WebSocket connection to 'ws://localhost:8031/' failed: Error in connection establishment: net::ERR_CONNECTION_REFUSED @ http://localhost:5199/assets/stage-B4ZnF7Se.js:0
[ 6240485ms] [ERROR] WebSocket connection to 'ws://localhost:8031/' failed: Error in connection establishment: net::ERR_CONNECTION_REFUSED @ http://localhost:5199/assets/stage-B4ZnF7Se.js:0
[ 6244320ms] [ERROR] WebSocket connection to 'ws://localhost:8031/' failed: Error in connection establishment: net::ERR_CONNECTION_REFUSED @ http://localhost:5199/assets/stage-B4ZnF7Se.js:0
[ 6249702ms] [ERROR] WebSocket connection to 'ws://localhost:8031/' failed: Error in connection establishment: net::ERR_CONNECTION_REFUSED @ http://localhost:5199/assets/stage-B4ZnF7Se.js:0
[ 6254287ms] [ERROR] WebSocket connection to 'ws://localhost:8031/' failed: Error in connection establishment: net::ERR_CONNECTION_REFUSED @ http://localhost:5199/assets/stage-B4ZnF7Se.js:0
[ 6258036ms] [ERROR] WebSocket connection to 'ws://localhost:8031/' failed: Error in connection establishment: net::ERR_CONNECTION_REFUSED @ http://localhost:5199/assets/stage-B4ZnF7Se.js:0
[ 6261153ms] [ERROR] WebSocket connection to 'ws://localhost:8031/' failed: Error in connection establishment: net::ERR_CONNECTION_REFUSED @ http://localhost:5199/assets/stage-B4ZnF7Se.js:0
[ 6264511ms] [ERROR] WebSocket connection to 'ws://localhost:8031/' failed: Error in connection establishment: net::ERR_CONNECTION_REFUSED @ http://localhost:5199/assets/stage-B4ZnF7Se.js:0
[ 6268915ms] [ERROR] WebSocket connection to 'ws://localhost:8031/' failed: Error in connection establishment: net::ERR_CONNECTION_REFUSED @ http://localhost:5199/assets/stage-B4ZnF7Se.js:0
[ 6272214ms] [ERROR] WebSocket connection to 'ws://localhost:8031/' failed: Error in connection establishment: net::ERR_CONNECTION_REFUSED @ http://localhost:5199/assets/stage-B4ZnF7Se.js:0
[ 6275694ms] [ERROR] WebSocket connection to 'ws://localhost:8031/' failed: Error in connection establishment: net::ERR_CONNECTION_REFUSED @ http://localhost:5199/assets/stage-B4ZnF7Se.js:0
[ 6278814ms] [ERROR] WebSocket connection to 'ws://localhost:8031/' failed: Error in connection establishment: net::ERR_CONNECTION_REFUSED @ http://localhost:5199/assets/stage-B4ZnF7Se.js:0
[ 6283007ms] [ERROR] WebSocket connection to 'ws://localhost:8031/' failed: Error in connection establishment: net::ERR_CONNECTION_REFUSED @ http://localhost:5199/assets/stage-B4ZnF7Se.js:0
[ 6286454ms] [ERROR] WebSocket connection to 'ws://localhost:8031/' failed: Error in connection establishment: net::ERR_CONNECTION_REFUSED @ http://localhost:5199/assets/stage-B4ZnF7Se.js:0
[ 6290986ms] [ERROR] WebSocket connection to 'ws://localhost:8031/' failed: Error in connection establishment: net::ERR_CONNECTION_REFUSED @ http://localhost:5199/assets/stage-B4ZnF7Se.js:0
[ 6295643ms] [ERROR] WebSocket connection to 'ws://localhost:8031/' failed: Error in connection establishment: net::ERR_CONNECTION_REFUSED @ http://localhost:5199/assets/stage-B4ZnF7Se.js:0
[ 6299524ms] [ERROR] WebSocket connection to 'ws://localhost:8031/' failed: Error in connection establishment: net::ERR_CONNECTION_REFUSED @ http://localhost:5199/assets/stage-B4ZnF7Se.js:0
[ 6304160ms] [ERROR] WebSocket connection to 'ws://localhost:8031/' failed: Error in connection establishment: net::ERR_CONNECTION_REFUSED @ http://localhost:5199/assets/stage-B4ZnF7Se.js:0
[ 6307340ms] [ERROR] WebSocket connection to 'ws://localhost:8031/' failed: Error in connection establishment: net::ERR_CONNECTION_REFUSED @ http://localhost:5199/assets/stage-B4ZnF7Se.js:0
[ 6310373ms] [ERROR] WebSocket connection to 'ws://localhost:8031/' failed: Error in connection establishment: net::ERR_CONNECTION_REFUSED @ http://localhost:5199/assets/stage-B4ZnF7Se.js:0
[ 6315131ms] [ERROR] WebSocket connection to 'ws://localhost:8031/' failed: Error in connection establishment: net::ERR_CONNECTION_REFUSED @ http://localhost:5199/assets/stage-B4ZnF7Se.js:0
[ 6320206ms] [ERROR] WebSocket connection to 'ws://localhost:8031/' failed: Error in connection establishment: net::ERR_CONNECTION_REFUSED @ http://localhost:5199/assets/stage-B4ZnF7Se.js:0
[ 6325011ms] [ERROR] WebSocket connection to 'ws://localhost:8031/' failed: Error in connection establishment: net::ERR_CONNECTION_REFUSED @ http://localhost:5199/assets/stage-B4ZnF7Se.js:0
[ 6329123ms] [ERROR] WebSocket connection to 'ws://localhost:8031/' failed: Error in connection establishment: net::ERR_CONNECTION_REFUSED @ http://localhost:5199/assets/stage-B4ZnF7Se.js:0
[ 6335490ms] [ERROR] WebSocket connection to 'ws://localhost:8031/' failed: Error in connection establishment: net::ERR_CONNECTION_REFUSED @ http://localhost:5199/assets/stage-B4ZnF7Se.js:0
[ 6341742ms] [ERROR] WebSocket connection to 'ws://localhost:8031/' failed: Error in connection establishment: net::ERR_CONNECTION_REFUSED @ http://localhost:5199/assets/stage-B4ZnF7Se.js:0
[ 6346161ms] [ERROR] WebSocket connection to 'ws://localhost:8031/' failed: Error in connection establishment: net::ERR_CONNECTION_REFUSED @ http://localhost:5199/assets/stage-B4ZnF7Se.js:0
[ 6349886ms] [ERROR] WebSocket connection to 'ws://localhost:8031/' failed: Error in connection establishment: net::ERR_CONNECTION_REFUSED @ http://localhost:5199/assets/stage-B4ZnF7Se.js:0
[ 6353161ms] [ERROR] WebSocket connection to 'ws://localhost:8031/' failed: Error in connection establishment: net::ERR_CONNECTION_REFUSED @ http://localhost:5199/assets/stage-B4ZnF7Se.js:0
[ 6358161ms] [ERROR] WebSocket connection to 'ws://localhost:8031/' failed: Error in connection establishment: net::ERR_CONNECTION_REFUSED @ http://localhost:5199/assets/stage-B4ZnF7Se.js:0
[ 6361278ms] [ERROR] WebSocket connection to 'ws://localhost:8031/' failed: Error in connection establishment: net::ERR_CONNECTION_REFUSED @ http://localhost:5199/assets/stage-B4ZnF7Se.js:0
[ 6367458ms] [ERROR] WebSocket connection to 'ws://localhost:8031/' failed: Error in connection establishment: net::ERR_CONNECTION_REFUSED @ http://localhost:5199/assets/stage-B4ZnF7Se.js:0
[ 6372611ms] [ERROR] WebSocket connection to 'ws://localhost:8031/' failed: Error in connection establishment: net::ERR_CONNECTION_REFUSED @ http://localhost:5199/assets/stage-B4ZnF7Se.js:0
[ 6375774ms] [ERROR] WebSocket connection to 'ws://localhost:8031/' failed: Error in connection establishment: net::ERR_CONNECTION_REFUSED @ http://localhost:5199/assets/stage-B4ZnF7Se.js:0
[ 6379269ms] [ERROR] WebSocket connection to 'ws://localhost:8031/' failed: Error in connection establishment: net::ERR_CONNECTION_REFUSED @ http://localhost:5199/assets/stage-B4ZnF7Se.js:0
[ 6384094ms] [ERROR] WebSocket connection to 'ws://localhost:8031/' failed: Error in connection establishment: net::ERR_CONNECTION_REFUSED @ http://localhost:5199/assets/stage-B4ZnF7Se.js:0
[ 6387095ms] [ERROR] WebSocket connection to 'ws://localhost:8031/' failed: Error in connection establishment: net::ERR_CONNECTION_REFUSED @ http://localhost:5199/assets/stage-B4ZnF7Se.js:0
[ 6393417ms] [ERROR] WebSocket connection to 'ws://localhost:8031/' failed: Error in connection establishment: net::ERR_CONNECTION_REFUSED @ http://localhost:5199/assets/stage-B4ZnF7Se.js:0
[ 6396874ms] [ERROR] WebSocket connection to 'ws://localhost:8031/' failed: Error in connection establishment: net::ERR_CONNECTION_REFUSED @ http://localhost:5199/assets/stage-B4ZnF7Se.js:0
[ 6400461ms] [ERROR] WebSocket connection to 'ws://localhost:8031/' failed: Error in connection establishment: net::ERR_CONNECTION_REFUSED @ http://localhost:5199/assets/stage-B4ZnF7Se.js:0
[ 6404737ms] [ERROR] WebSocket connection to 'ws://localhost:8031/' failed: Error in connection establishment: net::ERR_CONNECTION_REFUSED @ http://localhost:5199/assets/stage-B4ZnF7Se.js:0
[ 6408583ms] [ERROR] WebSocket connection to 'ws://localhost:8031/' failed: Error in connection establishment: net::ERR_CONNECTION_REFUSED @ http://localhost:5199/assets/stage-B4ZnF7Se.js:0
[ 6413878ms] [ERROR] WebSocket connection to 'ws://localhost:8031/' failed: Error in connection establishment: net::ERR_CONNECTION_REFUSED @ http://localhost:5199/assets/stage-B4ZnF7Se.js:0
[ 6420262ms] [ERROR] WebSocket connection to 'ws://localhost:8031/' failed: Error in connection establishment: net::ERR_CONNECTION_REFUSED @ http://localhost:5199/assets/stage-B4ZnF7Se.js:0
[ 6423185ms] [ERROR] WebSocket connection to 'ws://localhost:8031/' failed: Error in connection establishment: net::ERR_CONNECTION_REFUSED @ http://localhost:5199/assets/stage-B4ZnF7Se.js:0
[ 6426404ms] [ERROR] WebSocket connection to 'ws://localhost:8031/' failed: Error in connection establishment: net::ERR_CONNECTION_REFUSED @ http://localhost:5199/assets/stage-B4ZnF7Se.js:0
[ 6430633ms] [ERROR] WebSocket connection to 'ws://localhost:8031/' failed: Error in connection establishment: net::ERR_CONNECTION_REFUSED @ http://localhost:5199/assets/stage-B4ZnF7Se.js:0
[ 6434242ms] [ERROR] WebSocket connection to 'ws://localhost:8031/' failed: Error in connection establishment: net::ERR_CONNECTION_REFUSED @ http://localhost:5199/assets/stage-B4ZnF7Se.js:0
[ 6439859ms] [ERROR] WebSocket connection to 'ws://localhost:8031/' failed: Error in connection establishment: net::ERR_CONNECTION_REFUSED @ http://localhost:5199/assets/stage-B4ZnF7Se.js:0
[ 6445207ms] [ERROR] WebSocket connection to 'ws://localhost:8031/' failed: Error in connection establishment: net::ERR_CONNECTION_REFUSED @ http://localhost:5199/assets/stage-B4ZnF7Se.js:0
[ 6449928ms] [ERROR] WebSocket connection to 'ws://localhost:8031/' failed: Error in connection establishment: net::ERR_CONNECTION_REFUSED @ http://localhost:5199/assets/stage-B4ZnF7Se.js:0
[ 6455616ms] [ERROR] WebSocket connection to 'ws://localhost:8031/' failed: Error in connection establishment: net::ERR_CONNECTION_REFUSED @ http://localhost:5199/assets/stage-B4ZnF7Se.js:0
[ 6459255ms] [ERROR] WebSocket connection to 'ws://localhost:8031/' failed: Error in connection establishment: net::ERR_CONNECTION_REFUSED @ http://localhost:5199/assets/stage-B4ZnF7Se.js:0
[ 6464058ms] [ERROR] WebSocket connection to 'ws://localhost:8031/' failed: Error in connection establishment: net::ERR_CONNECTION_REFUSED @ http://localhost:5199/assets/stage-B4ZnF7Se.js:0
[ 6470317ms] [ERROR] WebSocket connection to 'ws://localhost:8031/' failed: Error in connection establishment: net::ERR_CONNECTION_REFUSED @ http://localhost:5199/assets/stage-B4ZnF7Se.js:0
[ 6476130ms] [ERROR] WebSocket connection to 'ws://localhost:8031/' failed: Error in connection establishment: net::ERR_CONNECTION_REFUSED @ http://localhost:5199/assets/stage-B4ZnF7Se.js:0
[ 6479634ms] [ERROR] WebSocket connection to 'ws://localhost:8031/' failed: Error in connection establishment: net::ERR_CONNECTION_REFUSED @ http://localhost:5199/assets/stage-B4ZnF7Se.js:0
[ 6485609ms] [ERROR] WebSocket connection to 'ws://localhost:8031/' failed: Error in connection establishment: net::ERR_CONNECTION_REFUSED @ http://localhost:5199/assets/stage-B4ZnF7Se.js:0
[ 6488833ms] [ERROR] WebSocket connection to 'ws://localhost:8031/' failed: Error in connection establishment: net::ERR_CONNECTION_REFUSED @ http://localhost:5199/assets/stage-B4ZnF7Se.js:0
[ 6494676ms] [ERROR] WebSocket connection to 'ws://localhost:8031/' failed: Error in connection establishment: net::ERR_CONNECTION_REFUSED @ http://localhost:5199/assets/stage-B4ZnF7Se.js:0
[ 6500981ms] [ERROR] WebSocket connection to 'ws://localhost:8031/' failed: Error in connection establishment: net::ERR_CONNECTION_REFUSED @ http://localhost:5199/assets/stage-B4ZnF7Se.js:0
[ 6503926ms] [ERROR] WebSocket connection to 'ws://localhost:8031/' failed: Error in connection establishment: net::ERR_CONNECTION_REFUSED @ http://localhost:5199/assets/stage-B4ZnF7Se.js:0
[ 6508672ms] [ERROR] WebSocket connection to 'ws://localhost:8031/' failed: Error in connection establishment: net::ERR_CONNECTION_REFUSED @ http://localhost:5199/assets/stage-B4ZnF7Se.js:0
[ 6511555ms] [ERROR] WebSocket connection to 'ws://localhost:8031/' failed: Error in connection establishment: net::ERR_CONNECTION_REFUSED @ http://localhost:5199/assets/stage-B4ZnF7Se.js:0
[ 6515101ms] [ERROR] WebSocket connection to 'ws://localhost:8031/' failed: Error in connection establishment: net::ERR_CONNECTION_REFUSED @ http://localhost:5199/assets/stage-B4ZnF7Se.js:0
[ 6518534ms] [ERROR] WebSocket connection to 'ws://localhost:8031/' failed: Error in connection establishment: net::ERR_CONNECTION_REFUSED @ http://localhost:5199/assets/stage-B4ZnF7Se.js:0
[ 6522272ms] [ERROR] WebSocket connection to 'ws://localhost:8031/' failed: Error in connection establishment: net::ERR_CONNECTION_REFUSED @ http://localhost:5199/assets/stage-B4ZnF7Se.js:0
[ 6527963ms] [ERROR] WebSocket connection to 'ws://localhost:8031/' failed: Error in connection establishment: net::ERR_CONNECTION_REFUSED @ http://localhost:5199/assets/stage-B4ZnF7Se.js:0
[ 6532055ms] [ERROR] WebSocket connection to 'ws://localhost:8031/' failed: Error in connection establishment: net::ERR_CONNECTION_REFUSED @ http://localhost:5199/assets/stage-B4ZnF7Se.js:0
[ 6538397ms] [ERROR] WebSocket connection to 'ws://localhost:8031/' failed: Error in connection establishment: net::ERR_CONNECTION_REFUSED @ http://localhost:5199/assets/stage-B4ZnF7Se.js:0
[ 6541555ms] [ERROR] WebSocket connection to 'ws://localhost:8031/' failed: Error in connection establishment: net::ERR_CONNECTION_REFUSED @ http://localhost:5199/assets/stage-B4ZnF7Se.js:0
[ 6547158ms] [ERROR] WebSocket connection to 'ws://localhost:8031/' failed: Error in connection establishment: net::ERR_CONNECTION_REFUSED @ http://localhost:5199/assets/stage-B4ZnF7Se.js:0
[ 6550405ms] [ERROR] WebSocket connection to 'ws://localhost:8031/' failed: Error in connection establishment: net::ERR_CONNECTION_REFUSED @ http://localhost:5199/assets/stage-B4ZnF7Se.js:0
[ 6554543ms] [ERROR] WebSocket connection to 'ws://localhost:8031/' failed: Error in connection establishment: net::ERR_CONNECTION_REFUSED @ http://localhost:5199/assets/stage-B4ZnF7Se.js:0
[ 6557126ms] [ERROR] WebSocket connection to 'ws://localhost:8031/' failed: Error in connection establishment: net::ERR_CONNECTION_REFUSED @ http://localhost:5199/assets/stage-B4ZnF7Se.js:0
[ 6559975ms] [ERROR] WebSocket connection to 'ws://localhost:8031/' failed: Error in connection establishment: net::ERR_CONNECTION_REFUSED @ http://localhost:5199/assets/stage-B4ZnF7Se.js:0
[ 6562642ms] [ERROR] WebSocket connection to 'ws://localhost:8031/' failed: Error in connection establishment: net::ERR_CONNECTION_REFUSED @ http://localhost:5199/assets/stage-B4ZnF7Se.js:0
[ 6565988ms] [ERROR] WebSocket connection to 'ws://localhost:8031/' failed: Error in connection establishment: net::ERR_CONNECTION_REFUSED @ http://localhost:5199/assets/stage-B4ZnF7Se.js:0
[ 6571488ms] [ERROR] WebSocket connection to 'ws://localhost:8031/' failed: Error in connection establishment: net::ERR_CONNECTION_REFUSED @ http://localhost:5199/assets/stage-B4ZnF7Se.js:0
[ 6574351ms] [ERROR] WebSocket connection to 'ws://localhost:8031/' failed: Error in connection establishment: net::ERR_CONNECTION_REFUSED @ http://localhost:5199/assets/stage-B4ZnF7Se.js:0
[ 6577272ms] [ERROR] WebSocket connection to 'ws://localhost:8031/' failed: Error in connection establishment: net::ERR_CONNECTION_REFUSED @ http://localhost:5199/assets/stage-B4ZnF7Se.js:0
[ 6581260ms] [ERROR] WebSocket connection to 'ws://localhost:8031/' failed: Error in connection establishment: net::ERR_CONNECTION_REFUSED @ http://localhost:5199/assets/stage-B4ZnF7Se.js:0
[ 6587338ms] [ERROR] WebSocket connection to 'ws://localhost:8031/' failed: Error in connection establishment: net::ERR_CONNECTION_REFUSED @ http://localhost:5199/assets/stage-B4ZnF7Se.js:0
[ 6592121ms] [ERROR] WebSocket connection to 'ws://localhost:8031/' failed: Error in connection establishment: net::ERR_CONNECTION_REFUSED @ http://localhost:5199/assets/stage-B4ZnF7Se.js:0
[ 6598426ms] [ERROR] WebSocket connection to 'ws://localhost:8031/' failed: Error in connection establishment: net::ERR_CONNECTION_REFUSED @ http://localhost:5199/assets/stage-B4ZnF7Se.js:0
[ 6602238ms] [ERROR] WebSocket connection to 'ws://localhost:8031/' failed: Error in connection establishment: net::ERR_CONNECTION_REFUSED @ http://localhost:5199/assets/stage-B4ZnF7Se.js:0
[ 6605104ms] [ERROR] WebSocket connection to 'ws://localhost:8031/' failed: Error in connection establishment: net::ERR_CONNECTION_REFUSED @ http://localhost:5199/assets/stage-B4ZnF7Se.js:0
[ 6608543ms] [ERROR] WebSocket connection to 'ws://localhost:8031/' failed: Error in connection establishment: net::ERR_CONNECTION_REFUSED @ http://localhost:5199/assets/stage-B4ZnF7Se.js:0
[ 6611130ms] [ERROR] WebSocket connection to 'ws://localhost:8031/' failed: Error in connection establishment: net::ERR_CONNECTION_REFUSED @ http://localhost:5199/assets/stage-B4ZnF7Se.js:0
[ 6615901ms] [ERROR] WebSocket connection to 'ws://localhost:8031/' failed: Error in connection establishment: net::ERR_CONNECTION_REFUSED @ http://localhost:5199/assets/stage-B4ZnF7Se.js:0
[ 6621193ms] [ERROR] WebSocket connection to 'ws://localhost:8031/' failed: Error in connection establishment: net::ERR_CONNECTION_REFUSED @ http://localhost:5199/assets/stage-B4ZnF7Se.js:0
[ 6627619ms] [ERROR] WebSocket connection to 'ws://localhost:8031/' failed: Error in connection establishment: net::ERR_CONNECTION_REFUSED @ http://localhost:5199/assets/stage-B4ZnF7Se.js:0
[ 6632414ms] [ERROR] WebSocket connection to 'ws://localhost:8031/' failed: Error in connection establishment: net::ERR_CONNECTION_REFUSED @ http://localhost:5199/assets/stage-B4ZnF7Se.js:0
[ 6635747ms] [ERROR] WebSocket connection to 'ws://localhost:8031/' failed: Error in connection establishment: net::ERR_CONNECTION_REFUSED @ http://localhost:5199/assets/stage-B4ZnF7Se.js:0
[ 6641405ms] [ERROR] WebSocket connection to 'ws://localhost:8031/' failed: Error in connection establishment: net::ERR_CONNECTION_REFUSED @ http://localhost:5199/assets/stage-B4ZnF7Se.js:0
[ 6645878ms] [ERROR] WebSocket connection to 'ws://localhost:8031/' failed: Error in connection establishment: net::ERR_CONNECTION_REFUSED @ http://localhost:5199/assets/stage-B4ZnF7Se.js:0
[ 6650739ms] [ERROR] WebSocket connection to 'ws://localhost:8031/' failed: Error in connection establishment: net::ERR_CONNECTION_REFUSED @ http://localhost:5199/assets/stage-B4ZnF7Se.js:0
[ 6656218ms] [ERROR] WebSocket connection to 'ws://localhost:8031/' failed: Error in connection establishment: net::ERR_CONNECTION_REFUSED @ http://localhost:5199/assets/stage-B4ZnF7Se.js:0
[ 6661620ms] [ERROR] WebSocket connection to 'ws://localhost:8031/' failed: Error in connection establishment: net::ERR_CONNECTION_REFUSED @ http://localhost:5199/assets/stage-B4ZnF7Se.js:0
[ 6664272ms] [ERROR] WebSocket connection to 'ws://localhost:8031/' failed: Error in connection establishment: net::ERR_CONNECTION_REFUSED @ http://localhost:5199/assets/stage-B4ZnF7Se.js:0
[ 6669281ms] [ERROR] WebSocket connection to 'ws://localhost:8031/' failed: Error in connection establishment: net::ERR_CONNECTION_REFUSED @ http://localhost:5199/assets/stage-B4ZnF7Se.js:0
[ 6672264ms] [ERROR] WebSocket connection to 'ws://localhost:8031/' failed: Error in connection establishment: net::ERR_CONNECTION_REFUSED @ http://localhost:5199/assets/stage-B4ZnF7Se.js:0
[ 6673769ms] [ERROR] WebSocket connection to 'ws://localhost:8031/' failed: Error in connection establishment: net::ERR_CONNECTION_REFUSED @ http://localhost:5199/assets/stage-B4ZnF7Se.js:0
[ 6675274ms] [ERROR] WebSocket connection to 'ws://localhost:8031/' failed: Error in connection establishment: net::ERR_CONNECTION_REFUSED @ http://localhost:5199/assets/stage-B4ZnF7Se.js:0
[ 6676780ms] [ERROR] WebSocket connection to 'ws://localhost:8031/' failed: Error in connection establishment: net::ERR_CONNECTION_REFUSED @ http://localhost:5199/assets/stage-B4ZnF7Se.js:0
[ 6678286ms] [ERROR] WebSocket connection to 'ws://localhost:8031/' failed: Error in connection establishment: net::ERR_CONNECTION_REFUSED @ http://localhost:5199/assets/stage-B4ZnF7Se.js:0
[ 6679790ms] [ERROR] WebSocket connection to 'ws://localhost:8031/' failed: Error in connection establishment: net::ERR_CONNECTION_REFUSED @ http://localhost:5199/assets/stage-B4ZnF7Se.js:0
[ 6681297ms] [ERROR] WebSocket connection to 'ws://localhost:8031/' failed: Error in connection establishment: net::ERR_CONNECTION_REFUSED @ http://localhost:5199/assets/stage-B4ZnF7Se.js:0
[ 6682811ms] [ERROR] WebSocket connection to 'ws://localhost:8031/' failed: Error in connection establishment: net::ERR_CONNECTION_REFUSED @ http://localhost:5199/assets/stage-B4ZnF7Se.js:0
[ 6684323ms] [ERROR] WebSocket connection to 'ws://localhost:8031/' failed: Error in connection establishment: net::ERR_CONNECTION_REFUSED @ http://localhost:5199/assets/stage-B4ZnF7Se.js:0
[ 6685845ms] [ERROR] WebSocket connection to 'ws://localhost:8031/' failed: Error in connection establishment: net::ERR_CONNECTION_REFUSED @ http://localhost:5199/assets/stage-B4ZnF7Se.js:0
[ 6687394ms] [ERROR] WebSocket connection to 'ws://localhost:8031/' failed: Error in connection establishment: net::ERR_CONNECTION_REFUSED @ http://localhost:5199/assets/stage-B4ZnF7Se.js:0
[ 6689027ms] [ERROR] WebSocket connection to 'ws://localhost:8031/' failed: Error in connection establishment: net::ERR_CONNECTION_REFUSED @ http://localhost:5199/assets/stage-B4ZnF7Se.js:0
[ 6690820ms] [ERROR] WebSocket connection to 'ws://localhost:8031/' failed: Error in connection establishment: net::ERR_CONNECTION_REFUSED @ http://localhost:5199/assets/stage-B4ZnF7Se.js:0
[ 6692815ms] [ERROR] WebSocket connection to 'ws://localhost:8031/' failed: Error in connection establishment: net::ERR_CONNECTION_REFUSED @ http://localhost:5199/assets/stage-B4ZnF7Se.js:0
[ 6694740ms] [ERROR] WebSocket connection to 'ws://localhost:8031/' failed: Error in connection establishment: net::ERR_CONNECTION_REFUSED @ http://localhost:5199/assets/stage-B4ZnF7Se.js:0
[ 6698214ms] [ERROR] WebSocket connection to 'ws://localhost:8031/' failed: Error in connection establishment: net::ERR_CONNECTION_REFUSED @ http://localhost:5199/assets/stage-B4ZnF7Se.js:0
[ 6701414ms] [ERROR] WebSocket connection to 'ws://localhost:8031/' failed: Error in connection establishment: net::ERR_CONNECTION_REFUSED @ http://localhost:5199/assets/stage-B4ZnF7Se.js:0
[ 6705435ms] [ERROR] WebSocket connection to 'ws://localhost:8031/' failed: Error in connection establishment: net::ERR_CONNECTION_REFUSED @ http://localhost:5199/assets/stage-B4ZnF7Se.js:0
[ 6709156ms] [ERROR] WebSocket connection to 'ws://localhost:8031/' failed: Error in connection establishment: net::ERR_CONNECTION_REFUSED @ http://localhost:5199/assets/stage-B4ZnF7Se.js:0
[ 6713644ms] [ERROR] WebSocket connection to 'ws://localhost:8031/' failed: Error in connection establishment: net::ERR_CONNECTION_REFUSED @ http://localhost:5199/assets/stage-B4ZnF7Se.js:0
[ 6717481ms] [ERROR] WebSocket connection to 'ws://localhost:8031/' failed: Error in connection establishment: net::ERR_CONNECTION_REFUSED @ http://localhost:5199/assets/stage-B4ZnF7Se.js:0
[ 6720936ms] [ERROR] WebSocket connection to 'ws://localhost:8031/' failed: Error in connection establishment: net::ERR_CONNECTION_REFUSED @ http://localhost:5199/assets/stage-B4ZnF7Se.js:0
[ 6725584ms] [ERROR] WebSocket connection to 'ws://localhost:8031/' failed: Error in connection establishment: net::ERR_CONNECTION_REFUSED @ http://localhost:5199/assets/stage-B4ZnF7Se.js:0
[ 6728964ms] [ERROR] WebSocket connection to 'ws://localhost:8031/' failed: Error in connection establishment: net::ERR_CONNECTION_REFUSED @ http://localhost:5199/assets/stage-B4ZnF7Se.js:0
[ 6734548ms] [ERROR] WebSocket connection to 'ws://localhost:8031/' failed: Error in connection establishment: net::ERR_CONNECTION_REFUSED @ http://localhost:5199/assets/stage-B4ZnF7Se.js:0
[ 6739607ms] [ERROR] WebSocket connection to 'ws://localhost:8031/' failed: Error in connection establishment: net::ERR_CONNECTION_REFUSED @ http://localhost:5199/assets/stage-B4ZnF7Se.js:0
[ 6744103ms] [ERROR] WebSocket connection to 'ws://localhost:8031/' failed: Error in connection establishment: net::ERR_CONNECTION_REFUSED @ http://localhost:5199/assets/stage-B4ZnF7Se.js:0
[ 6748390ms] [ERROR] WebSocket connection to 'ws://localhost:8031/' failed: Error in connection establishment: net::ERR_CONNECTION_REFUSED @ http://localhost:5199/assets/stage-B4ZnF7Se.js:0
[ 6752168ms] [ERROR] WebSocket connection to 'ws://localhost:8031/' failed: Error in connection establishment: net::ERR_CONNECTION_REFUSED @ http://localhost:5199/assets/stage-B4ZnF7Se.js:0
[ 6756157ms] [ERROR] WebSocket connection to 'ws://localhost:8031/' failed: Error in connection establishment: net::ERR_CONNECTION_REFUSED @ http://localhost:5199/assets/stage-B4ZnF7Se.js:0
[ 6760969ms] [ERROR] WebSocket connection to 'ws://localhost:8031/' failed: Error in connection establishment: net::ERR_CONNECTION_REFUSED @ http://localhost:5199/assets/stage-B4ZnF7Se.js:0
[ 6764107ms] [ERROR] WebSocket connection to 'ws://localhost:8031/' failed: Error in connection establishment: net::ERR_CONNECTION_REFUSED @ http://localhost:5199/assets/stage-B4ZnF7Se.js:0
[ 6767502ms] [ERROR] WebSocket connection to 'ws://localhost:8031/' failed: Error in connection establishment: net::ERR_CONNECTION_REFUSED @ http://localhost:5199/assets/stage-B4ZnF7Se.js:0
[ 6773862ms] [ERROR] WebSocket connection to 'ws://localhost:8031/' failed: Error in connection establishment: net::ERR_CONNECTION_REFUSED @ http://localhost:5199/assets/stage-B4ZnF7Se.js:0
[ 6776957ms] [ERROR] WebSocket connection to 'ws://localhost:8031/' failed: Error in connection establishment: net::ERR_CONNECTION_REFUSED @ http://localhost:5199/assets/stage-B4ZnF7Se.js:0
[ 6781177ms] [ERROR] WebSocket connection to 'ws://localhost:8031/' failed: Error in connection establishment: net::ERR_CONNECTION_REFUSED @ http://localhost:5199/assets/stage-B4ZnF7Se.js:0
[ 6785424ms] [ERROR] WebSocket connection to 'ws://localhost:8031/' failed: Error in connection establishment: net::ERR_CONNECTION_REFUSED @ http://localhost:5199/assets/stage-B4ZnF7Se.js:0
[ 6788686ms] [ERROR] WebSocket connection to 'ws://localhost:8031/' failed: Error in connection establishment: net::ERR_CONNECTION_REFUSED @ http://localhost:5199/assets/stage-B4ZnF7Se.js:0
[ 6793703ms] [ERROR] WebSocket connection to 'ws://localhost:8031/' failed: Error in connection establishment: net::ERR_CONNECTION_REFUSED @ http://localhost:5199/assets/stage-B4ZnF7Se.js:0
[ 6795208ms] [ERROR] WebSocket connection to 'ws://localhost:8031/' failed: Error in connection establishment: net::ERR_CONNECTION_REFUSED @ http://localhost:5199/assets/stage-B4ZnF7Se.js:0
[ 6796712ms] [ERROR] WebSocket connection to 'ws://localhost:8031/' failed: Error in connection establishment: net::ERR_CONNECTION_REFUSED @ http://localhost:5199/assets/stage-B4ZnF7Se.js:0
[ 6798217ms] [ERROR] WebSocket connection to 'ws://localhost:8031/' failed: Error in connection establishment: net::ERR_CONNECTION_REFUSED @ http://localhost:5199/assets/stage-B4ZnF7Se.js:0
[ 6799721ms] [ERROR] WebSocket connection to 'ws://localhost:8031/' failed: Error in connection establishment: net::ERR_CONNECTION_REFUSED @ http://localhost:5199/assets/stage-B4ZnF7Se.js:0
[ 6801227ms] [ERROR] WebSocket connection to 'ws://localhost:8031/' failed: Error in connection establishment: net::ERR_CONNECTION_REFUSED @ http://localhost:5199/assets/stage-B4ZnF7Se.js:0
[ 6802736ms] [ERROR] WebSocket connection to 'ws://localhost:8031/' failed: Error in connection establishment: net::ERR_CONNECTION_REFUSED @ http://localhost:5199/assets/stage-B4ZnF7Se.js:0
[ 6804249ms] [ERROR] WebSocket connection to 'ws://localhost:8031/' failed: Error in connection establishment: net::ERR_CONNECTION_REFUSED @ http://localhost:5199/assets/stage-B4ZnF7Se.js:0
[ 6805778ms] [ERROR] WebSocket connection to 'ws://localhost:8031/' failed: Error in connection establishment: net::ERR_CONNECTION_REFUSED @ http://localhost:5199/assets/stage-B4ZnF7Se.js:0
[ 6807304ms] [ERROR] WebSocket connection to 'ws://localhost:8031/' failed: Error in connection establishment: net::ERR_CONNECTION_REFUSED @ http://localhost:5199/assets/stage-B4ZnF7Se.js:0
[ 6808862ms] [ERROR] WebSocket connection to 'ws://localhost:8031/' failed: Error in connection establishment: net::ERR_CONNECTION_REFUSED @ http://localhost:5199/assets/stage-B4ZnF7Se.js:0
[ 6810503ms] [ERROR] WebSocket connection to 'ws://localhost:8031/' failed: Error in connection establishment: net::ERR_CONNECTION_REFUSED @ http://localhost:5199/assets/stage-B4ZnF7Se.js:0
[ 6812170ms] [ERROR] WebSocket connection to 'ws://localhost:8031/' failed: Error in connection establishment: net::ERR_CONNECTION_REFUSED @ http://localhost:5199/assets/stage-B4ZnF7Se.js:0
[ 6814033ms] [ERROR] WebSocket connection to 'ws://localhost:8031/' failed: Error in connection establishment: net::ERR_CONNECTION_REFUSED @ http://localhost:5199/assets/stage-B4ZnF7Se.js:0
[ 6816457ms] [ERROR] WebSocket connection to 'ws://localhost:8031/' failed: Error in connection establishment: net::ERR_CONNECTION_REFUSED @ http://localhost:5199/assets/stage-B4ZnF7Se.js:0
[ 6818612ms] [ERROR] WebSocket connection to 'ws://localhost:8031/' failed: Error in connection establishment: net::ERR_CONNECTION_REFUSED @ http://localhost:5199/assets/stage-B4ZnF7Se.js:0
[ 6823213ms] [ERROR] WebSocket connection to 'ws://localhost:8031/' failed: Error in connection establishment: net::ERR_CONNECTION_REFUSED @ http://localhost:5199/assets/stage-B4ZnF7Se.js:0
[ 6825989ms] [ERROR] WebSocket connection to 'ws://localhost:8031/' failed: Error in connection establishment: net::ERR_CONNECTION_REFUSED @ http://localhost:5199/assets/stage-B4ZnF7Se.js:0
[ 6829854ms] [ERROR] WebSocket connection to 'ws://localhost:8031/' failed: Error in connection establishment: net::ERR_CONNECTION_REFUSED @ http://localhost:5199/assets/stage-B4ZnF7Se.js:0
[ 6832610ms] [ERROR] WebSocket connection to 'ws://localhost:8031/' failed: Error in connection establishment: net::ERR_CONNECTION_REFUSED @ http://localhost:5199/assets/stage-B4ZnF7Se.js:0
[ 6835562ms] [ERROR] WebSocket connection to 'ws://localhost:8031/' failed: Error in connection establishment: net::ERR_CONNECTION_REFUSED @ http://localhost:5199/assets/stage-B4ZnF7Se.js:0
[ 6839828ms] [ERROR] WebSocket connection to 'ws://localhost:8031/' failed: Error in connection establishment: net::ERR_CONNECTION_REFUSED @ http://localhost:5199/assets/stage-B4ZnF7Se.js:0
[ 6843942ms] [ERROR] WebSocket connection to 'ws://localhost:8031/' failed: Error in connection establishment: net::ERR_CONNECTION_REFUSED @ http://localhost:5199/assets/stage-B4ZnF7Se.js:0
[ 6846907ms] [ERROR] WebSocket connection to 'ws://localhost:8031/' failed: Error in connection establishment: net::ERR_CONNECTION_REFUSED @ http://localhost:5199/assets/stage-B4ZnF7Se.js:0
[ 6851803ms] [ERROR] WebSocket connection to 'ws://localhost:8031/' failed: Error in connection establishment: net::ERR_CONNECTION_REFUSED @ http://localhost:5199/assets/stage-B4ZnF7Se.js:0
[ 6856671ms] [ERROR] WebSocket connection to 'ws://localhost:8031/' failed: Error in connection establishment: net::ERR_CONNECTION_REFUSED @ http://localhost:5199/assets/stage-B4ZnF7Se.js:0
[ 6859969ms] [ERROR] WebSocket connection to 'ws://localhost:8031/' failed: Error in connection establishment: net::ERR_CONNECTION_REFUSED @ http://localhost:5199/assets/stage-B4ZnF7Se.js:0
[ 6865475ms] [ERROR] WebSocket connection to 'ws://localhost:8031/' failed: Error in connection establishment: net::ERR_CONNECTION_REFUSED @ http://localhost:5199/assets/stage-B4ZnF7Se.js:0
[ 6870059ms] [ERROR] WebSocket connection to 'ws://localhost:8031/' failed: Error in connection establishment: net::ERR_CONNECTION_REFUSED @ http://localhost:5199/assets/stage-B4ZnF7Se.js:0
[ 6876532ms] [ERROR] WebSocket connection to 'ws://localhost:8031/' failed: Error in connection establishment: net::ERR_CONNECTION_REFUSED @ http://localhost:5199/assets/stage-B4ZnF7Se.js:0
[ 6881049ms] [ERROR] WebSocket connection to 'ws://localhost:8031/' failed: Error in connection establishment: net::ERR_CONNECTION_REFUSED @ http://localhost:5199/assets/stage-B4ZnF7Se.js:0
[ 6886491ms] [ERROR] WebSocket connection to 'ws://localhost:8031/' failed: Error in connection establishment: net::ERR_CONNECTION_REFUSED @ http://localhost:5199/assets/stage-B4ZnF7Se.js:0
[ 6892015ms] [ERROR] WebSocket connection to 'ws://localhost:8031/' failed: Error in connection establishment: net::ERR_CONNECTION_REFUSED @ http://localhost:5199/assets/stage-B4ZnF7Se.js:0
[ 6896289ms] [ERROR] WebSocket connection to 'ws://localhost:8031/' failed: Error in connection establishment: net::ERR_CONNECTION_REFUSED @ http://localhost:5199/assets/stage-B4ZnF7Se.js:0
[ 6898888ms] [ERROR] WebSocket connection to 'ws://localhost:8031/' failed: Error in connection establishment: net::ERR_CONNECTION_REFUSED @ http://localhost:5199/assets/stage-B4ZnF7Se.js:0
[ 6905265ms] [ERROR] WebSocket connection to 'ws://localhost:8031/' failed: Error in connection establishment: net::ERR_CONNECTION_REFUSED @ http://localhost:5199/assets/stage-B4ZnF7Se.js:0
[ 6908232ms] [ERROR] WebSocket connection to 'ws://localhost:8031/' failed: Error in connection establishment: net::ERR_CONNECTION_REFUSED @ http://localhost:5199/assets/stage-B4ZnF7Se.js:0
[ 6910745ms] [ERROR] WebSocket connection to 'ws://localhost:8031/' failed: Error in connection establishment: net::ERR_CONNECTION_REFUSED @ http://localhost:5199/assets/stage-B4ZnF7Se.js:0
[ 6914924ms] [ERROR] WebSocket connection to 'ws://localhost:8031/' failed: Error in connection establishment: net::ERR_CONNECTION_REFUSED @ http://localhost:5199/assets/stage-B4ZnF7Se.js:0
[ 6916427ms] [ERROR] WebSocket connection to 'ws://localhost:8031/' failed: Error in connection establishment: net::ERR_CONNECTION_REFUSED @ http://localhost:5199/assets/stage-B4ZnF7Se.js:0
[ 6917930ms] [ERROR] WebSocket connection to 'ws://localhost:8031/' failed: Error in connection establishment: net::ERR_CONNECTION_REFUSED @ http://localhost:5199/assets/stage-B4ZnF7Se.js:0
[ 6919433ms] [ERROR] WebSocket connection to 'ws://localhost:8031/' failed: Error in connection establishment: net::ERR_CONNECTION_REFUSED @ http://localhost:5199/assets/stage-B4ZnF7Se.js:0
[ 6920936ms] [ERROR] WebSocket connection to 'ws://localhost:8031/' failed: Error in connection establishment: net::ERR_CONNECTION_REFUSED @ http://localhost:5199/assets/stage-B4ZnF7Se.js:0
[ 6922440ms] [ERROR] WebSocket connection to 'ws://localhost:8031/' failed: Error in connection establishment: net::ERR_CONNECTION_REFUSED @ http://localhost:5199/assets/stage-B4ZnF7Se.js:0
[ 6923944ms] [ERROR] WebSocket connection to 'ws://localhost:8031/' failed: Error in connection establishment: net::ERR_CONNECTION_REFUSED @ http://localhost:5199/assets/stage-B4ZnF7Se.js:0
[ 6925450ms] [ERROR] WebSocket connection to 'ws://localhost:8031/' failed: Error in connection establishment: net::ERR_CONNECTION_REFUSED @ http://localhost:5199/assets/stage-B4ZnF7Se.js:0
[ 6926970ms] [ERROR] WebSocket connection to 'ws://localhost:8031/' failed: Error in connection establishment: net::ERR_CONNECTION_REFUSED @ http://localhost:5199/assets/stage-B4ZnF7Se.js:0
[ 6928507ms] [ERROR] WebSocket connection to 'ws://localhost:8031/' failed: Error in connection establishment: net::ERR_CONNECTION_REFUSED @ http://localhost:5199/assets/stage-B4ZnF7Se.js:0
[ 6930076ms] [ERROR] WebSocket connection to 'ws://localhost:8031/' failed: Error in connection establishment: net::ERR_CONNECTION_REFUSED @ http://localhost:5199/assets/stage-B4ZnF7Se.js:0
[ 6931712ms] [ERROR] WebSocket connection to 'ws://localhost:8031/' failed: Error in connection establishment: net::ERR_CONNECTION_REFUSED @ http://localhost:5199/assets/stage-B4ZnF7Se.js:0
[ 6933349ms] [ERROR] WebSocket connection to 'ws://localhost:8031/' failed: Error in connection establishment: net::ERR_CONNECTION_REFUSED @ http://localhost:5199/assets/stage-B4ZnF7Se.js:0
[ 6935074ms] [ERROR] WebSocket connection to 'ws://localhost:8031/' failed: Error in connection establishment: net::ERR_CONNECTION_REFUSED @ http://localhost:5199/assets/stage-B4ZnF7Se.js:0
[ 6937821ms] [ERROR] WebSocket connection to 'ws://localhost:8031/' failed: Error in connection establishment: net::ERR_CONNECTION_REFUSED @ http://localhost:5199/assets/stage-B4ZnF7Se.js:0
[ 6939929ms] [ERROR] WebSocket connection to 'ws://localhost:8031/' failed: Error in connection establishment: net::ERR_CONNECTION_REFUSED @ http://localhost:5199/assets/stage-B4ZnF7Se.js:0
[ 6943874ms] [ERROR] WebSocket connection to 'ws://localhost:8031/' failed: Error in connection establishment: net::ERR_CONNECTION_REFUSED @ http://localhost:5199/assets/stage-B4ZnF7Se.js:0
[ 6949370ms] [ERROR] WebSocket connection to 'ws://localhost:8031/' failed: Error in connection establishment: net::ERR_CONNECTION_REFUSED @ http://localhost:5199/assets/stage-B4ZnF7Se.js:0
[ 6955062ms] [ERROR] WebSocket connection to 'ws://localhost:8031/' failed: Error in connection establishment: net::ERR_CONNECTION_REFUSED @ http://localhost:5199/assets/stage-B4ZnF7Se.js:0
[ 6959045ms] [ERROR] WebSocket connection to 'ws://localhost:8031/' failed: Error in connection establishment: net::ERR_CONNECTION_REFUSED @ http://localhost:5199/assets/stage-B4ZnF7Se.js:0
[ 6965496ms] [ERROR] WebSocket connection to 'ws://localhost:8031/' failed: Error in connection establishment: net::ERR_CONNECTION_REFUSED @ http://localhost:5199/assets/stage-B4ZnF7Se.js:0
[ 6969499ms] [ERROR] WebSocket connection to 'ws://localhost:8031/' failed: Error in connection establishment: net::ERR_CONNECTION_REFUSED @ http://localhost:5199/assets/stage-B4ZnF7Se.js:0
[ 6975391ms] [ERROR] WebSocket connection to 'ws://localhost:8031/' failed: Error in connection establishment: net::ERR_CONNECTION_REFUSED @ http://localhost:5199/assets/stage-B4ZnF7Se.js:0
[ 6980308ms] [ERROR] WebSocket connection to 'ws://localhost:8031/' failed: Error in connection establishment: net::ERR_CONNECTION_REFUSED @ http://localhost:5199/assets/stage-B4ZnF7Se.js:0
[ 6984100ms] [ERROR] WebSocket connection to 'ws://localhost:8031/' failed: Error in connection establishment: net::ERR_CONNECTION_REFUSED @ http://localhost:5199/assets/stage-B4ZnF7Se.js:0
[ 6989029ms] [ERROR] WebSocket connection to 'ws://localhost:8031/' failed: Error in connection establishment: net::ERR_CONNECTION_REFUSED @ http://localhost:5199/assets/stage-B4ZnF7Se.js:0
[ 6995052ms] [ERROR] WebSocket connection to 'ws://localhost:8031/' failed: Error in connection establishment: net::ERR_CONNECTION_REFUSED @ http://localhost:5199/assets/stage-B4ZnF7Se.js:0
[ 7000342ms] [ERROR] WebSocket connection to 'ws://localhost:8031/' failed: Error in connection establishment: net::ERR_CONNECTION_REFUSED @ http://localhost:5199/assets/stage-B4ZnF7Se.js:0
[ 7005046ms] [ERROR] WebSocket connection to 'ws://localhost:8031/' failed: Error in connection establishment: net::ERR_CONNECTION_REFUSED @ http://localhost:5199/assets/stage-B4ZnF7Se.js:0
[ 7009608ms] [ERROR] WebSocket connection to 'ws://localhost:8031/' failed: Error in connection establishment: net::ERR_CONNECTION_REFUSED @ http://localhost:5199/assets/stage-B4ZnF7Se.js:0
[ 7015415ms] [ERROR] WebSocket connection to 'ws://localhost:8031/' failed: Error in connection establishment: net::ERR_CONNECTION_REFUSED @ http://localhost:5199/assets/stage-B4ZnF7Se.js:0
[ 7018629ms] [ERROR] WebSocket connection to 'ws://localhost:8031/' failed: Error in connection establishment: net::ERR_CONNECTION_REFUSED @ http://localhost:5199/assets/stage-B4ZnF7Se.js:0
[ 7024338ms] [ERROR] WebSocket connection to 'ws://localhost:8031/' failed: Error in connection establishment: net::ERR_CONNECTION_REFUSED @ http://localhost:5199/assets/stage-B4ZnF7Se.js:0
[ 7028056ms] [ERROR] WebSocket connection to 'ws://localhost:8031/' failed: Error in connection establishment: net::ERR_CONNECTION_REFUSED @ http://localhost:5199/assets/stage-B4ZnF7Se.js:0
[ 7032580ms] [ERROR] WebSocket connection to 'ws://localhost:8031/' failed: Error in connection establishment: net::ERR_CONNECTION_REFUSED @ http://localhost:5199/assets/stage-B4ZnF7Se.js:0
[ 7037358ms] [ERROR] WebSocket connection to 'ws://localhost:8031/' failed: Error in connection establishment: net::ERR_CONNECTION_REFUSED @ http://localhost:5199/assets/stage-B4ZnF7Se.js:0
[ 7040067ms] [ERROR] WebSocket connection to 'ws://localhost:8031/' failed: Error in connection establishment: net::ERR_CONNECTION_REFUSED @ http://localhost:5199/assets/stage-B4ZnF7Se.js:0
[ 7043746ms] [ERROR] WebSocket connection to 'ws://localhost:8031/' failed: Error in connection establishment: net::ERR_CONNECTION_REFUSED @ http://localhost:5199/assets/stage-B4ZnF7Se.js:0
[ 7046805ms] [ERROR] WebSocket connection to 'ws://localhost:8031/' failed: Error in connection establishment: net::ERR_CONNECTION_REFUSED @ http://localhost:5199/assets/stage-B4ZnF7Se.js:0
[ 7051696ms] [ERROR] WebSocket connection to 'ws://localhost:8031/' failed: Error in connection establishment: net::ERR_CONNECTION_REFUSED @ http://localhost:5199/assets/stage-B4ZnF7Se.js:0
[ 7056259ms] [ERROR] WebSocket connection to 'ws://localhost:8031/' failed: Error in connection establishment: net::ERR_CONNECTION_REFUSED @ http://localhost:5199/assets/stage-B4ZnF7Se.js:0
[ 7059882ms] [ERROR] WebSocket connection to 'ws://localhost:8031/' failed: Error in connection establishment: net::ERR_CONNECTION_REFUSED @ http://localhost:5199/assets/stage-B4ZnF7Se.js:0
[ 7064556ms] [ERROR] WebSocket connection to 'ws://localhost:8031/' failed: Error in connection establishment: net::ERR_CONNECTION_REFUSED @ http://localhost:5199/assets/stage-B4ZnF7Se.js:0
[ 7068047ms] [ERROR] WebSocket connection to 'ws://localhost:8031/' failed: Error in connection establishment: net::ERR_CONNECTION_REFUSED @ http://localhost:5199/assets/stage-B4ZnF7Se.js:0
[ 7072992ms] [ERROR] WebSocket connection to 'ws://localhost:8031/' failed: Error in connection establishment: net::ERR_CONNECTION_REFUSED @ http://localhost:5199/assets/stage-B4ZnF7Se.js:0
[ 7076813ms] [ERROR] WebSocket connection to 'ws://localhost:8031/' failed: Error in connection establishment: net::ERR_CONNECTION_REFUSED @ http://localhost:5199/assets/stage-B4ZnF7Se.js:0
[ 7081951ms] [ERROR] WebSocket connection to 'ws://localhost:8031/' failed: Error in connection establishment: net::ERR_CONNECTION_REFUSED @ http://localhost:5199/assets/stage-B4ZnF7Se.js:0
[ 7087442ms] [ERROR] WebSocket connection to 'ws://localhost:8031/' failed: Error in connection establishment: net::ERR_CONNECTION_REFUSED @ http://localhost:5199/assets/stage-B4ZnF7Se.js:0
[ 7091184ms] [ERROR] WebSocket connection to 'ws://localhost:8031/' failed: Error in connection establishment: net::ERR_CONNECTION_REFUSED @ http://localhost:5199/assets/stage-B4ZnF7Se.js:0
[ 7096418ms] [ERROR] WebSocket connection to 'ws://localhost:8031/' failed: Error in connection establishment: net::ERR_CONNECTION_REFUSED @ http://localhost:5199/assets/stage-B4ZnF7Se.js:0
[ 7100043ms] [ERROR] WebSocket connection to 'ws://localhost:8031/' failed: Error in connection establishment: net::ERR_CONNECTION_REFUSED @ http://localhost:5199/assets/stage-B4ZnF7Se.js:0
[ 7103406ms] [ERROR] WebSocket connection to 'ws://localhost:8031/' failed: Error in connection establishment: net::ERR_CONNECTION_REFUSED @ http://localhost:5199/assets/stage-B4ZnF7Se.js:0
[ 7106776ms] [ERROR] WebSocket connection to 'ws://localhost:8031/' failed: Error in connection establishment: net::ERR_CONNECTION_REFUSED @ http://localhost:5199/assets/stage-B4ZnF7Se.js:0
[ 7110893ms] [ERROR] WebSocket connection to 'ws://localhost:8031/' failed: Error in connection establishment: net::ERR_CONNECTION_REFUSED @ http://localhost:5199/assets/stage-B4ZnF7Se.js:0
[ 7115256ms] [ERROR] WebSocket connection to 'ws://localhost:8031/' failed: Error in connection establishment: net::ERR_CONNECTION_REFUSED @ http://localhost:5199/assets/stage-B4ZnF7Se.js:0
[ 7117873ms] [ERROR] WebSocket connection to 'ws://localhost:8031/' failed: Error in connection establishment: net::ERR_CONNECTION_REFUSED @ http://localhost:5199/assets/stage-B4ZnF7Se.js:0
[ 7122284ms] [ERROR] WebSocket connection to 'ws://localhost:8031/' failed: Error in connection establishment: net::ERR_CONNECTION_REFUSED @ http://localhost:5199/assets/stage-B4ZnF7Se.js:0
[ 7125490ms] [ERROR] WebSocket connection to 'ws://localhost:8031/' failed: Error in connection establishment: net::ERR_CONNECTION_REFUSED @ http://localhost:5199/assets/stage-B4ZnF7Se.js:0
[ 7129013ms] [ERROR] WebSocket connection to 'ws://localhost:8031/' failed: Error in connection establishment: net::ERR_CONNECTION_REFUSED @ http://localhost:5199/assets/stage-B4ZnF7Se.js:0
[ 7134767ms] [ERROR] WebSocket connection to 'ws://localhost:8031/' failed: Error in connection establishment: net::ERR_CONNECTION_REFUSED @ http://localhost:5199/assets/stage-B4ZnF7Se.js:0
[ 7138131ms] [ERROR] WebSocket connection to 'ws://localhost:8031/' failed: Error in connection establishment: net::ERR_CONNECTION_REFUSED @ http://localhost:5199/assets/stage-B4ZnF7Se.js:0
[ 7142954ms] [ERROR] WebSocket connection to 'ws://localhost:8031/' failed: Error in connection establishment: net::ERR_CONNECTION_REFUSED @ http://localhost:5199/assets/stage-B4ZnF7Se.js:0
[ 7146390ms] [ERROR] WebSocket connection to 'ws://localhost:8031/' failed: Error in connection establishment: net::ERR_CONNECTION_REFUSED @ http://localhost:5199/assets/stage-B4ZnF7Se.js:0
[ 7150593ms] [ERROR] WebSocket connection to 'ws://localhost:8031/' failed: Error in connection establishment: net::ERR_CONNECTION_REFUSED @ http://localhost:5199/assets/stage-B4ZnF7Se.js:0
[ 7154056ms] [ERROR] WebSocket connection to 'ws://localhost:8031/' failed: Error in connection establishment: net::ERR_CONNECTION_REFUSED @ http://localhost:5199/assets/stage-B4ZnF7Se.js:0
[ 7158748ms] [ERROR] WebSocket connection to 'ws://localhost:8031/' failed: Error in connection establishment: net::ERR_CONNECTION_REFUSED @ http://localhost:5199/assets/stage-B4ZnF7Se.js:0
[ 7164427ms] [ERROR] WebSocket connection to 'ws://localhost:8031/' failed: Error in connection establishment: net::ERR_CONNECTION_REFUSED @ http://localhost:5199/assets/stage-B4ZnF7Se.js:0
[ 7168740ms] [ERROR] WebSocket connection to 'ws://localhost:8031/' failed: Error in connection establishment: net::ERR_CONNECTION_REFUSED @ http://localhost:5199/assets/stage-B4ZnF7Se.js:0
[ 7173552ms] [ERROR] WebSocket connection to 'ws://localhost:8031/' failed: Error in connection establishment: net::ERR_CONNECTION_REFUSED @ http://localhost:5199/assets/stage-B4ZnF7Se.js:0
[ 7177082ms] [ERROR] WebSocket connection to 'ws://localhost:8031/' failed: Error in connection establishment: net::ERR_CONNECTION_REFUSED @ http://localhost:5199/assets/stage-B4ZnF7Se.js:0
[ 7182139ms] [ERROR] WebSocket connection to 'ws://localhost:8031/' failed: Error in connection establishment: net::ERR_CONNECTION_REFUSED @ http://localhost:5199/assets/stage-B4ZnF7Se.js:0
[ 7184877ms] [ERROR] WebSocket connection to 'ws://localhost:8031/' failed: Error in connection establishment: net::ERR_CONNECTION_REFUSED @ http://localhost:5199/assets/stage-B4ZnF7Se.js:0
[ 7189910ms] [ERROR] WebSocket connection to 'ws://localhost:8031/' failed: Error in connection establishment: net::ERR_CONNECTION_REFUSED @ http://localhost:5199/assets/stage-B4ZnF7Se.js:0
[ 7194239ms] [ERROR] WebSocket connection to 'ws://localhost:8031/' failed: Error in connection establishment: net::ERR_CONNECTION_REFUSED @ http://localhost:5199/assets/stage-B4ZnF7Se.js:0
[ 7199514ms] [ERROR] WebSocket connection to 'ws://localhost:8031/' failed: Error in connection establishment: net::ERR_CONNECTION_REFUSED @ http://localhost:5199/assets/stage-B4ZnF7Se.js:0
[ 7202735ms] [ERROR] WebSocket connection to 'ws://localhost:8031/' failed: Error in connection establishment: net::ERR_CONNECTION_REFUSED @ http://localhost:5199/assets/stage-B4ZnF7Se.js:0
[ 7208877ms] [ERROR] WebSocket connection to 'ws://localhost:8031/' failed: Error in connection establishment: net::ERR_CONNECTION_REFUSED @ http://localhost:5199/assets/stage-B4ZnF7Se.js:0
[ 7211489ms] [ERROR] WebSocket connection to 'ws://localhost:8031/' failed: Error in connection establishment: net::ERR_CONNECTION_REFUSED @ http://localhost:5199/assets/stage-B4ZnF7Se.js:0
[ 7216410ms] [ERROR] WebSocket connection to 'ws://localhost:8031/' failed: Error in connection establishment: net::ERR_CONNECTION_REFUSED @ http://localhost:5199/assets/stage-B4ZnF7Se.js:0
[ 7221698ms] [ERROR] WebSocket connection to 'ws://localhost:8031/' failed: Error in connection establishment: net::ERR_CONNECTION_REFUSED @ http://localhost:5199/assets/stage-B4ZnF7Se.js:0
[ 7226123ms] [ERROR] WebSocket connection to 'ws://localhost:8031/' failed: Error in connection establishment: net::ERR_CONNECTION_REFUSED @ http://localhost:5199/assets/stage-B4ZnF7Se.js:0
[ 7230502ms] [ERROR] WebSocket connection to 'ws://localhost:8031/' failed: Error in connection establishment: net::ERR_CONNECTION_REFUSED @ http://localhost:5199/assets/stage-B4ZnF7Se.js:0
[ 7235621ms] [ERROR] WebSocket connection to 'ws://localhost:8031/' failed: Error in connection establishment: net::ERR_CONNECTION_REFUSED @ http://localhost:5199/assets/stage-B4ZnF7Se.js:0
[ 7238627ms] [ERROR] WebSocket connection to 'ws://localhost:8031/' failed: Error in connection establishment: net::ERR_CONNECTION_REFUSED @ http://localhost:5199/assets/stage-B4ZnF7Se.js:0
[ 7241792ms] [ERROR] WebSocket connection to 'ws://localhost:8031/' failed: Error in connection establishment: net::ERR_CONNECTION_REFUSED @ http://localhost:5199/assets/stage-B4ZnF7Se.js:0
[ 7247920ms] [ERROR] WebSocket connection to 'ws://localhost:8031/' failed: Error in connection establishment: net::ERR_CONNECTION_REFUSED @ http://localhost:5199/assets/stage-B4ZnF7Se.js:0
[ 7251615ms] [ERROR] WebSocket connection to 'ws://localhost:8031/' failed: Error in connection establishment: net::ERR_CONNECTION_REFUSED @ http://localhost:5199/assets/stage-B4ZnF7Se.js:0
[ 7254966ms] [ERROR] WebSocket connection to 'ws://localhost:8031/' failed: Error in connection establishment: net::ERR_CONNECTION_REFUSED @ http://localhost:5199/assets/stage-B4ZnF7Se.js:0
[ 7260098ms] [ERROR] WebSocket connection to 'ws://localhost:8031/' failed: Error in connection establishment: net::ERR_CONNECTION_REFUSED @ http://localhost:5199/assets/stage-B4ZnF7Se.js:0
[ 7264115ms] [ERROR] WebSocket connection to 'ws://localhost:8031/' failed: Error in connection establishment: net::ERR_CONNECTION_REFUSED @ http://localhost:5199/assets/stage-B4ZnF7Se.js:0
[ 7270202ms] [ERROR] WebSocket connection to 'ws://localhost:8031/' failed: Error in connection establishment: net::ERR_CONNECTION_REFUSED @ http://localhost:5199/assets/stage-B4ZnF7Se.js:0
[ 7276421ms] [ERROR] WebSocket connection to 'ws://localhost:8031/' failed: Error in connection establishment: net::ERR_CONNECTION_REFUSED @ http://localhost:5199/assets/stage-B4ZnF7Se.js:0
[ 7277926ms] [ERROR] WebSocket connection to 'ws://localhost:8031/' failed: Error in connection establishment: net::ERR_CONNECTION_REFUSED @ http://localhost:5199/assets/stage-B4ZnF7Se.js:0
[ 7279431ms] [ERROR] WebSocket connection to 'ws://localhost:8031/' failed: Error in connection establishment: net::ERR_CONNECTION_REFUSED @ http://localhost:5199/assets/stage-B4ZnF7Se.js:0
[ 7280934ms] [ERROR] WebSocket connection to 'ws://localhost:8031/' failed: Error in connection establishment: net::ERR_CONNECTION_REFUSED @ http://localhost:5199/assets/stage-B4ZnF7Se.js:0
[ 7282438ms] [ERROR] WebSocket connection to 'ws://localhost:8031/' failed: Error in connection establishment: net::ERR_CONNECTION_REFUSED @ http://localhost:5199/assets/stage-B4ZnF7Se.js:0
[ 7283944ms] [ERROR] WebSocket connection to 'ws://localhost:8031/' failed: Error in connection establishment: net::ERR_CONNECTION_REFUSED @ http://localhost:5199/assets/stage-B4ZnF7Se.js:0
[ 7285451ms] [ERROR] WebSocket connection to 'ws://localhost:8031/' failed: Error in connection establishment: net::ERR_CONNECTION_REFUSED @ http://localhost:5199/assets/stage-B4ZnF7Se.js:0
[ 7286961ms] [ERROR] WebSocket connection to 'ws://localhost:8031/' failed: Error in connection establishment: net::ERR_CONNECTION_REFUSED @ http://localhost:5199/assets/stage-B4ZnF7Se.js:0
[ 7288477ms] [ERROR] WebSocket connection to 'ws://localhost:8031/' failed: Error in connection establishment: net::ERR_CONNECTION_REFUSED @ http://localhost:5199/assets/stage-B4ZnF7Se.js:0
[ 7289995ms] [ERROR] WebSocket connection to 'ws://localhost:8031/' failed: Error in connection establishment: net::ERR_CONNECTION_REFUSED @ http://localhost:5199/assets/stage-B4ZnF7Se.js:0
[ 7291545ms] [ERROR] WebSocket connection to 'ws://localhost:8031/' failed: Error in connection establishment: net::ERR_CONNECTION_REFUSED @ http://localhost:5199/assets/stage-B4ZnF7Se.js:0
[ 7293095ms] [ERROR] WebSocket connection to 'ws://localhost:8031/' failed: Error in connection establishment: net::ERR_CONNECTION_REFUSED @ http://localhost:5199/assets/stage-B4ZnF7Se.js:0
[ 7294708ms] [ERROR] WebSocket connection to 'ws://localhost:8031/' failed: Error in connection establishment: net::ERR_CONNECTION_REFUSED @ http://localhost:5199/assets/stage-B4ZnF7Se.js:0
[ 7296822ms] [ERROR] WebSocket connection to 'ws://localhost:8031/' failed: Error in connection establishment: net::ERR_CONNECTION_REFUSED @ http://localhost:5199/assets/stage-B4ZnF7Se.js:0
[ 7298678ms] [ERROR] WebSocket connection to 'ws://localhost:8031/' failed: Error in connection establishment: net::ERR_CONNECTION_REFUSED @ http://localhost:5199/assets/stage-B4ZnF7Se.js:0
[ 7301694ms] [ERROR] WebSocket connection to 'ws://localhost:8031/' failed: Error in connection establishment: net::ERR_CONNECTION_REFUSED @ http://localhost:5199/assets/stage-B4ZnF7Se.js:0
[ 7305448ms] [ERROR] WebSocket connection to 'ws://localhost:8031/' failed: Error in connection establishment: net::ERR_CONNECTION_REFUSED @ http://localhost:5199/assets/stage-B4ZnF7Se.js:0
[ 7310624ms] [ERROR] WebSocket connection to 'ws://localhost:8031/' failed: Error in connection establishment: net::ERR_CONNECTION_REFUSED @ http://localhost:5199/assets/stage-B4ZnF7Se.js:0
[ 7315894ms] [ERROR] WebSocket connection to 'ws://localhost:8031/' failed: Error in connection establishment: net::ERR_CONNECTION_REFUSED @ http://localhost:5199/assets/stage-B4ZnF7Se.js:0
[ 7321207ms] [ERROR] WebSocket connection to 'ws://localhost:8031/' failed: Error in connection establishment: net::ERR_CONNECTION_REFUSED @ http://localhost:5199/assets/stage-B4ZnF7Se.js:0
[ 7325636ms] [ERROR] WebSocket connection to 'ws://localhost:8031/' failed: Error in connection establishment: net::ERR_CONNECTION_REFUSED @ http://localhost:5199/assets/stage-B4ZnF7Se.js:0
[ 7331827ms] [ERROR] WebSocket connection to 'ws://localhost:8031/' failed: Error in connection establishment: net::ERR_CONNECTION_REFUSED @ http://localhost:5199/assets/stage-B4ZnF7Se.js:0
[ 7336211ms] [ERROR] WebSocket connection to 'ws://localhost:8031/' failed: Error in connection establishment: net::ERR_CONNECTION_REFUSED @ http://localhost:5199/assets/stage-B4ZnF7Se.js:0
[ 7341107ms] [ERROR] WebSocket connection to 'ws://localhost:8031/' failed: Error in connection establishment: net::ERR_CONNECTION_REFUSED @ http://localhost:5199/assets/stage-B4ZnF7Se.js:0
[ 7343934ms] [ERROR] WebSocket connection to 'ws://localhost:8031/' failed: Error in connection establishment: net::ERR_CONNECTION_REFUSED @ http://localhost:5199/assets/stage-B4ZnF7Se.js:0
[ 7346525ms] [ERROR] WebSocket connection to 'ws://localhost:8031/' failed: Error in connection establishment: net::ERR_CONNECTION_REFUSED @ http://localhost:5199/assets/stage-B4ZnF7Se.js:0
[ 7352421ms] [ERROR] WebSocket connection to 'ws://localhost:8031/' failed: Error in connection establishment: net::ERR_CONNECTION_REFUSED @ http://localhost:5199/assets/stage-B4ZnF7Se.js:0
[ 7354963ms] [ERROR] WebSocket connection to 'ws://localhost:8031/' failed: Error in connection establishment: net::ERR_CONNECTION_REFUSED @ http://localhost:5199/assets/stage-B4ZnF7Se.js:0
[ 7360304ms] [ERROR] WebSocket connection to 'ws://localhost:8031/' failed: Error in connection establishment: net::ERR_CONNECTION_REFUSED @ http://localhost:5199/assets/stage-B4ZnF7Se.js:0
[ 7365884ms] [ERROR] WebSocket connection to 'ws://localhost:8031/' failed: Error in connection establishment: net::ERR_CONNECTION_REFUSED @ http://localhost:5199/assets/stage-B4ZnF7Se.js:0
[ 7370212ms] [ERROR] WebSocket connection to 'ws://localhost:8031/' failed: Error in connection establishment: net::ERR_CONNECTION_REFUSED @ http://localhost:5199/assets/stage-B4ZnF7Se.js:0
[ 7375325ms] [ERROR] WebSocket connection to 'ws://localhost:8031/' failed: Error in connection establishment: net::ERR_CONNECTION_REFUSED @ http://localhost:5199/assets/stage-B4ZnF7Se.js:0
[ 7380609ms] [ERROR] WebSocket connection to 'ws://localhost:8031/' failed: Error in connection establishment: net::ERR_CONNECTION_REFUSED @ http://localhost:5199/assets/stage-B4ZnF7Se.js:0
[ 7384396ms] [ERROR] WebSocket connection to 'ws://localhost:8031/' failed: Error in connection establishment: net::ERR_CONNECTION_REFUSED @ http://localhost:5199/assets/stage-B4ZnF7Se.js:0
[ 7390867ms] [ERROR] WebSocket connection to 'ws://localhost:8031/' failed: Error in connection establishment: net::ERR_CONNECTION_REFUSED @ http://localhost:5199/assets/stage-B4ZnF7Se.js:0
[ 7397180ms] [ERROR] WebSocket connection to 'ws://localhost:8031/' failed: Error in connection establishment: net::ERR_CONNECTION_REFUSED @ http://localhost:5199/assets/stage-B4ZnF7Se.js:0
[ 7398685ms] [ERROR] WebSocket connection to 'ws://localhost:8031/' failed: Error in connection establishment: net::ERR_CONNECTION_REFUSED @ http://localhost:5199/assets/stage-B4ZnF7Se.js:0
[ 7400191ms] [ERROR] WebSocket connection to 'ws://localhost:8031/' failed: Error in connection establishment: net::ERR_CONNECTION_REFUSED @ http://localhost:5199/assets/stage-B4ZnF7Se.js:0
[ 7401696ms] [ERROR] WebSocket connection to 'ws://localhost:8031/' failed: Error in connection establishment: net::ERR_CONNECTION_REFUSED @ http://localhost:5199/assets/stage-B4ZnF7Se.js:0
[ 7403199ms] [ERROR] WebSocket connection to 'ws://localhost:8031/' failed: Error in connection establishment: net::ERR_CONNECTION_REFUSED @ http://localhost:5199/assets/stage-B4ZnF7Se.js:0
[ 7404706ms] [ERROR] WebSocket connection to 'ws://localhost:8031/' failed: Error in connection establishment: net::ERR_CONNECTION_REFUSED @ http://localhost:5199/assets/stage-B4ZnF7Se.js:0
[ 7406213ms] [ERROR] WebSocket connection to 'ws://localhost:8031/' failed: Error in connection establishment: net::ERR_CONNECTION_REFUSED @ http://localhost:5199/assets/stage-B4ZnF7Se.js:0
[ 7407725ms] [ERROR] WebSocket connection to 'ws://localhost:8031/' failed: Error in connection establishment: net::ERR_CONNECTION_REFUSED @ http://localhost:5199/assets/stage-B4ZnF7Se.js:0
[ 7409236ms] [ERROR] WebSocket connection to 'ws://localhost:8031/' failed: Error in connection establishment: net::ERR_CONNECTION_REFUSED @ http://localhost:5199/assets/stage-B4ZnF7Se.js:0
[ 7410788ms] [ERROR] WebSocket connection to 'ws://localhost:8031/' failed: Error in connection establishment: net::ERR_CONNECTION_REFUSED @ http://localhost:5199/assets/stage-B4ZnF7Se.js:0
[ 7412338ms] [ERROR] WebSocket connection to 'ws://localhost:8031/' failed: Error in connection establishment: net::ERR_CONNECTION_REFUSED @ http://localhost:5199/assets/stage-B4ZnF7Se.js:0
[ 7413975ms] [ERROR] WebSocket connection to 'ws://localhost:8031/' failed: Error in connection establishment: net::ERR_CONNECTION_REFUSED @ http://localhost:5199/assets/stage-B4ZnF7Se.js:0
[ 7415655ms] [ERROR] WebSocket connection to 'ws://localhost:8031/' failed: Error in connection establishment: net::ERR_CONNECTION_REFUSED @ http://localhost:5199/assets/stage-B4ZnF7Se.js:0
[ 7417343ms] [ERROR] WebSocket connection to 'ws://localhost:8031/' failed: Error in connection establishment: net::ERR_CONNECTION_REFUSED @ http://localhost:5199/assets/stage-B4ZnF7Se.js:0
[ 7419447ms] [ERROR] WebSocket connection to 'ws://localhost:8031/' failed: Error in connection establishment: net::ERR_CONNECTION_REFUSED @ http://localhost:5199/assets/stage-B4ZnF7Se.js:0
[ 7422118ms] [ERROR] WebSocket connection to 'ws://localhost:8031/' failed: Error in connection establishment: net::ERR_CONNECTION_REFUSED @ http://localhost:5199/assets/stage-B4ZnF7Se.js:0
[ 7425568ms] [ERROR] WebSocket connection to 'ws://localhost:8031/' failed: Error in connection establishment: net::ERR_CONNECTION_REFUSED @ http://localhost:5199/assets/stage-B4ZnF7Se.js:0
[ 7430330ms] [ERROR] WebSocket connection to 'ws://localhost:8031/' failed: Error in connection establishment: net::ERR_CONNECTION_REFUSED @ http://localhost:5199/assets/stage-B4ZnF7Se.js:0
[ 7434796ms] [ERROR] WebSocket connection to 'ws://localhost:8031/' failed: Error in connection establishment: net::ERR_CONNECTION_REFUSED @ http://localhost:5199/assets/stage-B4ZnF7Se.js:0
[ 7438942ms] [ERROR] WebSocket connection to 'ws://localhost:8031/' failed: Error in connection establishment: net::ERR_CONNECTION_REFUSED @ http://localhost:5199/assets/stage-B4ZnF7Se.js:0
[ 7445265ms] [ERROR] WebSocket connection to 'ws://localhost:8031/' failed: Error in connection establishment: net::ERR_CONNECTION_REFUSED @ http://localhost:5199/assets/stage-B4ZnF7Se.js:0
[ 7448805ms] [ERROR] WebSocket connection to 'ws://localhost:8031/' failed: Error in connection establishment: net::ERR_CONNECTION_REFUSED @ http://localhost:5199/assets/stage-B4ZnF7Se.js:0
[ 7453484ms] [ERROR] WebSocket connection to 'ws://localhost:8031/' failed: Error in connection establishment: net::ERR_CONNECTION_REFUSED @ http://localhost:5199/assets/stage-B4ZnF7Se.js:0
[ 7459584ms] [ERROR] WebSocket connection to 'ws://localhost:8031/' failed: Error in connection establishment: net::ERR_CONNECTION_REFUSED @ http://localhost:5199/assets/stage-B4ZnF7Se.js:0
[ 7462334ms] [ERROR] WebSocket connection to 'ws://localhost:8031/' failed: Error in connection establishment: net::ERR_CONNECTION_REFUSED @ http://localhost:5199/assets/stage-B4ZnF7Se.js:0
[ 7467046ms] [ERROR] WebSocket connection to 'ws://localhost:8031/' failed: Error in connection establishment: net::ERR_CONNECTION_REFUSED @ http://localhost:5199/assets/stage-B4ZnF7Se.js:0
[ 7472337ms] [ERROR] WebSocket connection to 'ws://localhost:8031/' failed: Error in connection establishment: net::ERR_CONNECTION_REFUSED @ http://localhost:5199/assets/stage-B4ZnF7Se.js:0
[ 7477838ms] [ERROR] WebSocket connection to 'ws://localhost:8031/' failed: Error during WebSocket handshake: Unexpected response code: 403 @ http://localhost:5199/assets/stage-B4ZnF7Se.js:0
[ 7482171ms] [ERROR] WebSocket connection to 'ws://localhost:8031/' failed: Error during WebSocket handshake: Unexpected response code: 403 @ http://localhost:5199/assets/stage-B4ZnF7Se.js:0
[ 7488020ms] [ERROR] WebSocket connection to 'ws://localhost:8031/' failed: Error during WebSocket handshake: Unexpected response code: 403 @ http://localhost:5199/assets/stage-B4ZnF7Se.js:0
[ 7493027ms] [ERROR] WebSocket connection to 'ws://localhost:8031/' failed: Error during WebSocket handshake: Unexpected response code: 403 @ http://localhost:5199/assets/stage-B4ZnF7Se.js:0
[ 7497277ms] [ERROR] WebSocket connection to 'ws://localhost:8031/' failed: Error during WebSocket handshake: Unexpected response code: 403 @ http://localhost:5199/assets/stage-B4ZnF7Se.js:0
[ 7502476ms] [ERROR] WebSocket connection to 'ws://localhost:8031/' failed: Error during WebSocket handshake: Unexpected response code: 403 @ http://localhost:5199/assets/stage-B4ZnF7Se.js:0
[ 7505436ms] [ERROR] WebSocket connection to 'ws://localhost:8031/' failed: Error during WebSocket handshake: Unexpected response code: 403 @ http://localhost:5199/assets/stage-B4ZnF7Se.js:0
[ 7511231ms] [ERROR] WebSocket connection to 'ws://localhost:8031/' failed: Error during WebSocket handshake: Unexpected response code: 403 @ http://localhost:5199/assets/stage-B4ZnF7Se.js:0
[ 7515765ms] [ERROR] WebSocket connection to 'ws://localhost:8031/' failed: Error during WebSocket handshake: Unexpected response code: 403 @ http://localhost:5199/assets/stage-B4ZnF7Se.js:0
[ 7521232ms] [ERROR] WebSocket connection to 'ws://localhost:8031/' failed: Error during WebSocket handshake: Unexpected response code: 403 @ http://localhost:5199/assets/stage-B4ZnF7Se.js:0
[ 7526761ms] [ERROR] WebSocket connection to 'ws://localhost:8031/' failed: Error during WebSocket handshake: Unexpected response code: 403 @ http://localhost:5199/assets/stage-B4ZnF7Se.js:0
[ 7532903ms] [ERROR] WebSocket connection to 'ws://localhost:8031/' failed: Error during WebSocket handshake: Unexpected response code: 403 @ http://localhost:5199/assets/stage-B4ZnF7Se.js:0
[ 7537739ms] [ERROR] WebSocket connection to 'ws://localhost:8031/' failed: Error during WebSocket handshake: Unexpected response code: 403 @ http://localhost:5199/assets/stage-B4ZnF7Se.js:0
[ 7543311ms] [ERROR] WebSocket connection to 'ws://localhost:8031/' failed: Error during WebSocket handshake: Unexpected response code: 403 @ http://localhost:5199/assets/stage-B4ZnF7Se.js:0
[ 7545962ms] [ERROR] WebSocket connection to 'ws://localhost:8031/' failed: Error during WebSocket handshake: Unexpected response code: 403 @ http://localhost:5199/assets/stage-B4ZnF7Se.js:0
[ 7548723ms] [ERROR] WebSocket connection to 'ws://localhost:8031/' failed: Error during WebSocket handshake: Unexpected response code: 403 @ http://localhost:5199/assets/stage-B4ZnF7Se.js:0
[ 7553454ms] [ERROR] WebSocket connection to 'ws://localhost:8031/' failed: Error during WebSocket handshake: Unexpected response code: 403 @ http://localhost:5199/assets/stage-B4ZnF7Se.js:0
[ 7559555ms] [ERROR] WebSocket connection to 'ws://localhost:8031/' failed: Error during WebSocket handshake: Unexpected response code: 403 @ http://localhost:5199/assets/stage-B4ZnF7Se.js:0
[ 7562118ms] [ERROR] WebSocket connection to 'ws://localhost:8031/' failed: Error during WebSocket handshake: Unexpected response code: 403 @ http://localhost:5199/assets/stage-B4ZnF7Se.js:0
[ 7566029ms] [ERROR] WebSocket connection to 'ws://localhost:8031/' failed: Error during WebSocket handshake: Unexpected response code: 403 @ http://localhost:5199/assets/stage-B4ZnF7Se.js:0
[ 7571728ms] [ERROR] WebSocket connection to 'ws://localhost:8031/' failed: Error during WebSocket handshake: Unexpected response code: 403 @ http://localhost:5199/assets/stage-B4ZnF7Se.js:0
[ 7575672ms] [ERROR] WebSocket connection to 'ws://localhost:8031/' failed: Error during WebSocket handshake: Unexpected response code: 403 @ http://localhost:5199/assets/stage-B4ZnF7Se.js:0
[ 7581502ms] [ERROR] WebSocket connection to 'ws://localhost:8031/' failed: Error during WebSocket handshake: Unexpected response code: 403 @ http://localhost:5199/assets/stage-B4ZnF7Se.js:0
[ 7587136ms] [ERROR] WebSocket connection to 'ws://localhost:8031/' failed: Error during WebSocket handshake: Unexpected response code: 403 @ http://localhost:5199/assets/stage-B4ZnF7Se.js:0
[ 7591612ms] [ERROR] WebSocket connection to 'ws://localhost:8031/' failed: Error during WebSocket handshake: Unexpected response code: 403 @ http://localhost:5199/assets/stage-B4ZnF7Se.js:0
[ 7596090ms] [ERROR] WebSocket connection to 'ws://localhost:8031/' failed: Error during WebSocket handshake: Unexpected response code: 403 @ http://localhost:5199/assets/stage-B4ZnF7Se.js:0
[ 7598906ms] [ERROR] WebSocket connection to 'ws://localhost:8031/' failed: Error during WebSocket handshake: Unexpected response code: 403 @ http://localhost:5199/assets/stage-B4ZnF7Se.js:0
[ 7602186ms] [ERROR] WebSocket connection to 'ws://localhost:8031/' failed: Error during WebSocket handshake: Unexpected response code: 403 @ http://localhost:5199/assets/stage-B4ZnF7Se.js:0
[ 7605890ms] [ERROR] WebSocket connection to 'ws://localhost:8031/' failed: Error during WebSocket handshake: Unexpected response code: 403 @ http://localhost:5199/assets/stage-B4ZnF7Se.js:0
[ 7611554ms] [ERROR] WebSocket connection to 'ws://localhost:8031/' failed: Error during WebSocket handshake: Unexpected response code: 403 @ http://localhost:5199/assets/stage-B4ZnF7Se.js:0
[ 7615519ms] [ERROR] WebSocket connection to 'ws://localhost:8031/' failed: Error during WebSocket handshake: Unexpected response code: 403 @ http://localhost:5199/assets/stage-B4ZnF7Se.js:0
[ 7618973ms] [ERROR] WebSocket connection to 'ws://localhost:8031/' failed: Error during WebSocket handshake: Unexpected response code: 403 @ http://localhost:5199/assets/stage-B4ZnF7Se.js:0
[ 7622399ms] [ERROR] WebSocket connection to 'ws://localhost:8031/' failed: Error during WebSocket handshake: Unexpected response code: 403 @ http://localhost:5199/assets/stage-B4ZnF7Se.js:0
[ 7627460ms] [ERROR] WebSocket connection to 'ws://localhost:8031/' failed: Error during WebSocket handshake: Unexpected response code: 403 @ http://localhost:5199/assets/stage-B4ZnF7Se.js:0
[ 7633260ms] [ERROR] WebSocket connection to 'ws://localhost:8031/' failed: Error during WebSocket handshake: Unexpected response code: 403 @ http://localhost:5199/assets/stage-B4ZnF7Se.js:0
[ 7636603ms] [ERROR] WebSocket connection to 'ws://localhost:8031/' failed: Error during WebSocket handshake: Unexpected response code: 403 @ http://localhost:5199/assets/stage-B4ZnF7Se.js:0
[ 7640904ms] [ERROR] WebSocket connection to 'ws://localhost:8031/' failed: Error during WebSocket handshake: Unexpected response code: 403 @ http://localhost:5199/assets/stage-B4ZnF7Se.js:0
[ 7643527ms] [ERROR] WebSocket connection to 'ws://localhost:8031/' failed: Error during WebSocket handshake: Unexpected response code: 403 @ http://localhost:5199/assets/stage-B4ZnF7Se.js:0
[ 7646616ms] [ERROR] WebSocket connection to 'ws://localhost:8031/' failed: Error during WebSocket handshake: Unexpected response code: 403 @ http://localhost:5199/assets/stage-B4ZnF7Se.js:0
[ 7651148ms] [ERROR] WebSocket connection to 'ws://localhost:8031/' failed: Error during WebSocket handshake: Unexpected response code: 403 @ http://localhost:5199/assets/stage-B4ZnF7Se.js:0
[ 7655426ms] [ERROR] WebSocket connection to 'ws://localhost:8031/' failed: Error during WebSocket handshake: Unexpected response code: 403 @ http://localhost:5199/assets/stage-B4ZnF7Se.js:0
[ 7661003ms] [ERROR] WebSocket connection to 'ws://localhost:8031/' failed: Error during WebSocket handshake: Unexpected response code: 403 @ http://localhost:5199/assets/stage-B4ZnF7Se.js:0
[ 7664357ms] [ERROR] WebSocket connection to 'ws://localhost:8031/' failed: Error during WebSocket handshake: Unexpected response code: 403 @ http://localhost:5199/assets/stage-B4ZnF7Se.js:0
[ 7667324ms] [ERROR] WebSocket connection to 'ws://localhost:8031/' failed: Error during WebSocket handshake: Unexpected response code: 403 @ http://localhost:5199/assets/stage-B4ZnF7Se.js:0
[ 7670883ms] [ERROR] WebSocket connection to 'ws://localhost:8031/' failed: Error during WebSocket handshake: Unexpected response code: 403 @ http://localhost:5199/assets/stage-B4ZnF7Se.js:0
[ 7677078ms] [ERROR] WebSocket connection to 'ws://localhost:8031/' failed: Error during WebSocket handshake: Unexpected response code: 403 @ http://localhost:5199/assets/stage-B4ZnF7Se.js:0
[ 7680395ms] [ERROR] WebSocket connection to 'ws://localhost:8031/' failed: Error during WebSocket handshake: Unexpected response code: 403 @ http://localhost:5199/assets/stage-B4ZnF7Se.js:0
[ 7683017ms] [ERROR] WebSocket connection to 'ws://localhost:8031/' failed: Error during WebSocket handshake: Unexpected response code: 403 @ http://localhost:5199/assets/stage-B4ZnF7Se.js:0
[ 7688419ms] [ERROR] WebSocket connection to 'ws://localhost:8031/' failed: Error during WebSocket handshake: Unexpected response code: 403 @ http://localhost:5199/assets/stage-B4ZnF7Se.js:0
[ 7693950ms] [ERROR] WebSocket connection to 'ws://localhost:8031/' failed: Error during WebSocket handshake: Unexpected response code: 403 @ http://localhost:5199/assets/stage-B4ZnF7Se.js:0
[ 7698936ms] [ERROR] WebSocket connection to 'ws://localhost:8031/' failed: Error during WebSocket handshake: Unexpected response code: 403 @ http://localhost:5199/assets/stage-B4ZnF7Se.js:0
[ 7703694ms] [ERROR] WebSocket connection to 'ws://localhost:8031/' failed: Error during WebSocket handshake: Unexpected response code: 403 @ http://localhost:5199/assets/stage-B4ZnF7Se.js:0
[ 7710007ms] [ERROR] WebSocket connection to 'ws://localhost:8031/' failed: Error during WebSocket handshake: Unexpected response code: 403 @ http://localhost:5199/assets/stage-B4ZnF7Se.js:0
[ 7713947ms] [ERROR] WebSocket connection to 'ws://localhost:8031/' failed: Error during WebSocket handshake: Unexpected response code: 403 @ http://localhost:5199/assets/stage-B4ZnF7Se.js:0
[ 7719502ms] [ERROR] WebSocket connection to 'ws://localhost:8031/' failed: Error during WebSocket handshake: Unexpected response code: 403 @ http://localhost:5199/assets/stage-B4ZnF7Se.js:0
[ 7724457ms] [ERROR] WebSocket connection to 'ws://localhost:8031/' failed: Error during WebSocket handshake: Unexpected response code: 403 @ http://localhost:5199/assets/stage-B4ZnF7Se.js:0
[ 7730618ms] [ERROR] WebSocket connection to 'ws://localhost:8031/' failed: Error during WebSocket handshake: Unexpected response code: 403 @ http://localhost:5199/assets/stage-B4ZnF7Se.js:0
[ 7734111ms] [ERROR] WebSocket connection to 'ws://localhost:8031/' failed: Error during WebSocket handshake: Unexpected response code: 403 @ http://localhost:5199/assets/stage-B4ZnF7Se.js:0
[ 7737177ms] [ERROR] WebSocket connection to 'ws://localhost:8031/' failed: Error during WebSocket handshake: Unexpected response code: 403 @ http://localhost:5199/assets/stage-B4ZnF7Se.js:0
[ 7740442ms] [ERROR] WebSocket connection to 'ws://localhost:8031/' failed: Error during WebSocket handshake: Unexpected response code: 403 @ http://localhost:5199/assets/stage-B4ZnF7Se.js:0
[ 7746614ms] [ERROR] WebSocket connection to 'ws://localhost:8031/' failed: Error during WebSocket handshake: Unexpected response code: 403 @ http://localhost:5199/assets/stage-B4ZnF7Se.js:0
[ 7751028ms] [ERROR] WebSocket connection to 'ws://localhost:8031/' failed: Error during WebSocket handshake: Unexpected response code: 403 @ http://localhost:5199/assets/stage-B4ZnF7Se.js:0
[ 7753627ms] [ERROR] WebSocket connection to 'ws://localhost:8031/' failed: Error during WebSocket handshake: Unexpected response code: 403 @ http://localhost:5199/assets/stage-B4ZnF7Se.js:0
[ 7760057ms] [ERROR] WebSocket connection to 'ws://localhost:8031/' failed: Error during WebSocket handshake: Unexpected response code: 403 @ http://localhost:5199/assets/stage-B4ZnF7Se.js:0
[ 7763612ms] [ERROR] WebSocket connection to 'ws://localhost:8031/' failed: Error during WebSocket handshake: Unexpected response code: 403 @ http://localhost:5199/assets/stage-B4ZnF7Se.js:0
[ 7769940ms] [ERROR] WebSocket connection to 'ws://localhost:8031/' failed: Error during WebSocket handshake: Unexpected response code: 403 @ http://localhost:5199/assets/stage-B4ZnF7Se.js:0
[ 7773259ms] [ERROR] WebSocket connection to 'ws://localhost:8031/' failed: Error during WebSocket handshake: Unexpected response code: 403 @ http://localhost:5199/assets/stage-B4ZnF7Se.js:0
[ 7778931ms] [ERROR] WebSocket connection to 'ws://localhost:8031/' failed: Error during WebSocket handshake: Unexpected response code: 403 @ http://localhost:5199/assets/stage-B4ZnF7Se.js:0
[ 7781831ms] [ERROR] WebSocket connection to 'ws://localhost:8031/' failed: Error during WebSocket handshake: Unexpected response code: 403 @ http://localhost:5199/assets/stage-B4ZnF7Se.js:0
[ 7787682ms] [ERROR] WebSocket connection to 'ws://localhost:8031/' failed: Error during WebSocket handshake: Unexpected response code: 403 @ http://localhost:5199/assets/stage-B4ZnF7Se.js:0
[ 7792039ms] [ERROR] WebSocket connection to 'ws://localhost:8031/' failed: Error during WebSocket handshake: Unexpected response code: 403 @ http://localhost:5199/assets/stage-B4ZnF7Se.js:0
[ 7797917ms] [ERROR] WebSocket connection to 'ws://localhost:8031/' failed: Error during WebSocket handshake: Unexpected response code: 403 @ http://localhost:5199/assets/stage-B4ZnF7Se.js:0
[ 7803432ms] [ERROR] WebSocket connection to 'ws://localhost:8031/' failed: Error during WebSocket handshake: Unexpected response code: 403 @ http://localhost:5199/assets/stage-B4ZnF7Se.js:0
[ 7809793ms] [ERROR] WebSocket connection to 'ws://localhost:8031/' failed: Error during WebSocket handshake: Unexpected response code: 403 @ http://localhost:5199/assets/stage-B4ZnF7Se.js:0
[ 7812463ms] [ERROR] WebSocket connection to 'ws://localhost:8031/' failed: Error during WebSocket handshake: Unexpected response code: 403 @ http://localhost:5199/assets/stage-B4ZnF7Se.js:0
[ 7815813ms] [ERROR] WebSocket connection to 'ws://localhost:8031/' failed: Error during WebSocket handshake: Unexpected response code: 403 @ http://localhost:5199/assets/stage-B4ZnF7Se.js:0
[ 7819653ms] [ERROR] WebSocket connection to 'ws://localhost:8031/' failed: Error during WebSocket handshake: Unexpected response code: 403 @ http://localhost:5199/assets/stage-B4ZnF7Se.js:0
[ 7825918ms] [ERROR] WebSocket connection to 'ws://localhost:8031/' failed: Error during WebSocket handshake: Unexpected response code: 403 @ http://localhost:5199/assets/stage-B4ZnF7Se.js:0
[ 7830740ms] [ERROR] WebSocket connection to 'ws://localhost:8031/' failed: Error during WebSocket handshake: Unexpected response code: 403 @ http://localhost:5199/assets/stage-B4ZnF7Se.js:0
[ 7837066ms] [ERROR] WebSocket connection to 'ws://localhost:8031/' failed: Error during WebSocket handshake: Unexpected response code: 403 @ http://localhost:5199/assets/stage-B4ZnF7Se.js:0
[ 7842850ms] [ERROR] WebSocket connection to 'ws://localhost:8031/' failed: Error during WebSocket handshake: Unexpected response code: 403 @ http://localhost:5199/assets/stage-B4ZnF7Se.js:0
[ 7846485ms] [ERROR] WebSocket connection to 'ws://localhost:8031/' failed: Error during WebSocket handshake: Unexpected response code: 403 @ http://localhost:5199/assets/stage-B4ZnF7Se.js:0
[ 7852949ms] [ERROR] WebSocket connection to 'ws://localhost:8031/' failed: Error during WebSocket handshake: Unexpected response code: 403 @ http://localhost:5199/assets/stage-B4ZnF7Se.js:0
[ 7856045ms] [ERROR] WebSocket connection to 'ws://localhost:8031/' failed: Error during WebSocket handshake: Unexpected response code: 403 @ http://localhost:5199/assets/stage-B4ZnF7Se.js:0
[ 7861255ms] [ERROR] WebSocket connection to 'ws://localhost:8031/' failed: Error during WebSocket handshake: Unexpected response code: 403 @ http://localhost:5199/assets/stage-B4ZnF7Se.js:0
[ 7867281ms] [ERROR] WebSocket connection to 'ws://localhost:8031/' failed: Error during WebSocket handshake: Unexpected response code: 403 @ http://localhost:5199/assets/stage-B4ZnF7Se.js:0
[ 7873021ms] [ERROR] WebSocket connection to 'ws://localhost:8031/' failed: Error during WebSocket handshake: Unexpected response code: 403 @ http://localhost:5199/assets/stage-B4ZnF7Se.js:0
[ 7876594ms] [ERROR] WebSocket connection to 'ws://localhost:8031/' failed: Error during WebSocket handshake: Unexpected response code: 403 @ http://localhost:5199/assets/stage-B4ZnF7Se.js:0
[ 7880331ms] [ERROR] WebSocket connection to 'ws://localhost:8031/' failed: Error during WebSocket handshake: Unexpected response code: 403 @ http://localhost:5199/assets/stage-B4ZnF7Se.js:0
[ 7886089ms] [ERROR] WebSocket connection to 'ws://localhost:8031/' failed: Error during WebSocket handshake: Unexpected response code: 403 @ http://localhost:5199/assets/stage-B4ZnF7Se.js:0
[ 7890977ms] [ERROR] WebSocket connection to 'ws://localhost:8031/' failed: Error during WebSocket handshake: Unexpected response code: 403 @ http://localhost:5199/assets/stage-B4ZnF7Se.js:0
[ 7895060ms] [ERROR] WebSocket connection to 'ws://localhost:8031/' failed: Error during WebSocket handshake: Unexpected response code: 403 @ http://localhost:5199/assets/stage-B4ZnF7Se.js:0
[ 7900673ms] [ERROR] WebSocket connection to 'ws://localhost:8031/' failed: Error during WebSocket handshake: Unexpected response code: 403 @ http://localhost:5199/assets/stage-B4ZnF7Se.js:0
[ 7905113ms] [ERROR] WebSocket connection to 'ws://localhost:8031/' failed: Error during WebSocket handshake: Unexpected response code: 403 @ http://localhost:5199/assets/stage-B4ZnF7Se.js:0
[ 7909316ms] [ERROR] WebSocket connection to 'ws://localhost:8031/' failed: Error during WebSocket handshake: Unexpected response code: 403 @ http://localhost:5199/assets/stage-B4ZnF7Se.js:0
[ 7915489ms] [ERROR] WebSocket connection to 'ws://localhost:8031/' failed: Error during WebSocket handshake: Unexpected response code: 403 @ http://localhost:5199/assets/stage-B4ZnF7Se.js:0
[ 7920979ms] [ERROR] WebSocket connection to 'ws://localhost:8031/' failed: Error during WebSocket handshake: Unexpected response code: 403 @ http://localhost:5199/assets/stage-B4ZnF7Se.js:0
[ 7925693ms] [ERROR] WebSocket connection to 'ws://localhost:8031/' failed: Error during WebSocket handshake: Unexpected response code: 403 @ http://localhost:5199/assets/stage-B4ZnF7Se.js:0
[ 7931472ms] [ERROR] WebSocket connection to 'ws://localhost:8031/' failed: Error during WebSocket handshake: Unexpected response code: 403 @ http://localhost:5199/assets/stage-B4ZnF7Se.js:0
[ 7935066ms] [ERROR] WebSocket connection to 'ws://localhost:8031/' failed: Error during WebSocket handshake: Unexpected response code: 403 @ http://localhost:5199/assets/stage-B4ZnF7Se.js:0
[ 7939182ms] [ERROR] WebSocket connection to 'ws://localhost:8031/' failed: Error during WebSocket handshake: Unexpected response code: 403 @ http://localhost:5199/assets/stage-B4ZnF7Se.js:0
[ 7945095ms] [ERROR] WebSocket connection to 'ws://localhost:8031/' failed: Error during WebSocket handshake: Unexpected response code: 403 @ http://localhost:5199/assets/stage-B4ZnF7Se.js:0
[ 7949435ms] [ERROR] WebSocket connection to 'ws://localhost:8031/' failed: Error during WebSocket handshake: Unexpected response code: 403 @ http://localhost:5199/assets/stage-B4ZnF7Se.js:0
[ 7955112ms] [ERROR] WebSocket connection to 'ws://localhost:8031/' failed: Error during WebSocket handshake: Unexpected response code: 403 @ http://localhost:5199/assets/stage-B4ZnF7Se.js:0
[ 7961475ms] [ERROR] WebSocket connection to 'ws://localhost:8031/' failed: Error during WebSocket handshake: Unexpected response code: 403 @ http://localhost:5199/assets/stage-B4ZnF7Se.js:0
[ 7966553ms] [ERROR] WebSocket connection to 'ws://localhost:8031/' failed: Error during WebSocket handshake: Unexpected response code: 403 @ http://localhost:5199/assets/stage-B4ZnF7Se.js:0
[ 7972620ms] [ERROR] WebSocket connection to 'ws://localhost:8031/' failed: Error during WebSocket handshake: Unexpected response code: 403 @ http://localhost:5199/assets/stage-B4ZnF7Se.js:0
[ 7975789ms] [ERROR] WebSocket connection to 'ws://localhost:8031/' failed: Error during WebSocket handshake: Unexpected response code: 403 @ http://localhost:5199/assets/stage-B4ZnF7Se.js:0
[ 7982102ms] [ERROR] WebSocket connection to 'ws://localhost:8031/' failed: Error during WebSocket handshake: Unexpected response code: 403 @ http://localhost:5199/assets/stage-B4ZnF7Se.js:0
[ 7984810ms] [ERROR] WebSocket connection to 'ws://localhost:8031/' failed: Error during WebSocket handshake: Unexpected response code: 403 @ http://localhost:5199/assets/stage-B4ZnF7Se.js:0
[ 7989236ms] [ERROR] WebSocket connection to 'ws://localhost:8031/' failed: Error during WebSocket handshake: Unexpected response code: 403 @ http://localhost:5199/assets/stage-B4ZnF7Se.js:0
[ 7991822ms] [ERROR] WebSocket connection to 'ws://localhost:8031/' failed: Error during WebSocket handshake: Unexpected response code: 403 @ http://localhost:5199/assets/stage-B4ZnF7Se.js:0
[ 7996408ms] [ERROR] WebSocket connection to 'ws://localhost:8031/' failed: Error during WebSocket handshake: Unexpected response code: 403 @ http://localhost:5199/assets/stage-B4ZnF7Se.js:0
[ 8002699ms] [ERROR] WebSocket connection to 'ws://localhost:8031/' failed: Error during WebSocket handshake: Unexpected response code: 403 @ http://localhost:5199/assets/stage-B4ZnF7Se.js:0
[ 8008753ms] [ERROR] WebSocket connection to 'ws://localhost:8031/' failed: Error during WebSocket handshake: Unexpected response code: 403 @ http://localhost:5199/assets/stage-B4ZnF7Se.js:0
[ 8012979ms] [ERROR] WebSocket connection to 'ws://localhost:8031/' failed: Error during WebSocket handshake: Unexpected response code: 403 @ http://localhost:5199/assets/stage-B4ZnF7Se.js:0
[ 8015975ms] [ERROR] WebSocket connection to 'ws://localhost:8031/' failed: Error during WebSocket handshake: Unexpected response code: 403 @ http://localhost:5199/assets/stage-B4ZnF7Se.js:0
[ 8018946ms] [ERROR] WebSocket connection to 'ws://localhost:8031/' failed: Error during WebSocket handshake: Unexpected response code: 403 @ http://localhost:5199/assets/stage-B4ZnF7Se.js:0
[ 8022634ms] [ERROR] WebSocket connection to 'ws://localhost:8031/' failed: Error during WebSocket handshake: Unexpected response code: 403 @ http://localhost:5199/assets/stage-B4ZnF7Se.js:0
[ 8026902ms] [ERROR] WebSocket connection to 'ws://localhost:8031/' failed: Error during WebSocket handshake: Unexpected response code: 403 @ http://localhost:5199/assets/stage-B4ZnF7Se.js:0
[ 8032155ms] [ERROR] WebSocket connection to 'ws://localhost:8031/' failed: Error during WebSocket handshake: Unexpected response code: 403 @ http://localhost:5199/assets/stage-B4ZnF7Se.js:0
[ 8034998ms] [ERROR] WebSocket connection to 'ws://localhost:8031/' failed: Error during WebSocket handshake: Unexpected response code: 403 @ http://localhost:5199/assets/stage-B4ZnF7Se.js:0
[ 8038825ms] [ERROR] WebSocket connection to 'ws://localhost:8031/' failed: Error during WebSocket handshake: Unexpected response code: 403 @ http://localhost:5199/assets/stage-B4ZnF7Se.js:0
[ 8042840ms] [ERROR] WebSocket connection to 'ws://localhost:8031/' failed: Error during WebSocket handshake: Unexpected response code: 403 @ http://localhost:5199/assets/stage-B4ZnF7Se.js:0
[ 8049007ms] [ERROR] WebSocket connection to 'ws://localhost:8031/' failed: Error during WebSocket handshake: Unexpected response code: 403 @ http://localhost:5199/assets/stage-B4ZnF7Se.js:0
[ 8054652ms] [ERROR] WebSocket connection to 'ws://localhost:8031/' failed: Error during WebSocket handshake: Unexpected response code: 403 @ http://localhost:5199/assets/stage-B4ZnF7Se.js:0
[ 8058471ms] [ERROR] WebSocket connection to 'ws://localhost:8031/' failed: Error during WebSocket handshake: Unexpected response code: 403 @ http://localhost:5199/assets/stage-B4ZnF7Se.js:0
[ 8064858ms] [ERROR] WebSocket connection to 'ws://localhost:8031/' failed: Error during WebSocket handshake: Unexpected response code: 403 @ http://localhost:5199/assets/stage-B4ZnF7Se.js:0
[ 8069188ms] [ERROR] WebSocket connection to 'ws://localhost:8031/' failed: Error during WebSocket handshake: Unexpected response code: 403 @ http://localhost:5199/assets/stage-B4ZnF7Se.js:0
[ 8071725ms] [ERROR] WebSocket connection to 'ws://localhost:8031/' failed: Error during WebSocket handshake: Unexpected response code: 403 @ http://localhost:5199/assets/stage-B4ZnF7Se.js:0
[ 8074761ms] [ERROR] WebSocket connection to 'ws://localhost:8031/' failed: Error during WebSocket handshake: Unexpected response code: 403 @ http://localhost:5199/assets/stage-B4ZnF7Se.js:0
[ 8077988ms] [ERROR] WebSocket connection to 'ws://localhost:8031/' failed: Error during WebSocket handshake: Unexpected response code: 403 @ http://localhost:5199/assets/stage-B4ZnF7Se.js:0
[ 8081213ms] [ERROR] WebSocket connection to 'ws://localhost:8031/' failed: Error during WebSocket handshake: Unexpected response code: 403 @ http://localhost:5199/assets/stage-B4ZnF7Se.js:0
[ 8084329ms] [ERROR] WebSocket connection to 'ws://localhost:8031/' failed: Error during WebSocket handshake: Unexpected response code: 403 @ http://localhost:5199/assets/stage-B4ZnF7Se.js:0
[ 8087561ms] [ERROR] WebSocket connection to 'ws://localhost:8031/' failed: Error during WebSocket handshake: Unexpected response code: 403 @ http://localhost:5199/assets/stage-B4ZnF7Se.js:0
[ 8091712ms] [ERROR] WebSocket connection to 'ws://localhost:8031/' failed: Error during WebSocket handshake: Unexpected response code: 403 @ http://localhost:5199/assets/stage-B4ZnF7Se.js:0
[ 8096282ms] [ERROR] WebSocket connection to 'ws://localhost:8031/' failed: Error during WebSocket handshake: Unexpected response code: 403 @ http://localhost:5199/assets/stage-B4ZnF7Se.js:0
[ 8098921ms] [ERROR] WebSocket connection to 'ws://localhost:8031/' failed: Error during WebSocket handshake: Unexpected response code: 403 @ http://localhost:5199/assets/stage-B4ZnF7Se.js:0
[ 8101475ms] [ERROR] WebSocket connection to 'ws://localhost:8031/' failed: Error during WebSocket handshake: Unexpected response code: 403 @ http://localhost:5199/assets/stage-B4ZnF7Se.js:0
[ 8105060ms] [ERROR] WebSocket connection to 'ws://localhost:8031/' failed: Error during WebSocket handshake: Unexpected response code: 403 @ http://localhost:5199/assets/stage-B4ZnF7Se.js:0
[ 8110770ms] [ERROR] WebSocket connection to 'ws://localhost:8031/' failed: Error during WebSocket handshake: Unexpected response code: 403 @ http://localhost:5199/assets/stage-B4ZnF7Se.js:0
[ 8116279ms] [ERROR] WebSocket connection to 'ws://localhost:8031/' failed: Error during WebSocket handshake: Unexpected response code: 403 @ http://localhost:5199/assets/stage-B4ZnF7Se.js:0
[ 8118949ms] [ERROR] WebSocket connection to 'ws://localhost:8031/' failed: Error during WebSocket handshake: Unexpected response code: 403 @ http://localhost:5199/assets/stage-B4ZnF7Se.js:0
[ 8124876ms] [ERROR] WebSocket connection to 'ws://localhost:8031/' failed: Error during WebSocket handshake: Unexpected response code: 403 @ http://localhost:5199/assets/stage-B4ZnF7Se.js:0
[ 8127992ms] [ERROR] WebSocket connection to 'ws://localhost:8031/' failed: Error during WebSocket handshake: Unexpected response code: 403 @ http://localhost:5199/assets/stage-B4ZnF7Se.js:0
[ 8134327ms] [ERROR] WebSocket connection to 'ws://localhost:8031/' failed: Error during WebSocket handshake: Unexpected response code: 403 @ http://localhost:5199/assets/stage-B4ZnF7Se.js:0
[ 8140019ms] [ERROR] WebSocket connection to 'ws://localhost:8031/' failed: Error during WebSocket handshake: Unexpected response code: 403 @ http://localhost:5199/assets/stage-B4ZnF7Se.js:0
[ 8145829ms] [ERROR] WebSocket connection to 'ws://localhost:8031/' failed: Error during WebSocket handshake: Unexpected response code: 403 @ http://localhost:5199/assets/stage-B4ZnF7Se.js:0
[ 8149636ms] [ERROR] WebSocket connection to 'ws://localhost:8031/' failed: Error during WebSocket handshake: Unexpected response code: 403 @ http://localhost:5199/assets/stage-B4ZnF7Se.js:0
[ 8155512ms] [ERROR] WebSocket connection to 'ws://localhost:8031/' failed: Error during WebSocket handshake: Unexpected response code: 403 @ http://localhost:5199/assets/stage-B4ZnF7Se.js:0
[ 8158530ms] [ERROR] WebSocket connection to 'ws://localhost:8031/' failed: Error during WebSocket handshake: Unexpected response code: 403 @ http://localhost:5199/assets/stage-B4ZnF7Se.js:0
[ 8162193ms] [ERROR] WebSocket connection to 'ws://localhost:8031/' failed: Error during WebSocket handshake: Unexpected response code: 403 @ http://localhost:5199/assets/stage-B4ZnF7Se.js:0
[ 8164849ms] [ERROR] WebSocket connection to 'ws://localhost:8031/' failed: Error during WebSocket handshake: Unexpected response code: 403 @ http://localhost:5199/assets/stage-B4ZnF7Se.js:0
[ 8171320ms] [ERROR] WebSocket connection to 'ws://localhost:8031/' failed: Error during WebSocket handshake: Unexpected response code: 403 @ http://localhost:5199/assets/stage-B4ZnF7Se.js:0
[ 8175036ms] [ERROR] WebSocket connection to 'ws://localhost:8031/' failed: Error during WebSocket handshake: Unexpected response code: 403 @ http://localhost:5199/assets/stage-B4ZnF7Se.js:0
[ 8178873ms] [ERROR] WebSocket connection to 'ws://localhost:8031/' failed: Error during WebSocket handshake: Unexpected response code: 403 @ http://localhost:5199/assets/stage-B4ZnF7Se.js:0
[ 8185266ms] [ERROR] WebSocket connection to 'ws://localhost:8031/' failed: Error during WebSocket handshake: Unexpected response code: 403 @ http://localhost:5199/assets/stage-B4ZnF7Se.js:0
[ 8189972ms] [ERROR] WebSocket connection to 'ws://localhost:8031/' failed: Error during WebSocket handshake: Unexpected response code: 403 @ http://localhost:5199/assets/stage-B4ZnF7Se.js:0
[ 8193299ms] [ERROR] WebSocket connection to 'ws://localhost:8031/' failed: Error during WebSocket handshake: Unexpected response code: 403 @ http://localhost:5199/assets/stage-B4ZnF7Se.js:0
[ 8198605ms] [ERROR] WebSocket connection to 'ws://localhost:8031/' failed: Error during WebSocket handshake: Unexpected response code: 403 @ http://localhost:5199/assets/stage-B4ZnF7Se.js:0
[ 8203031ms] [ERROR] WebSocket connection to 'ws://localhost:8031/' failed: Error during WebSocket handshake: Unexpected response code: 403 @ http://localhost:5199/assets/stage-B4ZnF7Se.js:0
[ 8208518ms] [ERROR] WebSocket connection to 'ws://localhost:8031/' failed: Error during WebSocket handshake: Unexpected response code: 403 @ http://localhost:5199/assets/stage-B4ZnF7Se.js:0
[ 8211325ms] [ERROR] WebSocket connection to 'ws://localhost:8031/' failed: Error during WebSocket handshake: Unexpected response code: 403 @ http://localhost:5199/assets/stage-B4ZnF7Se.js:0
[ 8215792ms] [ERROR] WebSocket connection to 'ws://localhost:8031/' failed: Error during WebSocket handshake: Unexpected response code: 403 @ http://localhost:5199/assets/stage-B4ZnF7Se.js:0
[ 8219136ms] [ERROR] WebSocket connection to 'ws://localhost:8031/' failed: Error during WebSocket handshake: Unexpected response code: 403 @ http://localhost:5199/assets/stage-B4ZnF7Se.js:0
[ 8223659ms] [ERROR] WebSocket connection to 'ws://localhost:8031/' failed: Error during WebSocket handshake: Unexpected response code: 403 @ http://localhost:5199/assets/stage-B4ZnF7Se.js:0
[ 8229737ms] [ERROR] WebSocket connection to 'ws://localhost:8031/' failed: Error during WebSocket handshake: Unexpected response code: 403 @ http://localhost:5199/assets/stage-B4ZnF7Se.js:0
[ 8233251ms] [ERROR] WebSocket connection to 'ws://localhost:8031/' failed: Error during WebSocket handshake: Unexpected response code: 403 @ http://localhost:5199/assets/stage-B4ZnF7Se.js:0
[ 8236955ms] [ERROR] WebSocket connection to 'ws://localhost:8031/' failed: Error during WebSocket handshake: Unexpected response code: 403 @ http://localhost:5199/assets/stage-B4ZnF7Se.js:0
[ 8242595ms] [ERROR] WebSocket connection to 'ws://localhost:8031/' failed: Error during WebSocket handshake: Unexpected response code: 403 @ http://localhost:5199/assets/stage-B4ZnF7Se.js:0
[ 8247025ms] [ERROR] WebSocket connection to 'ws://localhost:8031/' failed: Error during WebSocket handshake: Unexpected response code: 403 @ http://localhost:5199/assets/stage-B4ZnF7Se.js:0
[ 8253149ms] [ERROR] WebSocket connection to 'ws://localhost:8031/' failed: Error during WebSocket handshake: Unexpected response code: 403 @ http://localhost:5199/assets/stage-B4ZnF7Se.js:0
[ 8256410ms] [ERROR] WebSocket connection to 'ws://localhost:8031/' failed: Error during WebSocket handshake: Unexpected response code: 403 @ http://localhost:5199/assets/stage-B4ZnF7Se.js:0
[ 8260637ms] [ERROR] WebSocket connection to 'ws://localhost:8031/' failed: Error during WebSocket handshake: Unexpected response code: 403 @ http://localhost:5199/assets/stage-B4ZnF7Se.js:0
[ 8263272ms] [ERROR] WebSocket connection to 'ws://localhost:8031/' failed: Error during WebSocket handshake: Unexpected response code: 403 @ http://localhost:5199/assets/stage-B4ZnF7Se.js:0
[ 8266354ms] [ERROR] WebSocket connection to 'ws://localhost:8031/' failed: Error during WebSocket handshake: Unexpected response code: 403 @ http://localhost:5199/assets/stage-B4ZnF7Se.js:0
[ 8269756ms] [ERROR] WebSocket connection to 'ws://localhost:8031/' failed: Error during WebSocket handshake: Unexpected response code: 403 @ http://localhost:5199/assets/stage-B4ZnF7Se.js:0
[ 8275708ms] [ERROR] WebSocket connection to 'ws://localhost:8031/' failed: Error during WebSocket handshake: Unexpected response code: 403 @ http://localhost:5199/assets/stage-B4ZnF7Se.js:0
[ 8279314ms] [ERROR] WebSocket connection to 'ws://localhost:8031/' failed: Error during WebSocket handshake: Unexpected response code: 403 @ http://localhost:5199/assets/stage-B4ZnF7Se.js:0
[ 8283334ms] [ERROR] WebSocket connection to 'ws://localhost:8031/' failed: Error during WebSocket handshake: Unexpected response code: 403 @ http://localhost:5199/assets/stage-B4ZnF7Se.js:0
[ 8288812ms] [ERROR] WebSocket connection to 'ws://localhost:8031/' failed: Error during WebSocket handshake: Unexpected response code: 403 @ http://localhost:5199/assets/stage-B4ZnF7Se.js:0
[ 8293137ms] [ERROR] WebSocket connection to 'ws://localhost:8031/' failed: Error during WebSocket handshake: Unexpected response code: 403 @ http://localhost:5199/assets/stage-B4ZnF7Se.js:0
[ 8296159ms] [ERROR] WebSocket connection to 'ws://localhost:8031/' failed: Error during WebSocket handshake: Unexpected response code: 403 @ http://localhost:5199/assets/stage-B4ZnF7Se.js:0
[ 8301494ms] [ERROR] WebSocket connection to 'ws://localhost:8031/' failed: Error during WebSocket handshake: Unexpected response code: 403 @ http://localhost:5199/assets/stage-B4ZnF7Se.js:0
[ 8304067ms] [ERROR] WebSocket connection to 'ws://localhost:8031/' failed: Error during WebSocket handshake: Unexpected response code: 403 @ http://localhost:5199/assets/stage-B4ZnF7Se.js:0
[ 8308500ms] [ERROR] WebSocket connection to 'ws://localhost:8031/' failed: Error during WebSocket handshake: Unexpected response code: 403 @ http://localhost:5199/assets/stage-B4ZnF7Se.js:0
[ 8313776ms] [ERROR] WebSocket connection to 'ws://localhost:8031/' failed: Error during WebSocket handshake: Unexpected response code: 403 @ http://localhost:5199/assets/stage-B4ZnF7Se.js:0
[ 8318738ms] [ERROR] WebSocket connection to 'ws://localhost:8031/' failed: Error during WebSocket handshake: Unexpected response code: 403 @ http://localhost:5199/assets/stage-B4ZnF7Se.js:0
[ 8323997ms] [ERROR] WebSocket connection to 'ws://localhost:8031/' failed: Error during WebSocket handshake: Unexpected response code: 403 @ http://localhost:5199/assets/stage-B4ZnF7Se.js:0
[ 8329066ms] [ERROR] WebSocket connection to 'ws://localhost:8031/' failed: Error during WebSocket handshake: Unexpected response code: 403 @ http://localhost:5199/assets/stage-B4ZnF7Se.js:0
[ 8334283ms] [ERROR] WebSocket connection to 'ws://localhost:8031/' failed: Error during WebSocket handshake: Unexpected response code: 403 @ http://localhost:5199/assets/stage-B4ZnF7Se.js:0
[ 8340046ms] [ERROR] WebSocket connection to 'ws://localhost:8031/' failed: Error during WebSocket handshake: Unexpected response code: 403 @ http://localhost:5199/assets/stage-B4ZnF7Se.js:0
[ 8345881ms] [ERROR] WebSocket connection to 'ws://localhost:8031/' failed: Error during WebSocket handshake: Unexpected response code: 403 @ http://localhost:5199/assets/stage-B4ZnF7Se.js:0
[ 8350606ms] [ERROR] WebSocket connection to 'ws://localhost:8031/' failed: Error during WebSocket handshake: Unexpected response code: 403 @ http://localhost:5199/assets/stage-B4ZnF7Se.js:0
[ 8353342ms] [ERROR] WebSocket connection to 'ws://localhost:8031/' failed: Error during WebSocket handshake: Unexpected response code: 403 @ http://localhost:5199/assets/stage-B4ZnF7Se.js:0
[ 8356747ms] [ERROR] WebSocket connection to 'ws://localhost:8031/' failed: Error during WebSocket handshake: Unexpected response code: 403 @ http://localhost:5199/assets/stage-B4ZnF7Se.js:0
[ 8362632ms] [ERROR] WebSocket connection to 'ws://localhost:8031/' failed: Error during WebSocket handshake: Unexpected response code: 403 @ http://localhost:5199/assets/stage-B4ZnF7Se.js:0
[ 8368071ms] [ERROR] WebSocket connection to 'ws://localhost:8031/' failed: Error during WebSocket handshake: Unexpected response code: 403 @ http://localhost:5199/assets/stage-B4ZnF7Se.js:0
[ 8373426ms] [ERROR] WebSocket connection to 'ws://localhost:8031/' failed: Error during WebSocket handshake: Unexpected response code: 403 @ http://localhost:5199/assets/stage-B4ZnF7Se.js:0
[ 8375946ms] [ERROR] WebSocket connection to 'ws://localhost:8031/' failed: Error during WebSocket handshake: Unexpected response code: 403 @ http://localhost:5199/assets/stage-B4ZnF7Se.js:0
[ 8378666ms] [ERROR] WebSocket connection to 'ws://localhost:8031/' failed: Error during WebSocket handshake: Unexpected response code: 403 @ http://localhost:5199/assets/stage-B4ZnF7Se.js:0
[ 8382414ms] [ERROR] WebSocket connection to 'ws://localhost:8031/' failed: Error during WebSocket handshake: Unexpected response code: 403 @ http://localhost:5199/assets/stage-B4ZnF7Se.js:0
[ 8387001ms] [ERROR] WebSocket connection to 'ws://localhost:8031/' failed: Error during WebSocket handshake: Unexpected response code: 403 @ http://localhost:5199/assets/stage-B4ZnF7Se.js:0
[ 8391288ms] [ERROR] WebSocket connection to 'ws://localhost:8031/' failed: Error during WebSocket handshake: Unexpected response code: 403 @ http://localhost:5199/assets/stage-B4ZnF7Se.js:0
[ 8397257ms] [ERROR] WebSocket connection to 'ws://localhost:8031/' failed: Error during WebSocket handshake: Unexpected response code: 403 @ http://localhost:5199/assets/stage-B4ZnF7Se.js:0
[ 8400801ms] [ERROR] WebSocket connection to 'ws://localhost:8031/' failed: Error during WebSocket handshake: Unexpected response code: 403 @ http://localhost:5199/assets/stage-B4ZnF7Se.js:0
[ 8405514ms] [ERROR] WebSocket connection to 'ws://localhost:8031/' failed: Error during WebSocket handshake: Unexpected response code: 403 @ http://localhost:5199/assets/stage-B4ZnF7Se.js:0
[ 8409619ms] [ERROR] WebSocket connection to 'ws://localhost:8031/' failed: Error during WebSocket handshake: Unexpected response code: 403 @ http://localhost:5199/assets/stage-B4ZnF7Se.js:0
[ 8415468ms] [ERROR] WebSocket connection to 'ws://localhost:8031/' failed: Error during WebSocket handshake: Unexpected response code: 403 @ http://localhost:5199/assets/stage-B4ZnF7Se.js:0
[ 8419515ms] [ERROR] WebSocket connection to 'ws://localhost:8031/' failed: Error during WebSocket handshake: Unexpected response code: 403 @ http://localhost:5199/assets/stage-B4ZnF7Se.js:0
[ 8422380ms] [ERROR] WebSocket connection to 'ws://localhost:8031/' failed: Error during WebSocket handshake: Unexpected response code: 403 @ http://localhost:5199/assets/stage-B4ZnF7Se.js:0
[ 8428888ms] [ERROR] WebSocket connection to 'ws://localhost:8031/' failed: Error during WebSocket handshake: Unexpected response code: 403 @ http://localhost:5199/assets/stage-B4ZnF7Se.js:0
[ 8432747ms] [ERROR] WebSocket connection to 'ws://localhost:8031/' failed: Error during WebSocket handshake: Unexpected response code: 403 @ http://localhost:5199/assets/stage-B4ZnF7Se.js:0
[ 8436443ms] [ERROR] WebSocket connection to 'ws://localhost:8031/' failed: Error during WebSocket handshake: Unexpected response code: 403 @ http://localhost:5199/assets/stage-B4ZnF7Se.js:0
[ 8439960ms] [ERROR] WebSocket connection to 'ws://localhost:8031/' failed: Error during WebSocket handshake: Unexpected response code: 403 @ http://localhost:5199/assets/stage-B4ZnF7Se.js:0
[ 8446382ms] [ERROR] WebSocket connection to 'ws://localhost:8031/' failed: Error during WebSocket handshake: Unexpected response code: 403 @ http://localhost:5199/assets/stage-B4ZnF7Se.js:0
[ 8450709ms] [ERROR] WebSocket connection to 'ws://localhost:8031/' failed: Error during WebSocket handshake: Unexpected response code: 403 @ http://localhost:5199/assets/stage-B4ZnF7Se.js:0
[ 8454501ms] [ERROR] WebSocket connection to 'ws://localhost:8031/' failed: Error during WebSocket handshake: Unexpected response code: 403 @ http://localhost:5199/assets/stage-B4ZnF7Se.js:0
[ 8457747ms] [ERROR] WebSocket connection to 'ws://localhost:8031/' failed: Error during WebSocket handshake: Unexpected response code: 403 @ http://localhost:5199/assets/stage-B4ZnF7Se.js:0
[ 8463530ms] [ERROR] WebSocket connection to 'ws://localhost:8031/' failed: Error during WebSocket handshake: Unexpected response code: 403 @ http://localhost:5199/assets/stage-B4ZnF7Se.js:0
[ 8469158ms] [ERROR] WebSocket connection to 'ws://localhost:8031/' failed: Error during WebSocket handshake: Unexpected response code: 403 @ http://localhost:5199/assets/stage-B4ZnF7Se.js:0
[ 8473246ms] [ERROR] WebSocket connection to 'ws://localhost:8031/' failed: Error during WebSocket handshake: Unexpected response code: 403 @ http://localhost:5199/assets/stage-B4ZnF7Se.js:0
[ 8478049ms] [ERROR] WebSocket connection to 'ws://localhost:8031/' failed: Error during WebSocket handshake: Unexpected response code: 403 @ http://localhost:5199/assets/stage-B4ZnF7Se.js:0
[ 8479552ms] [ERROR] WebSocket connection to 'ws://localhost:8031/' failed: Error during WebSocket handshake: Unexpected response code: 403 @ http://localhost:5199/assets/stage-B4ZnF7Se.js:0
[ 8481057ms] [ERROR] WebSocket connection to 'ws://localhost:8031/' failed: Error during WebSocket handshake: Unexpected response code: 403 @ http://localhost:5199/assets/stage-B4ZnF7Se.js:0
[ 8482559ms] [ERROR] WebSocket connection to 'ws://localhost:8031/' failed: Error during WebSocket handshake: Unexpected response code: 403 @ http://localhost:5199/assets/stage-B4ZnF7Se.js:0
[ 8484066ms] [ERROR] WebSocket connection to 'ws://localhost:8031/' failed: Error during WebSocket handshake: Unexpected response code: 403 @ http://localhost:5199/assets/stage-B4ZnF7Se.js:0
[ 8485573ms] [ERROR] WebSocket connection to 'ws://localhost:8031/' failed: Error during WebSocket handshake: Unexpected response code: 403 @ http://localhost:5199/assets/stage-B4ZnF7Se.js:0
[ 8487083ms] [ERROR] WebSocket connection to 'ws://localhost:8031/' failed: Error during WebSocket handshake: Unexpected response code: 403 @ http://localhost:5199/assets/stage-B4ZnF7Se.js:0
[ 8488597ms] [ERROR] WebSocket connection to 'ws://localhost:8031/' failed: Error during WebSocket handshake: Unexpected response code: 403 @ http://localhost:5199/assets/stage-B4ZnF7Se.js:0
[ 8490110ms] [ERROR] WebSocket connection to 'ws://localhost:8031/' failed: Error during WebSocket handshake: Unexpected response code: 403 @ http://localhost:5199/assets/stage-B4ZnF7Se.js:0
[ 8491635ms] [ERROR] WebSocket connection to 'ws://localhost:8031/' failed: Error during WebSocket handshake: Unexpected response code: 403 @ http://localhost:5199/assets/stage-B4ZnF7Se.js:0
[ 8493223ms] [ERROR] WebSocket connection to 'ws://localhost:8031/' failed: Error during WebSocket handshake: Unexpected response code: 403 @ http://localhost:5199/assets/stage-B4ZnF7Se.js:0
[ 8494849ms] [ERROR] WebSocket connection to 'ws://localhost:8031/' failed: Error during WebSocket handshake: Unexpected response code: 403 @ http://localhost:5199/assets/stage-B4ZnF7Se.js:0
[ 8496578ms] [ERROR] WebSocket connection to 'ws://localhost:8031/' failed: Error during WebSocket handshake: Unexpected response code: 403 @ http://localhost:5199/assets/stage-B4ZnF7Se.js:0
[ 8498477ms] [ERROR] WebSocket connection to 'ws://localhost:8031/' failed: Error during WebSocket handshake: Unexpected response code: 403 @ http://localhost:5199/assets/stage-B4ZnF7Se.js:0
[ 8500506ms] [ERROR] WebSocket connection to 'ws://localhost:8031/' failed: Error during WebSocket handshake: Unexpected response code: 403 @ http://localhost:5199/assets/stage-B4ZnF7Se.js:0
[ 8504074ms] [ERROR] WebSocket connection to 'ws://localhost:8031/' failed: Error during WebSocket handshake: Unexpected response code: 403 @ http://localhost:5199/assets/stage-B4ZnF7Se.js:0
[ 8510315ms] [ERROR] WebSocket connection to 'ws://localhost:8031/' failed: Error during WebSocket handshake: Unexpected response code: 403 @ http://localhost:5199/assets/stage-B4ZnF7Se.js:0
[ 8516097ms] [ERROR] WebSocket connection to 'ws://localhost:8031/' failed: Error during WebSocket handshake: Unexpected response code: 403 @ http://localhost:5199/assets/stage-B4ZnF7Se.js:0
[ 8518797ms] [ERROR] WebSocket connection to 'ws://localhost:8031/' failed: Error during WebSocket handshake: Unexpected response code: 403 @ http://localhost:5199/assets/stage-B4ZnF7Se.js:0
[ 8522786ms] [ERROR] WebSocket connection to 'ws://localhost:8031/' failed: Error during WebSocket handshake: Unexpected response code: 403 @ http://localhost:5199/assets/stage-B4ZnF7Se.js:0
[ 8527714ms] [ERROR] WebSocket connection to 'ws://localhost:8031/' failed: Error during WebSocket handshake: Unexpected response code: 403 @ http://localhost:5199/assets/stage-B4ZnF7Se.js:0
[ 8534101ms] [ERROR] WebSocket connection to 'ws://localhost:8031/' failed: Error during WebSocket handshake: Unexpected response code: 403 @ http://localhost:5199/assets/stage-B4ZnF7Se.js:0
[ 8539367ms] [ERROR] WebSocket connection to 'ws://localhost:8031/' failed: Error during WebSocket handshake: Unexpected response code: 403 @ http://localhost:5199/assets/stage-B4ZnF7Se.js:0
[ 8543687ms] [ERROR] WebSocket connection to 'ws://localhost:8031/' failed: Error during WebSocket handshake: Unexpected response code: 403 @ http://localhost:5199/assets/stage-B4ZnF7Se.js:0
[ 8550131ms] [ERROR] WebSocket connection to 'ws://localhost:8031/' failed: Error during WebSocket handshake: Unexpected response code: 403 @ http://localhost:5199/assets/stage-B4ZnF7Se.js:0
[ 8554491ms] [ERROR] WebSocket connection to 'ws://localhost:8031/' failed: Error during WebSocket handshake: Unexpected response code: 403 @ http://localhost:5199/assets/stage-B4ZnF7Se.js:0
[ 8558103ms] [ERROR] WebSocket connection to 'ws://localhost:8031/' failed: Error during WebSocket handshake: Unexpected response code: 403 @ http://localhost:5199/assets/stage-B4ZnF7Se.js:0
[ 8561972ms] [ERROR] WebSocket connection to 'ws://localhost:8031/' failed: Error during WebSocket handshake: Unexpected response code: 403 @ http://localhost:5199/assets/stage-B4ZnF7Se.js:0
[ 8567743ms] [ERROR] WebSocket connection to 'ws://localhost:8031/' failed: Error during WebSocket handshake: Unexpected response code: 403 @ http://localhost:5199/assets/stage-B4ZnF7Se.js:0
[ 8570414ms] [ERROR] WebSocket connection to 'ws://localhost:8031/' failed: Error during WebSocket handshake: Unexpected response code: 403 @ http://localhost:5199/assets/stage-B4ZnF7Se.js:0
[ 8576567ms] [ERROR] WebSocket connection to 'ws://localhost:8031/' failed: Error during WebSocket handshake: Unexpected response code: 403 @ http://localhost:5199/assets/stage-B4ZnF7Se.js:0
[ 8580399ms] [ERROR] WebSocket connection to 'ws://localhost:8031/' failed: Error during WebSocket handshake: Unexpected response code: 403 @ http://localhost:5199/assets/stage-B4ZnF7Se.js:0
[ 8585122ms] [ERROR] WebSocket connection to 'ws://localhost:8031/' failed: Error during WebSocket handshake: Unexpected response code: 403 @ http://localhost:5199/assets/stage-B4ZnF7Se.js:0
[ 8587933ms] [ERROR] WebSocket connection to 'ws://localhost:8031/' failed: Error during WebSocket handshake: Unexpected response code: 403 @ http://localhost:5199/assets/stage-B4ZnF7Se.js:0
[ 8593412ms] [ERROR] WebSocket connection to 'ws://localhost:8031/' failed: Error during WebSocket handshake: Unexpected response code: 403 @ http://localhost:5199/assets/stage-B4ZnF7Se.js:0
[ 8596864ms] [ERROR] WebSocket connection to 'ws://localhost:8031/' failed: Error during WebSocket handshake: Unexpected response code: 403 @ http://localhost:5199/assets/stage-B4ZnF7Se.js:0
[ 8601834ms] [ERROR] WebSocket connection to 'ws://localhost:8031/' failed: Error during WebSocket handshake: Unexpected response code: 403 @ http://localhost:5199/assets/stage-B4ZnF7Se.js:0
[ 8607558ms] [ERROR] WebSocket connection to 'ws://localhost:8031/' failed: Error during WebSocket handshake: Unexpected response code: 403 @ http://localhost:5199/assets/stage-B4ZnF7Se.js:0
[ 8612296ms] [ERROR] WebSocket connection to 'ws://localhost:8031/' failed: Error during WebSocket handshake: Unexpected response code: 403 @ http://localhost:5199/assets/stage-B4ZnF7Se.js:0
[ 8615088ms] [ERROR] WebSocket connection to 'ws://localhost:8031/' failed: Error during WebSocket handshake: Unexpected response code: 403 @ http://localhost:5199/assets/stage-B4ZnF7Se.js:0
[ 8619235ms] [ERROR] WebSocket connection to 'ws://localhost:8031/' failed: Error during WebSocket handshake: Unexpected response code: 403 @ http://localhost:5199/assets/stage-B4ZnF7Se.js:0
[ 8624002ms] [ERROR] WebSocket connection to 'ws://localhost:8031/' failed: Error during WebSocket handshake: Unexpected response code: 403 @ http://localhost:5199/assets/stage-B4ZnF7Se.js:0
[ 8629065ms] [ERROR] WebSocket connection to 'ws://localhost:8031/' failed: Error during WebSocket handshake: Unexpected response code: 403 @ http://localhost:5199/assets/stage-B4ZnF7Se.js:0
[ 8632702ms] [ERROR] WebSocket connection to 'ws://localhost:8031/' failed: Error during WebSocket handshake: Unexpected response code: 403 @ http://localhost:5199/assets/stage-B4ZnF7Se.js:0
[ 8639085ms] [ERROR] WebSocket connection to 'ws://localhost:8031/' failed: Error during WebSocket handshake: Unexpected response code: 403 @ http://localhost:5199/assets/stage-B4ZnF7Se.js:0
[ 8644505ms] [ERROR] WebSocket connection to 'ws://localhost:8031/' failed: Error during WebSocket handshake: Unexpected response code: 403 @ http://localhost:5199/assets/stage-B4ZnF7Se.js:0
[ 8650469ms] [ERROR] WebSocket connection to 'ws://localhost:8031/' failed: Error during WebSocket handshake: Unexpected response code: 403 @ http://localhost:5199/assets/stage-B4ZnF7Se.js:0
[ 8654045ms] [ERROR] WebSocket connection to 'ws://localhost:8031/' failed: Error during WebSocket handshake: Unexpected response code: 403 @ http://localhost:5199/assets/stage-B4ZnF7Se.js:0
[ 8657895ms] [ERROR] WebSocket connection to 'ws://localhost:8031/' failed: Error during WebSocket handshake: Unexpected response code: 403 @ http://localhost:5199/assets/stage-B4ZnF7Se.js:0
[ 8661115ms] [ERROR] WebSocket connection to 'ws://localhost:8031/' failed: Error during WebSocket handshake: Unexpected response code: 403 @ http://localhost:5199/assets/stage-B4ZnF7Se.js:0
[ 8667265ms] [ERROR] WebSocket connection to 'ws://localhost:8031/' failed: Error during WebSocket handshake: Unexpected response code: 403 @ http://localhost:5199/assets/stage-B4ZnF7Se.js:0
[ 8672168ms] [ERROR] WebSocket connection to 'ws://localhost:8031/' failed: Error during WebSocket handshake: Unexpected response code: 403 @ http://localhost:5199/assets/stage-B4ZnF7Se.js:0
[ 8677480ms] [ERROR] WebSocket connection to 'ws://localhost:8031/' failed: Error during WebSocket handshake: Unexpected response code: 403 @ http://localhost:5199/assets/stage-B4ZnF7Se.js:0
[ 8682717ms] [ERROR] WebSocket connection to 'ws://localhost:8031/' failed: Error during WebSocket handshake: Unexpected response code: 403 @ http://localhost:5199/assets/stage-B4ZnF7Se.js:0
[ 8688973ms] [ERROR] WebSocket connection to 'ws://localhost:8031/' failed: Error during WebSocket handshake: Unexpected response code: 403 @ http://localhost:5199/assets/stage-B4ZnF7Se.js:0
[ 8694642ms] [ERROR] WebSocket connection to 'ws://localhost:8031/' failed: Error during WebSocket handshake: Unexpected response code: 403 @ http://localhost:5199/assets/stage-B4ZnF7Se.js:0
[ 8701104ms] [ERROR] WebSocket connection to 'ws://localhost:8031/' failed: Error during WebSocket handshake: Unexpected response code: 403 @ http://localhost:5199/assets/stage-B4ZnF7Se.js:0
[ 8705551ms] [ERROR] WebSocket connection to 'ws://localhost:8031/' failed: Error during WebSocket handshake: Unexpected response code: 403 @ http://localhost:5199/assets/stage-B4ZnF7Se.js:0
[ 8709364ms] [ERROR] WebSocket connection to 'ws://localhost:8031/' failed: Error during WebSocket handshake: Unexpected response code: 403 @ http://localhost:5199/assets/stage-B4ZnF7Se.js:0
[ 8714942ms] [ERROR] WebSocket connection to 'ws://localhost:8031/' failed: Error during WebSocket handshake: Unexpected response code: 403 @ http://localhost:5199/assets/stage-B4ZnF7Se.js:0
[ 8721071ms] [ERROR] WebSocket connection to 'ws://localhost:8031/' failed: Error during WebSocket handshake: Unexpected response code: 403 @ http://localhost:5199/assets/stage-B4ZnF7Se.js:0
[ 8726946ms] [ERROR] WebSocket connection to 'ws://localhost:8031/' failed: Error during WebSocket handshake: Unexpected response code: 403 @ http://localhost:5199/assets/stage-B4ZnF7Se.js:0
[ 8731968ms] [ERROR] WebSocket connection to 'ws://localhost:8031/' failed: Error during WebSocket handshake: Unexpected response code: 403 @ http://localhost:5199/assets/stage-B4ZnF7Se.js:0
[ 8738086ms] [ERROR] WebSocket connection to 'ws://localhost:8031/' failed: Error during WebSocket handshake: Unexpected response code: 403 @ http://localhost:5199/assets/stage-B4ZnF7Se.js:0
[ 8741323ms] [ERROR] WebSocket connection to 'ws://localhost:8031/' failed: Error during WebSocket handshake: Unexpected response code: 403 @ http://localhost:5199/assets/stage-B4ZnF7Se.js:0
[ 8747226ms] [ERROR] WebSocket connection to 'ws://localhost:8031/' failed: Error during WebSocket handshake: Unexpected response code: 403 @ http://localhost:5199/assets/stage-B4ZnF7Se.js:0
[ 8749829ms] [ERROR] WebSocket connection to 'ws://localhost:8031/' failed: Error during WebSocket handshake: Unexpected response code: 403 @ http://localhost:5199/assets/stage-B4ZnF7Se.js:0
[ 8753659ms] [ERROR] WebSocket connection to 'ws://localhost:8031/' failed: Error during WebSocket handshake: Unexpected response code: 403 @ http://localhost:5199/assets/stage-B4ZnF7Se.js:0
[ 8758815ms] [ERROR] WebSocket connection to 'ws://localhost:8031/' failed: Error during WebSocket handshake: Unexpected response code: 403 @ http://localhost:5199/assets/stage-B4ZnF7Se.js:0
[ 8762942ms] [ERROR] WebSocket connection to 'ws://localhost:8031/' failed: Error during WebSocket handshake: Unexpected response code: 403 @ http://localhost:5199/assets/stage-B4ZnF7Se.js:0
[ 8766360ms] [ERROR] WebSocket connection to 'ws://localhost:8031/' failed: Error during WebSocket handshake: Unexpected response code: 403 @ http://localhost:5199/assets/stage-B4ZnF7Se.js:0
[ 8769033ms] [ERROR] WebSocket connection to 'ws://localhost:8031/' failed: Error during WebSocket handshake: Unexpected response code: 403 @ http://localhost:5199/assets/stage-B4ZnF7Se.js:0
[ 8772994ms] [ERROR] WebSocket connection to 'ws://localhost:8031/' failed: Error during WebSocket handshake: Unexpected response code: 403 @ http://localhost:5199/assets/stage-B4ZnF7Se.js:0
[ 8778654ms] [ERROR] WebSocket connection to 'ws://localhost:8031/' failed: Error during WebSocket handshake: Unexpected response code: 403 @ http://localhost:5199/assets/stage-B4ZnF7Se.js:0
[ 8782326ms] [ERROR] WebSocket connection to 'ws://localhost:8031/' failed: Error during WebSocket handshake: Unexpected response code: 403 @ http://localhost:5199/assets/stage-B4ZnF7Se.js:0
[ 8787692ms] [ERROR] WebSocket connection to 'ws://localhost:8031/' failed: Error during WebSocket handshake: Unexpected response code: 403 @ http://localhost:5199/assets/stage-B4ZnF7Se.js:0
[ 8791452ms] [ERROR] WebSocket connection to 'ws://localhost:8031/' failed: Error during WebSocket handshake: Unexpected response code: 403 @ http://localhost:5199/assets/stage-B4ZnF7Se.js:0
[ 8796024ms] [ERROR] WebSocket connection to 'ws://localhost:8031/' failed: Error during WebSocket handshake: Unexpected response code: 403 @ http://localhost:5199/assets/stage-B4ZnF7Se.js:0
[ 8799513ms] [ERROR] WebSocket connection to 'ws://localhost:8031/' failed: Error during WebSocket handshake: Unexpected response code: 403 @ http://localhost:5199/assets/stage-B4ZnF7Se.js:0
[ 8802227ms] [ERROR] WebSocket connection to 'ws://localhost:8031/' failed: Error during WebSocket handshake: Unexpected response code: 403 @ http://localhost:5199/assets/stage-B4ZnF7Se.js:0
[ 8808103ms] [ERROR] WebSocket connection to 'ws://localhost:8031/' failed: Error during WebSocket handshake: Unexpected response code: 403 @ http://localhost:5199/assets/stage-B4ZnF7Se.js:0
[ 8811503ms] [ERROR] WebSocket connection to 'ws://localhost:8031/' failed: Error during WebSocket handshake: Unexpected response code: 403 @ http://localhost:5199/assets/stage-B4ZnF7Se.js:0
[ 8817934ms] [ERROR] WebSocket connection to 'ws://localhost:8031/' failed: Error during WebSocket handshake: Unexpected response code: 403 @ http://localhost:5199/assets/stage-B4ZnF7Se.js:0
[ 8821976ms] [ERROR] WebSocket connection to 'ws://localhost:8031/' failed: Error during WebSocket handshake: Unexpected response code: 403 @ http://localhost:5199/assets/stage-B4ZnF7Se.js:0
[ 8825159ms] [ERROR] WebSocket connection to 'ws://localhost:8031/' failed: Error during WebSocket handshake: Unexpected response code: 403 @ http://localhost:5199/assets/stage-B4ZnF7Se.js:0
[ 8828700ms] [ERROR] WebSocket connection to 'ws://localhost:8031/' failed: Error during WebSocket handshake: Unexpected response code: 403 @ http://localhost:5199/assets/stage-B4ZnF7Se.js:0
[ 8834148ms] [ERROR] WebSocket connection to 'ws://localhost:8031/' failed: Error during WebSocket handshake: Unexpected response code: 403 @ http://localhost:5199/assets/stage-B4ZnF7Se.js:0
[ 8838201ms] [ERROR] WebSocket connection to 'ws://localhost:8031/' failed: Error during WebSocket handshake: Unexpected response code: 403 @ http://localhost:5199/assets/stage-B4ZnF7Se.js:0
[ 8839705ms] [ERROR] WebSocket connection to 'ws://localhost:8031/' failed: Error during WebSocket handshake: Unexpected response code: 403 @ http://localhost:5199/assets/stage-B4ZnF7Se.js:0
[ 8841207ms] [ERROR] WebSocket connection to 'ws://localhost:8031/' failed: Error during WebSocket handshake: Unexpected response code: 403 @ http://localhost:5199/assets/stage-B4ZnF7Se.js:0
[ 8842714ms] [ERROR] WebSocket connection to 'ws://localhost:8031/' failed: Error during WebSocket handshake: Unexpected response code: 403 @ http://localhost:5199/assets/stage-B4ZnF7Se.js:0
[ 8844220ms] [ERROR] WebSocket connection to 'ws://localhost:8031/' failed: Error during WebSocket handshake: Unexpected response code: 403 @ http://localhost:5199/assets/stage-B4ZnF7Se.js:0
[ 8845726ms] [ERROR] WebSocket connection to 'ws://localhost:8031/' failed: Error during WebSocket handshake: Unexpected response code: 403 @ http://localhost:5199/assets/stage-B4ZnF7Se.js:0
[ 8847234ms] [ERROR] WebSocket connection to 'ws://localhost:8031/' failed: Error during WebSocket handshake: Unexpected response code: 403 @ http://localhost:5199/assets/stage-B4ZnF7Se.js:0
[ 8848750ms] [ERROR] WebSocket connection to 'ws://localhost:8031/' failed: Error during WebSocket handshake: Unexpected response code: 403 @ http://localhost:5199/assets/stage-B4ZnF7Se.js:0
[ 8850272ms] [ERROR] WebSocket connection to 'ws://localhost:8031/' failed: Error during WebSocket handshake: Unexpected response code: 403 @ http://localhost:5199/assets/stage-B4ZnF7Se.js:0
[ 8851814ms] [ERROR] WebSocket connection to 'ws://localhost:8031/' failed: Error during WebSocket handshake: Unexpected response code: 403 @ http://localhost:5199/assets/stage-B4ZnF7Se.js:0
[ 8853401ms] [ERROR] WebSocket connection to 'ws://localhost:8031/' failed: Error during WebSocket handshake: Unexpected response code: 403 @ http://localhost:5199/assets/stage-B4ZnF7Se.js:0
[ 8855021ms] [ERROR] WebSocket connection to 'ws://localhost:8031/' failed: Error during WebSocket handshake: Unexpected response code: 403 @ http://localhost:5199/assets/stage-B4ZnF7Se.js:0
[ 8856732ms] [ERROR] WebSocket connection to 'ws://localhost:8031/' failed: Error during WebSocket handshake: Unexpected response code: 403 @ http://localhost:5199/assets/stage-B4ZnF7Se.js:0
[ 8858462ms] [ERROR] WebSocket connection to 'ws://localhost:8031/' failed: Error during WebSocket handshake: Unexpected response code: 403 @ http://localhost:5199/assets/stage-B4ZnF7Se.js:0
[ 8860856ms] [ERROR] WebSocket connection to 'ws://localhost:8031/' failed: Error during WebSocket handshake: Unexpected response code: 403 @ http://localhost:5199/assets/stage-B4ZnF7Se.js:0
[ 8864390ms] [ERROR] WebSocket connection to 'ws://localhost:8031/' failed: Error during WebSocket handshake: Unexpected response code: 403 @ http://localhost:5199/assets/stage-B4ZnF7Se.js:0
[ 8867342ms] [ERROR] WebSocket connection to 'ws://localhost:8031/' failed: Error during WebSocket handshake: Unexpected response code: 403 @ http://localhost:5199/assets/stage-B4ZnF7Se.js:0
[ 8873497ms] [ERROR] WebSocket connection to 'ws://localhost:8031/' failed: Error during WebSocket handshake: Unexpected response code: 403 @ http://localhost:5199/assets/stage-B4ZnF7Se.js:0
[ 8876126ms] [ERROR] WebSocket connection to 'ws://localhost:8031/' failed: Error during WebSocket handshake: Unexpected response code: 403 @ http://localhost:5199/assets/stage-B4ZnF7Se.js:0
[ 8882362ms] [ERROR] WebSocket connection to 'ws://localhost:8031/' failed: Error during WebSocket handshake: Unexpected response code: 403 @ http://localhost:5199/assets/stage-B4ZnF7Se.js:0
[ 8888679ms] [ERROR] WebSocket connection to 'ws://localhost:8031/' failed: Error during WebSocket handshake: Unexpected response code: 403 @ http://localhost:5199/assets/stage-B4ZnF7Se.js:0
[ 8894845ms] [ERROR] WebSocket connection to 'ws://localhost:8031/' failed: Error during WebSocket handshake: Unexpected response code: 403 @ http://localhost:5199/assets/stage-B4ZnF7Se.js:0
[ 8900410ms] [ERROR] WebSocket connection to 'ws://localhost:8031/' failed: Error during WebSocket handshake: Unexpected response code: 403 @ http://localhost:5199/assets/stage-B4ZnF7Se.js:0
[ 8904406ms] [ERROR] WebSocket connection to 'ws://localhost:8031/' failed: Error during WebSocket handshake: Unexpected response code: 403 @ http://localhost:5199/assets/stage-B4ZnF7Se.js:0
[ 8910080ms] [ERROR] WebSocket connection to 'ws://localhost:8031/' failed: Error during WebSocket handshake: Unexpected response code: 403 @ http://localhost:5199/assets/stage-B4ZnF7Se.js:0
[ 8915577ms] [ERROR] WebSocket connection to 'ws://localhost:8031/' failed: Error during WebSocket handshake: Unexpected response code: 403 @ http://localhost:5199/assets/stage-B4ZnF7Se.js:0
[ 8921761ms] [ERROR] WebSocket connection to 'ws://localhost:8031/' failed: Error during WebSocket handshake: Unexpected response code: 403 @ http://localhost:5199/assets/stage-B4ZnF7Se.js:0
[ 8926821ms] [ERROR] WebSocket connection to 'ws://localhost:8031/' failed: Error during WebSocket handshake: Unexpected response code: 403 @ http://localhost:5199/assets/stage-B4ZnF7Se.js:0
[ 8930673ms] [ERROR] WebSocket connection to 'ws://localhost:8031/' failed: Error during WebSocket handshake: Unexpected response code: 403 @ http://localhost:5199/assets/stage-B4ZnF7Se.js:0
[ 8934108ms] [ERROR] WebSocket connection to 'ws://localhost:8031/' failed: Error during WebSocket handshake: Unexpected response code: 403 @ http://localhost:5199/assets/stage-B4ZnF7Se.js:0
[ 8938313ms] [ERROR] WebSocket connection to 'ws://localhost:8031/' failed: Error during WebSocket handshake: Unexpected response code: 403 @ http://localhost:5199/assets/stage-B4ZnF7Se.js:0
[ 8943828ms] [ERROR] WebSocket connection to 'ws://localhost:8031/' failed: Error during WebSocket handshake: Unexpected response code: 403 @ http://localhost:5199/assets/stage-B4ZnF7Se.js:0
[ 8946848ms] [ERROR] WebSocket connection to 'ws://localhost:8031/' failed: Error during WebSocket handshake: Unexpected response code: 403 @ http://localhost:5199/assets/stage-B4ZnF7Se.js:0
[ 8950733ms] [ERROR] WebSocket connection to 'ws://localhost:8031/' failed: Error during WebSocket handshake: Unexpected response code: 403 @ http://localhost:5199/assets/stage-B4ZnF7Se.js:0
[ 8955007ms] [ERROR] WebSocket connection to 'ws://localhost:8031/' failed: Error during WebSocket handshake: Unexpected response code: 403 @ http://localhost:5199/assets/stage-B4ZnF7Se.js:0
[ 8961301ms] [ERROR] WebSocket connection to 'ws://localhost:8031/' failed: Error during WebSocket handshake: Unexpected response code: 403 @ http://localhost:5199/assets/stage-B4ZnF7Se.js:0
[ 8967599ms] [ERROR] WebSocket connection to 'ws://localhost:8031/' failed: Error during WebSocket handshake: Unexpected response code: 403 @ http://localhost:5199/assets/stage-B4ZnF7Se.js:0
[ 8972321ms] [ERROR] WebSocket connection to 'ws://localhost:8031/' failed: Error during WebSocket handshake: Unexpected response code: 403 @ http://localhost:5199/assets/stage-B4ZnF7Se.js:0
[ 8976366ms] [ERROR] WebSocket connection to 'ws://localhost:8031/' failed: Error during WebSocket handshake: Unexpected response code: 403 @ http://localhost:5199/assets/stage-B4ZnF7Se.js:0
[ 8979499ms] [ERROR] WebSocket connection to 'ws://localhost:8031/' failed: Error during WebSocket handshake: Unexpected response code: 403 @ http://localhost:5199/assets/stage-B4ZnF7Se.js:0
[ 8983334ms] [ERROR] WebSocket connection to 'ws://localhost:8031/' failed: Error during WebSocket handshake: Unexpected response code: 403 @ http://localhost:5199/assets/stage-B4ZnF7Se.js:0
[ 8987608ms] [ERROR] WebSocket connection to 'ws://localhost:8031/' failed: Error during WebSocket handshake: Unexpected response code: 403 @ http://localhost:5199/assets/stage-B4ZnF7Se.js:0
[ 8992653ms] [ERROR] WebSocket connection to 'ws://localhost:8031/' failed: Error during WebSocket handshake: Unexpected response code: 403 @ http://localhost:5199/assets/stage-B4ZnF7Se.js:0
[ 8995557ms] [ERROR] WebSocket connection to 'ws://localhost:8031/' failed: Error during WebSocket handshake: Unexpected response code: 403 @ http://localhost:5199/assets/stage-B4ZnF7Se.js:0
[ 9001335ms] [ERROR] WebSocket connection to 'ws://localhost:8031/' failed: Error during WebSocket handshake: Unexpected response code: 403 @ http://localhost:5199/assets/stage-B4ZnF7Se.js:0
[ 9005750ms] [ERROR] WebSocket connection to 'ws://localhost:8031/' failed: Error during WebSocket handshake: Unexpected response code: 403 @ http://localhost:5199/assets/stage-B4ZnF7Se.js:0
[ 9009694ms] [ERROR] WebSocket connection to 'ws://localhost:8031/' failed: Error during WebSocket handshake: Unexpected response code: 403 @ http://localhost:5199/assets/stage-B4ZnF7Se.js:0
[ 9015697ms] [ERROR] WebSocket connection to 'ws://localhost:8031/' failed: Error during WebSocket handshake: Unexpected response code: 403 @ http://localhost:5199/assets/stage-B4ZnF7Se.js:0
[ 9020826ms] [ERROR] WebSocket connection to 'ws://localhost:8031/' failed: Error during WebSocket handshake: Unexpected response code: 403 @ http://localhost:5199/assets/stage-B4ZnF7Se.js:0
[ 9024130ms] [ERROR] WebSocket connection to 'ws://localhost:8031/' failed: Error during WebSocket handshake: Unexpected response code: 403 @ http://localhost:5199/assets/stage-B4ZnF7Se.js:0
[ 9026994ms] [ERROR] WebSocket connection to 'ws://localhost:8031/' failed: Error during WebSocket handshake: Unexpected response code: 403 @ http://localhost:5199/assets/stage-B4ZnF7Se.js:0
[ 9031327ms] [ERROR] WebSocket connection to 'ws://localhost:8031/' failed: Error during WebSocket handshake: Unexpected response code: 403 @ http://localhost:5199/assets/stage-B4ZnF7Se.js:0
[ 9037434ms] [ERROR] WebSocket connection to 'ws://localhost:8031/' failed: Error during WebSocket handshake: Unexpected response code: 403 @ http://localhost:5199/assets/stage-B4ZnF7Se.js:0
[ 9041009ms] [ERROR] WebSocket connection to 'ws://localhost:8031/' failed: Error during WebSocket handshake: Unexpected response code: 403 @ http://localhost:5199/assets/stage-B4ZnF7Se.js:0
[ 9044961ms] [ERROR] WebSocket connection to 'ws://localhost:8031/' failed: Error during WebSocket handshake: Unexpected response code: 403 @ http://localhost:5199/assets/stage-B4ZnF7Se.js:0
[ 9051132ms] [ERROR] WebSocket connection to 'ws://localhost:8031/' failed: Error during WebSocket handshake: Unexpected response code: 403 @ http://localhost:5199/assets/stage-B4ZnF7Se.js:0
[ 9054523ms] [ERROR] WebSocket connection to 'ws://localhost:8031/' failed: Error during WebSocket handshake: Unexpected response code: 403 @ http://localhost:5199/assets/stage-B4ZnF7Se.js:0
[ 9057349ms] [ERROR] WebSocket connection to 'ws://localhost:8031/' failed: Error during WebSocket handshake: Unexpected response code: 403 @ http://localhost:5199/assets/stage-B4ZnF7Se.js:0
[ 9060391ms] [ERROR] WebSocket connection to 'ws://localhost:8031/' failed: Error during WebSocket handshake: Unexpected response code: 403 @ http://localhost:5199/assets/stage-B4ZnF7Se.js:0
[ 9064788ms] [ERROR] WebSocket connection to 'ws://localhost:8031/' failed: Error during WebSocket handshake: Unexpected response code: 403 @ http://localhost:5199/assets/stage-B4ZnF7Se.js:0
[ 9070810ms] [ERROR] WebSocket connection to 'ws://localhost:8031/' failed: Error during WebSocket handshake: Unexpected response code: 403 @ http://localhost:5199/assets/stage-B4ZnF7Se.js:0
[ 9077128ms] [ERROR] WebSocket connection to 'ws://localhost:8031/' failed: Error during WebSocket handshake: Unexpected response code: 403 @ http://localhost:5199/assets/stage-B4ZnF7Se.js:0
[ 9082747ms] [ERROR] WebSocket connection to 'ws://localhost:8031/' failed: Error during WebSocket handshake: Unexpected response code: 403 @ http://localhost:5199/assets/stage-B4ZnF7Se.js:0
[ 9088275ms] [ERROR] WebSocket connection to 'ws://localhost:8031/' failed: Error during WebSocket handshake: Unexpected response code: 403 @ http://localhost:5199/assets/stage-B4ZnF7Se.js:0
[ 9092290ms] [ERROR] WebSocket connection to 'ws://localhost:8031/' failed: Error during WebSocket handshake: Unexpected response code: 403 @ http://localhost:5199/assets/stage-B4ZnF7Se.js:0
[ 9096181ms] [ERROR] WebSocket connection to 'ws://localhost:8031/' failed: Error during WebSocket handshake: Unexpected response code: 403 @ http://localhost:5199/assets/stage-B4ZnF7Se.js:0
[ 9099049ms] [ERROR] WebSocket connection to 'ws://localhost:8031/' failed: Error during WebSocket handshake: Unexpected response code: 403 @ http://localhost:5199/assets/stage-B4ZnF7Se.js:0
[ 9101636ms] [ERROR] WebSocket connection to 'ws://localhost:8031/' failed: Error during WebSocket handshake: Unexpected response code: 403 @ http://localhost:5199/assets/stage-B4ZnF7Se.js:0
[ 9106923ms] [ERROR] WebSocket connection to 'ws://localhost:8031/' failed: Error during WebSocket handshake: Unexpected response code: 403 @ http://localhost:5199/assets/stage-B4ZnF7Se.js:0
[ 9112780ms] [ERROR] WebSocket connection to 'ws://localhost:8031/' failed: Error during WebSocket handshake: Unexpected response code: 403 @ http://localhost:5199/assets/stage-B4ZnF7Se.js:0
[ 9118351ms] [ERROR] WebSocket connection to 'ws://localhost:8031/' failed: Error during WebSocket handshake: Unexpected response code: 403 @ http://localhost:5199/assets/stage-B4ZnF7Se.js:0
[ 9121272ms] [ERROR] WebSocket connection to 'ws://localhost:8031/' failed: Error during WebSocket handshake: Unexpected response code: 403 @ http://localhost:5199/assets/stage-B4ZnF7Se.js:0
[ 9125448ms] [ERROR] WebSocket connection to 'ws://localhost:8031/' failed: Error during WebSocket handshake: Unexpected response code: 403 @ http://localhost:5199/assets/stage-B4ZnF7Se.js:0
[ 9129097ms] [ERROR] WebSocket connection to 'ws://localhost:8031/' failed: Error during WebSocket handshake: Unexpected response code: 403 @ http://localhost:5199/assets/stage-B4ZnF7Se.js:0
[ 9131758ms] [ERROR] WebSocket connection to 'ws://localhost:8031/' failed: Error during WebSocket handshake: Unexpected response code: 403 @ http://localhost:5199/assets/stage-B4ZnF7Se.js:0
[ 9138104ms] [ERROR] WebSocket connection to 'ws://localhost:8031/' failed: Error during WebSocket handshake: Unexpected response code: 403 @ http://localhost:5199/assets/stage-B4ZnF7Se.js:0
[ 9143496ms] [ERROR] WebSocket connection to 'ws://localhost:8031/' failed: Error during WebSocket handshake: Unexpected response code: 403 @ http://localhost:5199/assets/stage-B4ZnF7Se.js:0
[ 9146832ms] [ERROR] WebSocket connection to 'ws://localhost:8031/' failed: Error during WebSocket handshake: Unexpected response code: 403 @ http://localhost:5199/assets/stage-B4ZnF7Se.js:0
[ 9149893ms] [ERROR] WebSocket connection to 'ws://localhost:8031/' failed: Error during WebSocket handshake: Unexpected response code: 403 @ http://localhost:5199/assets/stage-B4ZnF7Se.js:0
[ 9155093ms] [ERROR] WebSocket connection to 'ws://localhost:8031/' failed: Error during WebSocket handshake: Unexpected response code: 403 @ http://localhost:5199/assets/stage-B4ZnF7Se.js:0
[ 9159774ms] [ERROR] WebSocket connection to 'ws://localhost:8031/' failed: Error during WebSocket handshake: Unexpected response code: 403 @ http://localhost:5199/assets/stage-B4ZnF7Se.js:0
[ 9164828ms] [ERROR] WebSocket connection to 'ws://localhost:8031/' failed: Error during WebSocket handshake: Unexpected response code: 403 @ http://localhost:5199/assets/stage-B4ZnF7Se.js:0
[ 9169778ms] [ERROR] WebSocket connection to 'ws://localhost:8031/' failed: Error during WebSocket handshake: Unexpected response code: 403 @ http://localhost:5199/assets/stage-B4ZnF7Se.js:0
[ 9175859ms] [ERROR] WebSocket connection to 'ws://localhost:8031/' failed: Error during WebSocket handshake: Unexpected response code: 403 @ http://localhost:5199/assets/stage-B4ZnF7Se.js:0
[ 9179439ms] [ERROR] WebSocket connection to 'ws://localhost:8031/' failed: Error during WebSocket handshake: Unexpected response code: 403 @ http://localhost:5199/assets/stage-B4ZnF7Se.js:0
[ 9184660ms] [ERROR] WebSocket connection to 'ws://localhost:8031/' failed: Error during WebSocket handshake: Unexpected response code: 403 @ http://localhost:5199/assets/stage-B4ZnF7Se.js:0
[ 9187184ms] [ERROR] WebSocket connection to 'ws://localhost:8031/' failed: Error during WebSocket handshake: Unexpected response code: 403 @ http://localhost:5199/assets/stage-B4ZnF7Se.js:0
[ 9191197ms] [ERROR] WebSocket connection to 'ws://localhost:8031/' failed: Error during WebSocket handshake: Unexpected response code: 403 @ http://localhost:5199/assets/stage-B4ZnF7Se.js:0
[ 9195019ms] [ERROR] WebSocket connection to 'ws://localhost:8031/' failed: Error during WebSocket handshake: Unexpected response code: 403 @ http://localhost:5199/assets/stage-B4ZnF7Se.js:0
[ 9201449ms] [ERROR] WebSocket connection to 'ws://localhost:8031/' failed: Error during WebSocket handshake: Unexpected response code: 403 @ http://localhost:5199/assets/stage-B4ZnF7Se.js:0
[ 9205814ms] [ERROR] WebSocket connection to 'ws://localhost:8031/' failed: Error during WebSocket handshake: Unexpected response code: 403 @ http://localhost:5199/assets/stage-B4ZnF7Se.js:0
[ 9208486ms] [ERROR] WebSocket connection to 'ws://localhost:8031/' failed: Error during WebSocket handshake: Unexpected response code: 403 @ http://localhost:5199/assets/stage-B4ZnF7Se.js:0
[ 9211874ms] [ERROR] WebSocket connection to 'ws://localhost:8031/' failed: Error during WebSocket handshake: Unexpected response code: 403 @ http://localhost:5199/assets/stage-B4ZnF7Se.js:0
[ 9215926ms] [ERROR] WebSocket connection to 'ws://localhost:8031/' failed: Error during WebSocket handshake: Unexpected response code: 403 @ http://localhost:5199/assets/stage-B4ZnF7Se.js:0
[ 9220481ms] [ERROR] WebSocket connection to 'ws://localhost:8031/' failed: Error during WebSocket handshake: Unexpected response code: 403 @ http://localhost:5199/assets/stage-B4ZnF7Se.js:0
[ 9225053ms] [ERROR] WebSocket connection to 'ws://localhost:8031/' failed: Error during WebSocket handshake: Unexpected response code: 403 @ http://localhost:5199/assets/stage-B4ZnF7Se.js:0
[ 9228935ms] [ERROR] WebSocket connection to 'ws://localhost:8031/' failed: Error during WebSocket handshake: Unexpected response code: 403 @ http://localhost:5199/assets/stage-B4ZnF7Se.js:0
[ 9233827ms] [ERROR] WebSocket connection to 'ws://localhost:8031/' failed: Error during WebSocket handshake: Unexpected response code: 403 @ http://localhost:5199/assets/stage-B4ZnF7Se.js:0
[ 9239543ms] [ERROR] WebSocket connection to 'ws://localhost:8031/' failed: Error during WebSocket handshake: Unexpected response code: 403 @ http://localhost:5199/assets/stage-B4ZnF7Se.js:0
[ 9244730ms] [ERROR] WebSocket connection to 'ws://localhost:8031/' failed: Error during WebSocket handshake: Unexpected response code: 403 @ http://localhost:5199/assets/stage-B4ZnF7Se.js:0
[ 9251225ms] [ERROR] WebSocket connection to 'ws://localhost:8031/' failed: Error during WebSocket handshake: Unexpected response code: 403 @ http://localhost:5199/assets/stage-B4ZnF7Se.js:0
[ 9255696ms] [ERROR] WebSocket connection to 'ws://localhost:8031/' failed: Error during WebSocket handshake: Unexpected response code: 403 @ http://localhost:5199/assets/stage-B4ZnF7Se.js:0
[ 9260040ms] [ERROR] WebSocket connection to 'ws://localhost:8031/' failed: Error during WebSocket handshake: Unexpected response code: 403 @ http://localhost:5199/assets/stage-B4ZnF7Se.js:0
[ 9265176ms] [ERROR] WebSocket connection to 'ws://localhost:8031/' failed: Error during WebSocket handshake: Unexpected response code: 403 @ http://localhost:5199/assets/stage-B4ZnF7Se.js:0
[ 9269333ms] [ERROR] WebSocket connection to 'ws://localhost:8031/' failed: Error during WebSocket handshake: Unexpected response code: 403 @ http://localhost:5199/assets/stage-B4ZnF7Se.js:0
[ 9273585ms] [ERROR] WebSocket connection to 'ws://localhost:8031/' failed: Error during WebSocket handshake: Unexpected response code: 403 @ http://localhost:5199/assets/stage-B4ZnF7Se.js:0
[ 9276948ms] [ERROR] WebSocket connection to 'ws://localhost:8031/' failed: Error during WebSocket handshake: Unexpected response code: 403 @ http://localhost:5199/assets/stage-B4ZnF7Se.js:0
[ 9280754ms] [ERROR] WebSocket connection to 'ws://localhost:8031/' failed: Error during WebSocket handshake: Unexpected response code: 403 @ http://localhost:5199/assets/stage-B4ZnF7Se.js:0
[ 9285395ms] [ERROR] WebSocket connection to 'ws://localhost:8031/' failed: Error during WebSocket handshake: Unexpected response code: 403 @ http://localhost:5199/assets/stage-B4ZnF7Se.js:0
[ 9289305ms] [ERROR] WebSocket connection to 'ws://localhost:8031/' failed: Error during WebSocket handshake: Unexpected response code: 403 @ http://localhost:5199/assets/stage-B4ZnF7Se.js:0
[ 9295227ms] [ERROR] WebSocket connection to 'ws://localhost:8031/' failed: Error during WebSocket handshake: Unexpected response code: 403 @ http://localhost:5199/assets/stage-B4ZnF7Se.js:0
[ 9301265ms] [ERROR] WebSocket connection to 'ws://localhost:8031/' failed: Error during WebSocket handshake: Unexpected response code: 403 @ http://localhost:5199/assets/stage-B4ZnF7Se.js:0
[ 9304410ms] [ERROR] WebSocket connection to 'ws://localhost:8031/' failed: Error during WebSocket handshake: Unexpected response code: 403 @ http://localhost:5199/assets/stage-B4ZnF7Se.js:0
[ 9308912ms] [ERROR] WebSocket connection to 'ws://localhost:8031/' failed: Error during WebSocket handshake: Unexpected response code: 403 @ http://localhost:5199/assets/stage-B4ZnF7Se.js:0
[ 9312682ms] [ERROR] WebSocket connection to 'ws://localhost:8031/' failed: Error during WebSocket handshake: Unexpected response code: 403 @ http://localhost:5199/assets/stage-B4ZnF7Se.js:0
[ 9318086ms] [ERROR] WebSocket connection to 'ws://localhost:8031/' failed: Error during WebSocket handshake: Unexpected response code: 403 @ http://localhost:5199/assets/stage-B4ZnF7Se.js:0
[ 9323703ms] [ERROR] WebSocket connection to 'ws://localhost:8031/' failed: Error during WebSocket handshake: Unexpected response code: 403 @ http://localhost:5199/assets/stage-B4ZnF7Se.js:0
[ 9328486ms] [ERROR] WebSocket connection to 'ws://localhost:8031/' failed: Error during WebSocket handshake: Unexpected response code: 403 @ http://localhost:5199/assets/stage-B4ZnF7Se.js:0
[ 9333981ms] [ERROR] WebSocket connection to 'ws://localhost:8031/' failed: Error during WebSocket handshake: Unexpected response code: 403 @ http://localhost:5199/assets/stage-B4ZnF7Se.js:0
[ 9339142ms] [ERROR] WebSocket connection to 'ws://localhost:8031/' failed: Error during WebSocket handshake: Unexpected response code: 403 @ http://localhost:5199/assets/stage-B4ZnF7Se.js:0
[ 9345489ms] [ERROR] WebSocket connection to 'ws://localhost:8031/' failed: Error during WebSocket handshake: Unexpected response code: 403 @ http://localhost:5199/assets/stage-B4ZnF7Se.js:0
[ 9349090ms] [ERROR] WebSocket connection to 'ws://localhost:8031/' failed: Error during WebSocket handshake: Unexpected response code: 403 @ http://localhost:5199/assets/stage-B4ZnF7Se.js:0
[ 9351994ms] [ERROR] WebSocket connection to 'ws://localhost:8031/' failed: Error during WebSocket handshake: Unexpected response code: 403 @ http://localhost:5199/assets/stage-B4ZnF7Se.js:0
[ 9357418ms] [ERROR] WebSocket connection to 'ws://localhost:8031/' failed: Error during WebSocket handshake: Unexpected response code: 403 @ http://localhost:5199/assets/stage-B4ZnF7Se.js:0
[ 9363350ms] [ERROR] WebSocket connection to 'ws://localhost:8031/' failed: Error during WebSocket handshake: Unexpected response code: 403 @ http://localhost:5199/assets/stage-B4ZnF7Se.js:0
[ 9369846ms] [ERROR] WebSocket connection to 'ws://localhost:8031/' failed: Error during WebSocket handshake: Unexpected response code: 403 @ http://localhost:5199/assets/stage-B4ZnF7Se.js:0
[ 9373764ms] [ERROR] WebSocket connection to 'ws://localhost:8031/' failed: Error during WebSocket handshake: Unexpected response code: 403 @ http://localhost:5199/assets/stage-B4ZnF7Se.js:0
[ 9378084ms] [ERROR] WebSocket connection to 'ws://localhost:8031/' failed: Error during WebSocket handshake: Unexpected response code: 403 @ http://localhost:5199/assets/stage-B4ZnF7Se.js:0
[ 9382440ms] [ERROR] WebSocket connection to 'ws://localhost:8031/' failed: Error during WebSocket handshake: Unexpected response code: 403 @ http://localhost:5199/assets/stage-B4ZnF7Se.js:0
[ 9387061ms] [ERROR] WebSocket connection to 'ws://localhost:8031/' failed: Error during WebSocket handshake: Unexpected response code: 403 @ http://localhost:5199/assets/stage-B4ZnF7Se.js:0
[ 9390947ms] [ERROR] WebSocket connection to 'ws://localhost:8031/' failed: Error during WebSocket handshake: Unexpected response code: 403 @ http://localhost:5199/assets/stage-B4ZnF7Se.js:0
[ 9394962ms] [ERROR] WebSocket connection to 'ws://localhost:8031/' failed: Error during WebSocket handshake: Unexpected response code: 403 @ http://localhost:5199/assets/stage-B4ZnF7Se.js:0
[ 9397524ms] [ERROR] WebSocket connection to 'ws://localhost:8031/' failed: Error during WebSocket handshake: Unexpected response code: 403 @ http://localhost:5199/assets/stage-B4ZnF7Se.js:0
[ 9401877ms] [ERROR] WebSocket connection to 'ws://localhost:8031/' failed: Error during WebSocket handshake: Unexpected response code: 403 @ http://localhost:5199/assets/stage-B4ZnF7Se.js:0
[ 9407479ms] [ERROR] WebSocket connection to 'ws://localhost:8031/' failed: Error during WebSocket handshake: Unexpected response code: 403 @ http://localhost:5199/assets/stage-B4ZnF7Se.js:0
[ 9411711ms] [ERROR] WebSocket connection to 'ws://localhost:8031/' failed: Error during WebSocket handshake: Unexpected response code: 403 @ http://localhost:5199/assets/stage-B4ZnF7Se.js:0
[ 9414485ms] [ERROR] WebSocket connection to 'ws://localhost:8031/' failed: Error during WebSocket handshake: Unexpected response code: 403 @ http://localhost:5199/assets/stage-B4ZnF7Se.js:0
[ 9419672ms] [ERROR] WebSocket connection to 'ws://localhost:8031/' failed: Error during WebSocket handshake: Unexpected response code: 403 @ http://localhost:5199/assets/stage-B4ZnF7Se.js:0
[ 9425158ms] [ERROR] WebSocket connection to 'ws://localhost:8031/' failed: Error during WebSocket handshake: Unexpected response code: 403 @ http://localhost:5199/assets/stage-B4ZnF7Se.js:0
[ 9428764ms] [ERROR] WebSocket connection to 'ws://localhost:8031/' failed: Error during WebSocket handshake: Unexpected response code: 403 @ http://localhost:5199/assets/stage-B4ZnF7Se.js:0
[ 9432529ms] [ERROR] WebSocket connection to 'ws://localhost:8031/' failed: Error during WebSocket handshake: Unexpected response code: 403 @ http://localhost:5199/assets/stage-B4ZnF7Se.js:0
[ 9436811ms] [ERROR] WebSocket connection to 'ws://localhost:8031/' failed: Error during WebSocket handshake: Unexpected response code: 403 @ http://localhost:5199/assets/stage-B4ZnF7Se.js:0
[ 9442378ms] [ERROR] WebSocket connection to 'ws://localhost:8031/' failed: Error during WebSocket handshake: Unexpected response code: 403 @ http://localhost:5199/assets/stage-B4ZnF7Se.js:0
[ 9448824ms] [ERROR] WebSocket connection to 'ws://localhost:8031/' failed: Error during WebSocket handshake: Unexpected response code: 403 @ http://localhost:5199/assets/stage-B4ZnF7Se.js:0
[ 9453897ms] [ERROR] WebSocket connection to 'ws://localhost:8031/' failed: Error during WebSocket handshake: Unexpected response code: 403 @ http://localhost:5199/assets/stage-B4ZnF7Se.js:0
[ 9457724ms] [ERROR] WebSocket connection to 'ws://localhost:8031/' failed: Error during WebSocket handshake: Unexpected response code: 403 @ http://localhost:5199/assets/stage-B4ZnF7Se.js:0
[ 9463672ms] [ERROR] WebSocket connection to 'ws://localhost:8031/' failed: Error during WebSocket handshake: Unexpected response code: 403 @ http://localhost:5199/assets/stage-B4ZnF7Se.js:0
[ 9466339ms] [ERROR] WebSocket connection to 'ws://localhost:8031/' failed: Error during WebSocket handshake: Unexpected response code: 403 @ http://localhost:5199/assets/stage-B4ZnF7Se.js:0
[ 9471916ms] [ERROR] WebSocket connection to 'ws://localhost:8031/' failed: Error during WebSocket handshake: Unexpected response code: 403 @ http://localhost:5199/assets/stage-B4ZnF7Se.js:0
[ 9476948ms] [ERROR] WebSocket connection to 'ws://localhost:8031/' failed: Error during WebSocket handshake: Unexpected response code: 403 @ http://localhost:5199/assets/stage-B4ZnF7Se.js:0
[ 9482741ms] [ERROR] WebSocket connection to 'ws://localhost:8031/' failed: Error during WebSocket handshake: Unexpected response code: 403 @ http://localhost:5199/assets/stage-B4ZnF7Se.js:0
[ 9487314ms] [ERROR] WebSocket connection to 'ws://localhost:8031/' failed: Error during WebSocket handshake: Unexpected response code: 403 @ http://localhost:5199/assets/stage-B4ZnF7Se.js:0
[ 9490153ms] [ERROR] WebSocket connection to 'ws://localhost:8031/' failed: Error during WebSocket handshake: Unexpected response code: 403 @ http://localhost:5199/assets/stage-B4ZnF7Se.js:0
[ 9496469ms] [ERROR] WebSocket connection to 'ws://localhost:8031/' failed: Error during WebSocket handshake: Unexpected response code: 403 @ http://localhost:5199/assets/stage-B4ZnF7Se.js:0
[ 9500824ms] [ERROR] WebSocket connection to 'ws://localhost:8031/' failed: Error during WebSocket handshake: Unexpected response code: 403 @ http://localhost:5199/assets/stage-B4ZnF7Se.js:0
[ 9505389ms] [ERROR] WebSocket connection to 'ws://localhost:8031/' failed: Error during WebSocket handshake: Unexpected response code: 403 @ http://localhost:5199/assets/stage-B4ZnF7Se.js:0
[ 9508999ms] [ERROR] WebSocket connection to 'ws://localhost:8031/' failed: Error during WebSocket handshake: Unexpected response code: 403 @ http://localhost:5199/assets/stage-B4ZnF7Se.js:0
[ 9512041ms] [ERROR] WebSocket connection to 'ws://localhost:8031/' failed: Error during WebSocket handshake: Unexpected response code: 403 @ http://localhost:5199/assets/stage-B4ZnF7Se.js:0
[ 9516285ms] [ERROR] WebSocket connection to 'ws://localhost:8031/' failed: Error during WebSocket handshake: Unexpected response code: 403 @ http://localhost:5199/assets/stage-B4ZnF7Se.js:0
[ 9520814ms] [ERROR] WebSocket connection to 'ws://localhost:8031/' failed: Error during WebSocket handshake: Unexpected response code: 403 @ http://localhost:5199/assets/stage-B4ZnF7Se.js:0
[ 9524706ms] [ERROR] WebSocket connection to 'ws://localhost:8031/' failed: Error during WebSocket handshake: Unexpected response code: 403 @ http://localhost:5199/assets/stage-B4ZnF7Se.js:0
[ 9529129ms] [ERROR] WebSocket connection to 'ws://localhost:8031/' failed: Error during WebSocket handshake: Unexpected response code: 403 @ http://localhost:5199/assets/stage-B4ZnF7Se.js:0
[ 9533186ms] [ERROR] WebSocket connection to 'ws://localhost:8031/' failed: Error during WebSocket handshake: Unexpected response code: 403 @ http://localhost:5199/assets/stage-B4ZnF7Se.js:0
[ 9537146ms] [ERROR] WebSocket connection to 'ws://localhost:8031/' failed: Error during WebSocket handshake: Unexpected response code: 403 @ http://localhost:5199/assets/stage-B4ZnF7Se.js:0
[ 9541314ms] [ERROR] WebSocket connection to 'ws://localhost:8031/' failed: Error during WebSocket handshake: Unexpected response code: 403 @ http://localhost:5199/assets/stage-B4ZnF7Se.js:0
[ 9546373ms] [ERROR] WebSocket connection to 'ws://localhost:8031/' failed: Error during WebSocket handshake: Unexpected response code: 403 @ http://localhost:5199/assets/stage-B4ZnF7Se.js:0
[ 9552198ms] [ERROR] WebSocket connection to 'ws://localhost:8031/' failed: Error during WebSocket handshake: Unexpected response code: 403 @ http://localhost:5199/assets/stage-B4ZnF7Se.js:0
[ 9557248ms] [ERROR] WebSocket connection to 'ws://localhost:8031/' failed: Error during WebSocket handshake: Unexpected response code: 403 @ http://localhost:5199/assets/stage-B4ZnF7Se.js:0
[ 9560344ms] [ERROR] WebSocket connection to 'ws://localhost:8031/' failed: Error during WebSocket handshake: Unexpected response code: 403 @ http://localhost:5199/assets/stage-B4ZnF7Se.js:0
[ 9564389ms] [ERROR] WebSocket connection to 'ws://localhost:8031/' failed: Error during WebSocket handshake: Unexpected response code: 403 @ http://localhost:5199/assets/stage-B4ZnF7Se.js:0
[ 9570039ms] [ERROR] WebSocket connection to 'ws://localhost:8031/' failed: Error during WebSocket handshake: Unexpected response code: 403 @ http://localhost:5199/assets/stage-B4ZnF7Se.js:0
[ 9573249ms] [ERROR] WebSocket connection to 'ws://localhost:8031/' failed: Error during WebSocket handshake: Unexpected response code: 403 @ http://localhost:5199/assets/stage-B4ZnF7Se.js:0
[ 9578618ms] [ERROR] WebSocket connection to 'ws://localhost:8031/' failed: Error during WebSocket handshake: Unexpected response code: 403 @ http://localhost:5199/assets/stage-B4ZnF7Se.js:0
[ 9581972ms] [ERROR] WebSocket connection to 'ws://localhost:8031/' failed: Error during WebSocket handshake: Unexpected response code: 403 @ http://localhost:5199/assets/stage-B4ZnF7Se.js:0
[ 9587157ms] [ERROR] WebSocket connection to 'ws://localhost:8031/' failed: Error during WebSocket handshake: Unexpected response code: 403 @ http://localhost:5199/assets/stage-B4ZnF7Se.js:0
[ 9593150ms] [ERROR] WebSocket connection to 'ws://localhost:8031/' failed: Error during WebSocket handshake: Unexpected response code: 403 @ http://localhost:5199/assets/stage-B4ZnF7Se.js:0
[ 9596597ms] [ERROR] WebSocket connection to 'ws://localhost:8031/' failed: Error during WebSocket handshake: Unexpected response code: 403 @ http://localhost:5199/assets/stage-B4ZnF7Se.js:0
[ 9601500ms] [ERROR] WebSocket connection to 'ws://localhost:8031/' failed: Error during WebSocket handshake: Unexpected response code: 403 @ http://localhost:5199/assets/stage-B4ZnF7Se.js:0
[ 9605835ms] [ERROR] WebSocket connection to 'ws://localhost:8031/' failed: Error during WebSocket handshake: Unexpected response code: 403 @ http://localhost:5199/assets/stage-B4ZnF7Se.js:0
[ 9609235ms] [ERROR] WebSocket connection to 'ws://localhost:8031/' failed: Error during WebSocket handshake: Unexpected response code: 403 @ http://localhost:5199/assets/stage-B4ZnF7Se.js:0
[ 9613893ms] [ERROR] WebSocket connection to 'ws://localhost:8031/' failed: Error during WebSocket handshake: Unexpected response code: 403 @ http://localhost:5199/assets/stage-B4ZnF7Se.js:0
[ 9617867ms] [ERROR] WebSocket connection to 'ws://localhost:8031/' failed: Error during WebSocket handshake: Unexpected response code: 403 @ http://localhost:5199/assets/stage-B4ZnF7Se.js:0
[ 9623420ms] [ERROR] WebSocket connection to 'ws://localhost:8031/' failed: Error during WebSocket handshake: Unexpected response code: 403 @ http://localhost:5199/assets/stage-B4ZnF7Se.js:0
[ 9626992ms] [ERROR] WebSocket connection to 'ws://localhost:8031/' failed: Error during WebSocket handshake: Unexpected response code: 403 @ http://localhost:5199/assets/stage-B4ZnF7Se.js:0
[ 9632440ms] [ERROR] WebSocket connection to 'ws://localhost:8031/' failed: Error during WebSocket handshake: Unexpected response code: 403 @ http://localhost:5199/assets/stage-B4ZnF7Se.js:0
[ 9636203ms] [ERROR] WebSocket connection to 'ws://localhost:8031/' failed: Error during WebSocket handshake: Unexpected response code: 403 @ http://localhost:5199/assets/stage-B4ZnF7Se.js:0
[ 9639577ms] [ERROR] WebSocket connection to 'ws://localhost:8031/' failed: Error during WebSocket handshake: Unexpected response code: 403 @ http://localhost:5199/assets/stage-B4ZnF7Se.js:0
[ 9644067ms] [ERROR] WebSocket connection to 'ws://localhost:8031/' failed: Error during WebSocket handshake: Unexpected response code: 403 @ http://localhost:5199/assets/stage-B4ZnF7Se.js:0
[ 9648426ms] [ERROR] WebSocket connection to 'ws://localhost:8031/' failed: Error during WebSocket handshake: Unexpected response code: 403 @ http://localhost:5199/assets/stage-B4ZnF7Se.js:0
[ 9653163ms] [ERROR] WebSocket connection to 'ws://localhost:8031/' failed: Error during WebSocket handshake: Unexpected response code: 403 @ http://localhost:5199/assets/stage-B4ZnF7Se.js:0
[ 9656276ms] [ERROR] WebSocket connection to 'ws://localhost:8031/' failed: Error during WebSocket handshake: Unexpected response code: 403 @ http://localhost:5199/assets/stage-B4ZnF7Se.js:0
[ 9659398ms] [ERROR] WebSocket connection to 'ws://localhost:8031/' failed: Error during WebSocket handshake: Unexpected response code: 403 @ http://localhost:5199/assets/stage-B4ZnF7Se.js:0
[ 9664015ms] [ERROR] WebSocket connection to 'ws://localhost:8031/' failed: Error during WebSocket handshake: Unexpected response code: 403 @ http://localhost:5199/assets/stage-B4ZnF7Se.js:0
[ 9669749ms] [ERROR] WebSocket connection to 'ws://localhost:8031/' failed: Error during WebSocket handshake: Unexpected response code: 403 @ http://localhost:5199/assets/stage-B4ZnF7Se.js:0
[ 9673761ms] [ERROR] WebSocket connection to 'ws://localhost:8031/' failed: Error during WebSocket handshake: Unexpected response code: 403 @ http://localhost:5199/assets/stage-B4ZnF7Se.js:0
[ 9678163ms] [ERROR] WebSocket connection to 'ws://localhost:8031/' failed: Error during WebSocket handshake: Unexpected response code: 403 @ http://localhost:5199/assets/stage-B4ZnF7Se.js:0
[ 9683095ms] [ERROR] WebSocket connection to 'ws://localhost:8031/' failed: Error during WebSocket handshake: Unexpected response code: 403 @ http://localhost:5199/assets/stage-B4ZnF7Se.js:0
[ 9688929ms] [ERROR] WebSocket connection to 'ws://localhost:8031/' failed: Error during WebSocket handshake: Unexpected response code: 403 @ http://localhost:5199/assets/stage-B4ZnF7Se.js:0
[ 9691472ms] [ERROR] WebSocket connection to 'ws://localhost:8031/' failed: Error during WebSocket handshake: Unexpected response code: 403 @ http://localhost:5199/assets/stage-B4ZnF7Se.js:0
[ 9695066ms] [ERROR] WebSocket connection to 'ws://localhost:8031/' failed: Error during WebSocket handshake: Unexpected response code: 403 @ http://localhost:5199/assets/stage-B4ZnF7Se.js:0
[ 9701320ms] [ERROR] WebSocket connection to 'ws://localhost:8031/' failed: Error during WebSocket handshake: Unexpected response code: 403 @ http://localhost:5199/assets/stage-B4ZnF7Se.js:0
[ 9707424ms] [ERROR] WebSocket connection to 'ws://localhost:8031/' failed: Error during WebSocket handshake: Unexpected response code: 403 @ http://localhost:5199/assets/stage-B4ZnF7Se.js:0
[ 9712895ms] [ERROR] WebSocket connection to 'ws://localhost:8031/' failed: Error during WebSocket handshake: Unexpected response code: 403 @ http://localhost:5199/assets/stage-B4ZnF7Se.js:0
[ 9719297ms] [ERROR] WebSocket connection to 'ws://localhost:8031/' failed: Error during WebSocket handshake: Unexpected response code: 403 @ http://localhost:5199/assets/stage-B4ZnF7Se.js:0
[ 9723776ms] [ERROR] WebSocket connection to 'ws://localhost:8031/' failed: Error during WebSocket handshake: Unexpected response code: 403 @ http://localhost:5199/assets/stage-B4ZnF7Se.js:0
[ 9726666ms] [ERROR] WebSocket connection to 'ws://localhost:8031/' failed: Error during WebSocket handshake: Unexpected response code: 403 @ http://localhost:5199/assets/stage-B4ZnF7Se.js:0
[ 9731779ms] [ERROR] WebSocket connection to 'ws://localhost:8031/' failed: Error during WebSocket handshake: Unexpected response code: 403 @ http://localhost:5199/assets/stage-B4ZnF7Se.js:0
[ 9735876ms] [ERROR] WebSocket connection to 'ws://localhost:8031/' failed: Error during WebSocket handshake: Unexpected response code: 403 @ http://localhost:5199/assets/stage-B4ZnF7Se.js:0
[ 9742083ms] [ERROR] WebSocket connection to 'ws://localhost:8031/' failed: Error during WebSocket handshake: Unexpected response code: 403 @ http://localhost:5199/assets/stage-B4ZnF7Se.js:0
[ 9748283ms] [ERROR] WebSocket connection to 'ws://localhost:8031/' failed: Error during WebSocket handshake: Unexpected response code: 403 @ http://localhost:5199/assets/stage-B4ZnF7Se.js:0
[ 9753371ms] [ERROR] WebSocket connection to 'ws://localhost:8031/' failed: Error during WebSocket handshake: Unexpected response code: 403 @ http://localhost:5199/assets/stage-B4ZnF7Se.js:0
[ 9757930ms] [ERROR] WebSocket connection to 'ws://localhost:8031/' failed: Error during WebSocket handshake: Unexpected response code: 403 @ http://localhost:5199/assets/stage-B4ZnF7Se.js:0
[ 9762986ms] [ERROR] WebSocket connection to 'ws://localhost:8031/' failed: Error during WebSocket handshake: Unexpected response code: 403 @ http://localhost:5199/assets/stage-B4ZnF7Se.js:0
[ 9768471ms] [ERROR] WebSocket connection to 'ws://localhost:8031/' failed: Error during WebSocket handshake: Unexpected response code: 403 @ http://localhost:5199/assets/stage-B4ZnF7Se.js:0
[ 9772688ms] [ERROR] WebSocket connection to 'ws://localhost:8031/' failed: Error during WebSocket handshake: Unexpected response code: 403 @ http://localhost:5199/assets/stage-B4ZnF7Se.js:0
[ 9778916ms] [ERROR] WebSocket connection to 'ws://localhost:8031/' failed: Error during WebSocket handshake: Unexpected response code: 403 @ http://localhost:5199/assets/stage-B4ZnF7Se.js:0
[ 9784157ms] [ERROR] WebSocket connection to 'ws://localhost:8031/' failed: Error during WebSocket handshake: Unexpected response code: 403 @ http://localhost:5199/assets/stage-B4ZnF7Se.js:0
[ 9790043ms] [ERROR] WebSocket connection to 'ws://localhost:8031/' failed: Error during WebSocket handshake: Unexpected response code: 403 @ http://localhost:5199/assets/stage-B4ZnF7Se.js:0
[ 9793420ms] [ERROR] WebSocket connection to 'ws://localhost:8031/' failed: Error during WebSocket handshake: Unexpected response code: 403 @ http://localhost:5199/assets/stage-B4ZnF7Se.js:0
[ 9799460ms] [ERROR] WebSocket connection to 'ws://localhost:8031/' failed: Error during WebSocket handshake: Unexpected response code: 403 @ http://localhost:5199/assets/stage-B4ZnF7Se.js:0
[ 9800964ms] [ERROR] WebSocket connection to 'ws://localhost:8031/' failed: Error during WebSocket handshake: Unexpected response code: 403 @ http://localhost:5199/assets/stage-B4ZnF7Se.js:0
[ 9802472ms] [ERROR] WebSocket connection to 'ws://localhost:8031/' failed: Error during WebSocket handshake: Unexpected response code: 403 @ http://localhost:5199/assets/stage-B4ZnF7Se.js:0
[ 9803978ms] [ERROR] WebSocket connection to 'ws://localhost:8031/' failed: Error during WebSocket handshake: Unexpected response code: 403 @ http://localhost:5199/assets/stage-B4ZnF7Se.js:0
[ 9805483ms] [ERROR] WebSocket connection to 'ws://localhost:8031/' failed: Error during WebSocket handshake: Unexpected response code: 403 @ http://localhost:5199/assets/stage-B4ZnF7Se.js:0
[ 9806990ms] [ERROR] WebSocket connection to 'ws://localhost:8031/' failed: Error during WebSocket handshake: Unexpected response code: 403 @ http://localhost:5199/assets/stage-B4ZnF7Se.js:0
[ 9808500ms] [ERROR] WebSocket connection to 'ws://localhost:8031/' failed: Error during WebSocket handshake: Unexpected response code: 403 @ http://localhost:5199/assets/stage-B4ZnF7Se.js:0
[ 9810012ms] [ERROR] WebSocket connection to 'ws://localhost:8031/' failed: Error during WebSocket handshake: Unexpected response code: 403 @ http://localhost:5199/assets/stage-B4ZnF7Se.js:0
[ 9811537ms] [ERROR] WebSocket connection to 'ws://localhost:8031/' failed: Error during WebSocket handshake: Unexpected response code: 403 @ http://localhost:5199/assets/stage-B4ZnF7Se.js:0
[ 9813071ms] [ERROR] WebSocket connection to 'ws://localhost:8031/' failed: Error during WebSocket handshake: Unexpected response code: 403 @ http://localhost:5199/assets/stage-B4ZnF7Se.js:0
[ 9814603ms] [ERROR] WebSocket connection to 'ws://localhost:8031/' failed: Error during WebSocket handshake: Unexpected response code: 403 @ http://localhost:5199/assets/stage-B4ZnF7Se.js:0
[ 9816264ms] [ERROR] WebSocket connection to 'ws://localhost:8031/' failed: Error during WebSocket handshake: Unexpected response code: 403 @ http://localhost:5199/assets/stage-B4ZnF7Se.js:0
[ 9817892ms] [ERROR] WebSocket connection to 'ws://localhost:8031/' failed: Error during WebSocket handshake: Unexpected response code: 403 @ http://localhost:5199/assets/stage-B4ZnF7Se.js:0
[ 9819843ms] [ERROR] WebSocket connection to 'ws://localhost:8031/' failed: Error during WebSocket handshake: Unexpected response code: 403 @ http://localhost:5199/assets/stage-B4ZnF7Se.js:0
[ 9821817ms] [ERROR] WebSocket connection to 'ws://localhost:8031/' failed: Error during WebSocket handshake: Unexpected response code: 403 @ http://localhost:5199/assets/stage-B4ZnF7Se.js:0
[ 9825704ms] [ERROR] WebSocket connection to 'ws://localhost:8031/' failed: Error during WebSocket handshake: Unexpected response code: 403 @ http://localhost:5199/assets/stage-B4ZnF7Se.js:0
[ 9831520ms] [ERROR] WebSocket connection to 'ws://localhost:8031/' failed: Error during WebSocket handshake: Unexpected response code: 403 @ http://localhost:5199/assets/stage-B4ZnF7Se.js:0
[ 9836822ms] [ERROR] WebSocket connection to 'ws://localhost:8031/' failed: Error during WebSocket handshake: Unexpected response code: 403 @ http://localhost:5199/assets/stage-B4ZnF7Se.js:0
[ 9840726ms] [ERROR] WebSocket connection to 'ws://localhost:8031/' failed: Error during WebSocket handshake: Unexpected response code: 403 @ http://localhost:5199/assets/stage-B4ZnF7Se.js:0
[ 9846657ms] [ERROR] WebSocket connection to 'ws://localhost:8031/' failed: Error during WebSocket handshake: Unexpected response code: 403 @ http://localhost:5199/assets/stage-B4ZnF7Se.js:0
[ 9852905ms] [ERROR] WebSocket connection to 'ws://localhost:8031/' failed: Error during WebSocket handshake: Unexpected response code: 403 @ http://localhost:5199/assets/stage-B4ZnF7Se.js:0
[ 9856436ms] [ERROR] WebSocket connection to 'ws://localhost:8031/' failed: Error during WebSocket handshake: Unexpected response code: 403 @ http://localhost:5199/assets/stage-B4ZnF7Se.js:0
[ 9860770ms] [ERROR] WebSocket connection to 'ws://localhost:8031/' failed: Error during WebSocket handshake: Unexpected response code: 403 @ http://localhost:5199/assets/stage-B4ZnF7Se.js:0
[ 9864171ms] [ERROR] WebSocket connection to 'ws://localhost:8031/' failed: Error during WebSocket handshake: Unexpected response code: 403 @ http://localhost:5199/assets/stage-B4ZnF7Se.js:0
[ 9869443ms] [ERROR] WebSocket connection to 'ws://localhost:8031/' failed: Error during WebSocket handshake: Unexpected response code: 403 @ http://localhost:5199/assets/stage-B4ZnF7Se.js:0
[ 9872492ms] [ERROR] WebSocket connection to 'ws://localhost:8031/' failed: Error during WebSocket handshake: Unexpected response code: 403 @ http://localhost:5199/assets/stage-B4ZnF7Se.js:0
[ 9875267ms] [ERROR] WebSocket connection to 'ws://localhost:8031/' failed: Error during WebSocket handshake: Unexpected response code: 403 @ http://localhost:5199/assets/stage-B4ZnF7Se.js:0
[ 9878293ms] [ERROR] WebSocket connection to 'ws://localhost:8031/' failed: Error during WebSocket handshake: Unexpected response code: 403 @ http://localhost:5199/assets/stage-B4ZnF7Se.js:0
[ 9882537ms] [ERROR] WebSocket connection to 'ws://localhost:8031/' failed: Error during WebSocket handshake: Unexpected response code: 403 @ http://localhost:5199/assets/stage-B4ZnF7Se.js:0
[ 9885301ms] [ERROR] WebSocket connection to 'ws://localhost:8031/' failed: Error during WebSocket handshake: Unexpected response code: 403 @ http://localhost:5199/assets/stage-B4ZnF7Se.js:0
[ 9891426ms] [ERROR] WebSocket connection to 'ws://localhost:8031/' failed: Error during WebSocket handshake: Unexpected response code: 403 @ http://localhost:5199/assets/stage-B4ZnF7Se.js:0
[ 9894708ms] [ERROR] WebSocket connection to 'ws://localhost:8031/' failed: Error during WebSocket handshake: Unexpected response code: 403 @ http://localhost:5199/assets/stage-B4ZnF7Se.js:0
[ 9899063ms] [ERROR] WebSocket connection to 'ws://localhost:8031/' failed: Error during WebSocket handshake: Unexpected response code: 403 @ http://localhost:5199/assets/stage-B4ZnF7Se.js:0
[ 9901909ms] [ERROR] WebSocket connection to 'ws://localhost:8031/' failed: Error during WebSocket handshake: Unexpected response code: 403 @ http://localhost:5199/assets/stage-B4ZnF7Se.js:0
[ 9904676ms] [ERROR] WebSocket connection to 'ws://localhost:8031/' failed: Error during WebSocket handshake: Unexpected response code: 403 @ http://localhost:5199/assets/stage-B4ZnF7Se.js:0
[ 9909156ms] [ERROR] WebSocket connection to 'ws://localhost:8031/' failed: Error during WebSocket handshake: Unexpected response code: 403 @ http://localhost:5199/assets/stage-B4ZnF7Se.js:0
[ 9914988ms] [ERROR] WebSocket connection to 'ws://localhost:8031/' failed: Error during WebSocket handshake: Unexpected response code: 403 @ http://localhost:5199/assets/stage-B4ZnF7Se.js:0
[ 9918083ms] [ERROR] WebSocket connection to 'ws://localhost:8031/' failed: Error during WebSocket handshake: Unexpected response code: 403 @ http://localhost:5199/assets/stage-B4ZnF7Se.js:0
[ 9922255ms] [ERROR] WebSocket connection to 'ws://localhost:8031/' failed: Error during WebSocket handshake: Unexpected response code: 403 @ http://localhost:5199/assets/stage-B4ZnF7Se.js:0
[ 9927286ms] [ERROR] WebSocket connection to 'ws://localhost:8031/' failed: Error during WebSocket handshake: Unexpected response code: 403 @ http://localhost:5199/assets/stage-B4ZnF7Se.js:0
[ 9929957ms] [ERROR] WebSocket connection to 'ws://localhost:8031/' failed: Error during WebSocket handshake: Unexpected response code: 403 @ http://localhost:5199/assets/stage-B4ZnF7Se.js:0
[ 9935652ms] [ERROR] WebSocket connection to 'ws://localhost:8031/' failed: Error during WebSocket handshake: Unexpected response code: 403 @ http://localhost:5199/assets/stage-B4ZnF7Se.js:0
[ 9938234ms] [ERROR] WebSocket connection to 'ws://localhost:8031/' failed: Error during WebSocket handshake: Unexpected response code: 403 @ http://localhost:5199/assets/stage-B4ZnF7Se.js:0
[ 9943696ms] [ERROR] WebSocket connection to 'ws://localhost:8031/' failed: Error during WebSocket handshake: Unexpected response code: 403 @ http://localhost:5199/assets/stage-B4ZnF7Se.js:0
[ 9947943ms] [ERROR] WebSocket connection to 'ws://localhost:8031/' failed: Error during WebSocket handshake: Unexpected response code: 403 @ http://localhost:5199/assets/stage-B4ZnF7Se.js:0
[ 9952151ms] [ERROR] WebSocket connection to 'ws://localhost:8031/' failed: Error during WebSocket handshake: Unexpected response code: 403 @ http://localhost:5199/assets/stage-B4ZnF7Se.js:0
[ 9954979ms] [ERROR] WebSocket connection to 'ws://localhost:8031/' failed: Error during WebSocket handshake: Unexpected response code: 403 @ http://localhost:5199/assets/stage-B4ZnF7Se.js:0
[ 9961063ms] [ERROR] WebSocket connection to 'ws://localhost:8031/' failed: Error during WebSocket handshake: Unexpected response code: 403 @ http://localhost:5199/assets/stage-B4ZnF7Se.js:0
[ 9966884ms] [ERROR] WebSocket connection to 'ws://localhost:8031/' failed: Error during WebSocket handshake: Unexpected response code: 403 @ http://localhost:5199/assets/stage-B4ZnF7Se.js:0
[ 9971676ms] [ERROR] WebSocket connection to 'ws://localhost:8031/' failed: Error during WebSocket handshake: Unexpected response code: 403 @ http://localhost:5199/assets/stage-B4ZnF7Se.js:0
[ 9977275ms] [ERROR] WebSocket connection to 'ws://localhost:8031/' failed: Error during WebSocket handshake: Unexpected response code: 403 @ http://localhost:5199/assets/stage-B4ZnF7Se.js:0
[ 9982362ms] [ERROR] WebSocket connection to 'ws://localhost:8031/' failed: Error during WebSocket handshake: Unexpected response code: 403 @ http://localhost:5199/assets/stage-B4ZnF7Se.js:0
[ 9986475ms] [ERROR] WebSocket connection to 'ws://localhost:8031/' failed: Error during WebSocket handshake: Unexpected response code: 403 @ http://localhost:5199/assets/stage-B4ZnF7Se.js:0
[ 9991034ms] [ERROR] WebSocket connection to 'ws://localhost:8031/' failed: Error during WebSocket handshake: Unexpected response code: 403 @ http://localhost:5199/assets/stage-B4ZnF7Se.js:0
[ 9995660ms] [ERROR] WebSocket connection to 'ws://localhost:8031/' failed: Error during WebSocket handshake: Unexpected response code: 403 @ http://localhost:5199/assets/stage-B4ZnF7Se.js:0
[10001822ms] [ERROR] WebSocket connection to 'ws://localhost:8031/' failed: Error during WebSocket handshake: Unexpected response code: 403 @ http://localhost:5199/assets/stage-B4ZnF7Se.js:0
[10006981ms] [ERROR] WebSocket connection to 'ws://localhost:8031/' failed: Error during WebSocket handshake: Unexpected response code: 403 @ http://localhost:5199/assets/stage-B4ZnF7Se.js:0
[10009787ms] [ERROR] WebSocket connection to 'ws://localhost:8031/' failed: Error during WebSocket handshake: Unexpected response code: 403 @ http://localhost:5199/assets/stage-B4ZnF7Se.js:0
[10013055ms] [ERROR] WebSocket connection to 'ws://localhost:8031/' failed: Error during WebSocket handshake: Unexpected response code: 403 @ http://localhost:5199/assets/stage-B4ZnF7Se.js:0
[10017530ms] [ERROR] WebSocket connection to 'ws://localhost:8031/' failed: Error during WebSocket handshake: Unexpected response code: 403 @ http://localhost:5199/assets/stage-B4ZnF7Se.js:0
[10020412ms] [ERROR] WebSocket connection to 'ws://localhost:8031/' failed: Error during WebSocket handshake: Unexpected response code: 403 @ http://localhost:5199/assets/stage-B4ZnF7Se.js:0
[10023062ms] [ERROR] WebSocket connection to 'ws://localhost:8031/' failed: Error during WebSocket handshake: Unexpected response code: 403 @ http://localhost:5199/assets/stage-B4ZnF7Se.js:0
[10026467ms] [ERROR] WebSocket connection to 'ws://localhost:8031/' failed: Error during WebSocket handshake: Unexpected response code: 403 @ http://localhost:5199/assets/stage-B4ZnF7Se.js:0
[10032845ms] [ERROR] WebSocket connection to 'ws://localhost:8031/' failed: Error during WebSocket handshake: Unexpected response code: 403 @ http://localhost:5199/assets/stage-B4ZnF7Se.js:0
[10036605ms] [ERROR] WebSocket connection to 'ws://localhost:8031/' failed: Error during WebSocket handshake: Unexpected response code: 403 @ http://localhost:5199/assets/stage-B4ZnF7Se.js:0
[10039996ms] [ERROR] WebSocket connection to 'ws://localhost:8031/' failed: Error during WebSocket handshake: Unexpected response code: 403 @ http://localhost:5199/assets/stage-B4ZnF7Se.js:0
[10041504ms] [ERROR] WebSocket connection to 'ws://localhost:8031/' failed: Error during WebSocket handshake: Unexpected response code: 403 @ http://localhost:5199/assets/stage-B4ZnF7Se.js:0
[10043012ms] [ERROR] WebSocket connection to 'ws://localhost:8031/' failed: Error during WebSocket handshake: Unexpected response code: 403 @ http://localhost:5199/assets/stage-B4ZnF7Se.js:0
[10044518ms] [ERROR] WebSocket connection to 'ws://localhost:8031/' failed: Error during WebSocket handshake: Unexpected response code: 403 @ http://localhost:5199/assets/stage-B4ZnF7Se.js:0
[10046025ms] [ERROR] WebSocket connection to 'ws://localhost:8031/' failed: Error during WebSocket handshake: Unexpected response code: 403 @ http://localhost:5199/assets/stage-B4ZnF7Se.js:0
[10047528ms] [ERROR] WebSocket connection to 'ws://localhost:8031/' failed: Error during WebSocket handshake: Unexpected response code: 403 @ http://localhost:5199/assets/stage-B4ZnF7Se.js:0
[10049037ms] [ERROR] WebSocket connection to 'ws://localhost:8031/' failed: Error during WebSocket handshake: Unexpected response code: 403 @ http://localhost:5199/assets/stage-B4ZnF7Se.js:0
[10050548ms] [ERROR] WebSocket connection to 'ws://localhost:8031/' failed: Error during WebSocket handshake: Unexpected response code: 403 @ http://localhost:5199/assets/stage-B4ZnF7Se.js:0
[10052071ms] [ERROR] WebSocket connection to 'ws://localhost:8031/' failed: Error during WebSocket handshake: Unexpected response code: 403 @ http://localhost:5199/assets/stage-B4ZnF7Se.js:0
[10053587ms] [ERROR] WebSocket connection to 'ws://localhost:8031/' failed: Error during WebSocket handshake: Unexpected response code: 403 @ http://localhost:5199/assets/stage-B4ZnF7Se.js:0
[10055156ms] [ERROR] WebSocket connection to 'ws://localhost:8031/' failed: Error during WebSocket handshake: Unexpected response code: 403 @ http://localhost:5199/assets/stage-B4ZnF7Se.js:0
[10056776ms] [ERROR] WebSocket connection to 'ws://localhost:8031/' failed: Error during WebSocket handshake: Unexpected response code: 403 @ http://localhost:5199/assets/stage-B4ZnF7Se.js:0
[10058559ms] [ERROR] WebSocket connection to 'ws://localhost:8031/' failed: Error during WebSocket handshake: Unexpected response code: 403 @ http://localhost:5199/assets/stage-B4ZnF7Se.js:0
[10060484ms] [ERROR] WebSocket connection to 'ws://localhost:8031/' failed: Error during WebSocket handshake: Unexpected response code: 403 @ http://localhost:5199/assets/stage-B4ZnF7Se.js:0
[10063150ms] [ERROR] WebSocket connection to 'ws://localhost:8031/' failed: Error during WebSocket handshake: Unexpected response code: 403 @ http://localhost:5199/assets/stage-B4ZnF7Se.js:0
[10066751ms] [ERROR] WebSocket connection to 'ws://localhost:8031/' failed: Error during WebSocket handshake: Unexpected response code: 403 @ http://localhost:5199/assets/stage-B4ZnF7Se.js:0
[10070965ms] [ERROR] WebSocket connection to 'ws://localhost:8031/' failed: Error during WebSocket handshake: Unexpected response code: 403 @ http://localhost:5199/assets/stage-B4ZnF7Se.js:0
[10074968ms] [ERROR] WebSocket connection to 'ws://localhost:8031/' failed: Error during WebSocket handshake: Unexpected response code: 403 @ http://localhost:5199/assets/stage-B4ZnF7Se.js:0
[10079481ms] [ERROR] WebSocket connection to 'ws://localhost:8031/' failed: Error during WebSocket handshake: Unexpected response code: 403 @ http://localhost:5199/assets/stage-B4ZnF7Se.js:0
[10084525ms] [ERROR] WebSocket connection to 'ws://localhost:8031/' failed: Error during WebSocket handshake: Unexpected response code: 403 @ http://localhost:5199/assets/stage-B4ZnF7Se.js:0
[10089457ms] [ERROR] WebSocket connection to 'ws://localhost:8031/' failed: Error during WebSocket handshake: Unexpected response code: 403 @ http://localhost:5199/assets/stage-B4ZnF7Se.js:0
[10095670ms] [ERROR] WebSocket connection to 'ws://localhost:8031/' failed: Error during WebSocket handshake: Unexpected response code: 403 @ http://localhost:5199/assets/stage-B4ZnF7Se.js:0
[10099355ms] [ERROR] WebSocket connection to 'ws://localhost:8031/' failed: Error during WebSocket handshake: Unexpected response code: 403 @ http://localhost:5199/assets/stage-B4ZnF7Se.js:0
[10103580ms] [ERROR] WebSocket connection to 'ws://localhost:8031/' failed: Error during WebSocket handshake: Unexpected response code: 403 @ http://localhost:5199/assets/stage-B4ZnF7Se.js:0
[10108547ms] [ERROR] WebSocket connection to 'ws://localhost:8031/' failed: Error during WebSocket handshake: Unexpected response code: 403 @ http://localhost:5199/assets/stage-B4ZnF7Se.js:0
[10114630ms] [ERROR] WebSocket connection to 'ws://localhost:8031/' failed: Error during WebSocket handshake: Unexpected response code: 403 @ http://localhost:5199/assets/stage-B4ZnF7Se.js:0
[10120913ms] [ERROR] WebSocket connection to 'ws://localhost:8031/' failed: Error during WebSocket handshake: Unexpected response code: 403 @ http://localhost:5199/assets/stage-B4ZnF7Se.js:0
[10125244ms] [ERROR] WebSocket connection to 'ws://localhost:8031/' failed: Error during WebSocket handshake: Unexpected response code: 403 @ http://localhost:5199/assets/stage-B4ZnF7Se.js:0
[10129009ms] [ERROR] WebSocket connection to 'ws://localhost:8031/' failed: Error during WebSocket handshake: Unexpected response code: 403 @ http://localhost:5199/assets/stage-B4ZnF7Se.js:0
[10132076ms] [ERROR] WebSocket connection to 'ws://localhost:8031/' failed: Error during WebSocket handshake: Unexpected response code: 403 @ http://localhost:5199/assets/stage-B4ZnF7Se.js:0
[10137936ms] [ERROR] WebSocket connection to 'ws://localhost:8031/' failed: Error during WebSocket handshake: Unexpected response code: 403 @ http://localhost:5199/assets/stage-B4ZnF7Se.js:0
[10142164ms] [ERROR] WebSocket connection to 'ws://localhost:8031/' failed: Error during WebSocket handshake: Unexpected response code: 403 @ http://localhost:5199/assets/stage-B4ZnF7Se.js:0
[10146039ms] [ERROR] WebSocket connection to 'ws://localhost:8031/' failed: Error during WebSocket handshake: Unexpected response code: 403 @ http://localhost:5199/assets/stage-B4ZnF7Se.js:0
[10148917ms] [ERROR] WebSocket connection to 'ws://localhost:8031/' failed: Error during WebSocket handshake: Unexpected response code: 403 @ http://localhost:5199/assets/stage-B4ZnF7Se.js:0
[10153634ms] [ERROR] WebSocket connection to 'ws://localhost:8031/' failed: Error during WebSocket handshake: Unexpected response code: 403 @ http://localhost:5199/assets/stage-B4ZnF7Se.js:0
[10159700ms] [ERROR] WebSocket connection to 'ws://localhost:8031/' failed: Error during WebSocket handshake: Unexpected response code: 403 @ http://localhost:5199/assets/stage-B4ZnF7Se.js:0
[10163289ms] [ERROR] WebSocket connection to 'ws://localhost:8031/' failed: Error during WebSocket handshake: Unexpected response code: 403 @ http://localhost:5199/assets/stage-B4ZnF7Se.js:0
[10166611ms] [ERROR] WebSocket connection to 'ws://localhost:8031/' failed: Error during WebSocket handshake: Unexpected response code: 403 @ http://localhost:5199/assets/stage-B4ZnF7Se.js:0
[10170148ms] [ERROR] WebSocket connection to 'ws://localhost:8031/' failed: Error during WebSocket handshake: Unexpected response code: 403 @ http://localhost:5199/assets/stage-B4ZnF7Se.js:0
[10173193ms] [ERROR] WebSocket connection to 'ws://localhost:8031/' failed: Error during WebSocket handshake: Unexpected response code: 403 @ http://localhost:5199/assets/stage-B4ZnF7Se.js:0
[10177571ms] [ERROR] WebSocket connection to 'ws://localhost:8031/' failed: Error during WebSocket handshake: Unexpected response code: 403 @ http://localhost:5199/assets/stage-B4ZnF7Se.js:0
[10181498ms] [ERROR] WebSocket connection to 'ws://localhost:8031/' failed: Error during WebSocket handshake: Unexpected response code: 403 @ http://localhost:5199/assets/stage-B4ZnF7Se.js:0
[10184695ms] [ERROR] WebSocket connection to 'ws://localhost:8031/' failed: Error during WebSocket handshake: Unexpected response code: 403 @ http://localhost:5199/assets/stage-B4ZnF7Se.js:0
[10187404ms] [ERROR] WebSocket connection to 'ws://localhost:8031/' failed: Error during WebSocket handshake: Unexpected response code: 403 @ http://localhost:5199/assets/stage-B4ZnF7Se.js:0
[10190075ms] [ERROR] WebSocket connection to 'ws://localhost:8031/' failed: Error during WebSocket handshake: Unexpected response code: 403 @ http://localhost:5199/assets/stage-B4ZnF7Se.js:0
[10193908ms] [ERROR] WebSocket connection to 'ws://localhost:8031/' failed: Error during WebSocket handshake: Unexpected response code: 403 @ http://localhost:5199/assets/stage-B4ZnF7Se.js:0
[10196856ms] [ERROR] WebSocket connection to 'ws://localhost:8031/' failed: Error during WebSocket handshake: Unexpected response code: 403 @ http://localhost:5199/assets/stage-B4ZnF7Se.js:0
[10200646ms] [ERROR] WebSocket connection to 'ws://localhost:8031/' failed: Error during WebSocket handshake: Unexpected response code: 403 @ http://localhost:5199/assets/stage-B4ZnF7Se.js:0
[10205445ms] [ERROR] WebSocket connection to 'ws://localhost:8031/' failed: Error during WebSocket handshake: Unexpected response code: 403 @ http://localhost:5199/assets/stage-B4ZnF7Se.js:0
[10211405ms] [ERROR] WebSocket connection to 'ws://localhost:8031/' failed: Error during WebSocket handshake: Unexpected response code: 403 @ http://localhost:5199/assets/stage-B4ZnF7Se.js:0
[10216017ms] [ERROR] WebSocket connection to 'ws://localhost:8031/' failed: Error during WebSocket handshake: Unexpected response code: 403 @ http://localhost:5199/assets/stage-B4ZnF7Se.js:0
[10219879ms] [ERROR] WebSocket connection to 'ws://localhost:8031/' failed: Error during WebSocket handshake: Unexpected response code: 403 @ http://localhost:5199/assets/stage-B4ZnF7Se.js:0
[10223898ms] [ERROR] WebSocket connection to 'ws://localhost:8031/' failed: Error during WebSocket handshake: Unexpected response code: 403 @ http://localhost:5199/assets/stage-B4ZnF7Se.js:0
[10229474ms] [ERROR] WebSocket connection to 'ws://localhost:8031/' failed: Error during WebSocket handshake: Unexpected response code: 403 @ http://localhost:5199/assets/stage-B4ZnF7Se.js:0
[10233978ms] [ERROR] WebSocket connection to 'ws://localhost:8031/' failed: Error during WebSocket handshake: Unexpected response code: 403 @ http://localhost:5199/assets/stage-B4ZnF7Se.js:0
[10238439ms] [ERROR] WebSocket connection to 'ws://localhost:8031/' failed: Error during WebSocket handshake: Unexpected response code: 403 @ http://localhost:5199/assets/stage-B4ZnF7Se.js:0
[10244181ms] [ERROR] WebSocket connection to 'ws://localhost:8031/' failed: Error during WebSocket handshake: Unexpected response code: 403 @ http://localhost:5199/assets/stage-B4ZnF7Se.js:0
[10249381ms] [ERROR] WebSocket connection to 'ws://localhost:8031/' failed: Error during WebSocket handshake: Unexpected response code: 403 @ http://localhost:5199/assets/stage-B4ZnF7Se.js:0
[10255847ms] [ERROR] WebSocket connection to 'ws://localhost:8031/' failed: Error during WebSocket handshake: Unexpected response code: 403 @ http://localhost:5199/assets/stage-B4ZnF7Se.js:0
[10259067ms] [ERROR] WebSocket connection to 'ws://localhost:8031/' failed: Error during WebSocket handshake: Unexpected response code: 403 @ http://localhost:5199/assets/stage-B4ZnF7Se.js:0
[10264025ms] [ERROR] WebSocket connection to 'ws://localhost:8031/' failed: Error during WebSocket handshake: Unexpected response code: 403 @ http://localhost:5199/assets/stage-B4ZnF7Se.js:0
[10269001ms] [ERROR] WebSocket connection to 'ws://localhost:8031/' failed: Error during WebSocket handshake: Unexpected response code: 403 @ http://localhost:5199/assets/stage-B4ZnF7Se.js:0
[10272198ms] [ERROR] WebSocket connection to 'ws://localhost:8031/' failed: Error during WebSocket handshake: Unexpected response code: 403 @ http://localhost:5199/assets/stage-B4ZnF7Se.js:0
[10276729ms] [ERROR] WebSocket connection to 'ws://localhost:8031/' failed: Error during WebSocket handshake: Unexpected response code: 403 @ http://localhost:5199/assets/stage-B4ZnF7Se.js:0
[10281630ms] [ERROR] WebSocket connection to 'ws://localhost:8031/' failed: Error during WebSocket handshake: Unexpected response code: 403 @ http://localhost:5199/assets/stage-B4ZnF7Se.js:0
[10285542ms] [ERROR] WebSocket connection to 'ws://localhost:8031/' failed: Error during WebSocket handshake: Unexpected response code: 403 @ http://localhost:5199/assets/stage-B4ZnF7Se.js:0
[10290104ms] [ERROR] WebSocket connection to 'ws://localhost:8031/' failed: Error during WebSocket handshake: Unexpected response code: 403 @ http://localhost:5199/assets/stage-B4ZnF7Se.js:0
[10296340ms] [ERROR] WebSocket connection to 'ws://localhost:8031/' failed: Error during WebSocket handshake: Unexpected response code: 403 @ http://localhost:5199/assets/stage-B4ZnF7Se.js:0
[10300357ms] [ERROR] WebSocket connection to 'ws://localhost:8031/' failed: Error during WebSocket handshake: Unexpected response code: 403 @ http://localhost:5199/assets/stage-B4ZnF7Se.js:0
[10303832ms] [ERROR] WebSocket connection to 'ws://localhost:8031/' failed: Error during WebSocket handshake: Unexpected response code: 403 @ http://localhost:5199/assets/stage-B4ZnF7Se.js:0
[10307598ms] [ERROR] WebSocket connection to 'ws://localhost:8031/' failed: Error during WebSocket handshake: Unexpected response code: 403 @ http://localhost:5199/assets/stage-B4ZnF7Se.js:0
[10310854ms] [ERROR] WebSocket connection to 'ws://localhost:8031/' failed: Error during WebSocket handshake: Unexpected response code: 403 @ http://localhost:5199/assets/stage-B4ZnF7Se.js:0
[10314535ms] [ERROR] WebSocket connection to 'ws://localhost:8031/' failed: Error during WebSocket handshake: Unexpected response code: 403 @ http://localhost:5199/assets/stage-B4ZnF7Se.js:0
[10318401ms] [ERROR] WebSocket connection to 'ws://localhost:8031/' failed: Error during WebSocket handshake: Unexpected response code: 403 @ http://localhost:5199/assets/stage-B4ZnF7Se.js:0
[10324513ms] [ERROR] WebSocket connection to 'ws://localhost:8031/' failed: Error during WebSocket handshake: Unexpected response code: 403 @ http://localhost:5199/assets/stage-B4ZnF7Se.js:0
[10327281ms] [ERROR] WebSocket connection to 'ws://localhost:8031/' failed: Error during WebSocket handshake: Unexpected response code: 403 @ http://localhost:5199/assets/stage-B4ZnF7Se.js:0
[10331828ms] [ERROR] WebSocket connection to 'ws://localhost:8031/' failed: Error during WebSocket handshake: Unexpected response code: 403 @ http://localhost:5199/assets/stage-B4ZnF7Se.js:0
[10334953ms] [ERROR] WebSocket connection to 'ws://localhost:8031/' failed: Error during WebSocket handshake: Unexpected response code: 403 @ http://localhost:5199/assets/stage-B4ZnF7Se.js:0
[10339190ms] [ERROR] WebSocket connection to 'ws://localhost:8031/' failed: Error during WebSocket handshake: Unexpected response code: 403 @ http://localhost:5199/assets/stage-B4ZnF7Se.js:0
[10345261ms] [ERROR] WebSocket connection to 'ws://localhost:8031/' failed: Error during WebSocket handshake: Unexpected response code: 403 @ http://localhost:5199/assets/stage-B4ZnF7Se.js:0
[10350578ms] [ERROR] WebSocket connection to 'ws://localhost:8031/' failed: Error during WebSocket handshake: Unexpected response code: 403 @ http://localhost:5199/assets/stage-B4ZnF7Se.js:0
[10353214ms] [ERROR] WebSocket connection to 'ws://localhost:8031/' failed: Error during WebSocket handshake: Unexpected response code: 403 @ http://localhost:5199/assets/stage-B4ZnF7Se.js:0
[10357254ms] [ERROR] WebSocket connection to 'ws://localhost:8031/' failed: Error during WebSocket handshake: Unexpected response code: 403 @ http://localhost:5199/assets/stage-B4ZnF7Se.js:0
[10362551ms] [ERROR] WebSocket connection to 'ws://localhost:8031/' failed: Error during WebSocket handshake: Unexpected response code: 403 @ http://localhost:5199/assets/stage-B4ZnF7Se.js:0
[10367643ms] [ERROR] WebSocket connection to 'ws://localhost:8031/' failed: Error during WebSocket handshake: Unexpected response code: 403 @ http://localhost:5199/assets/stage-B4ZnF7Se.js:0
[10372974ms] [ERROR] WebSocket connection to 'ws://localhost:8031/' failed: Error during WebSocket handshake: Unexpected response code: 403 @ http://localhost:5199/assets/stage-B4ZnF7Se.js:0
[10376029ms] [ERROR] WebSocket connection to 'ws://localhost:8031/' failed: Error during WebSocket handshake: Unexpected response code: 403 @ http://localhost:5199/assets/stage-B4ZnF7Se.js:0
[10378707ms] [ERROR] WebSocket connection to 'ws://localhost:8031/' failed: Error during WebSocket handshake: Unexpected response code: 403 @ http://localhost:5199/assets/stage-B4ZnF7Se.js:0
[10382908ms] [ERROR] WebSocket connection to 'ws://localhost:8031/' failed: Error during WebSocket handshake: Unexpected response code: 403 @ http://localhost:5199/assets/stage-B4ZnF7Se.js:0
[10385501ms] [ERROR] WebSocket connection to 'ws://localhost:8031/' failed: Error during WebSocket handshake: Unexpected response code: 403 @ http://localhost:5199/assets/stage-B4ZnF7Se.js:0
[10388309ms] [ERROR] WebSocket connection to 'ws://localhost:8031/' failed: Error during WebSocket handshake: Unexpected response code: 403 @ http://localhost:5199/assets/stage-B4ZnF7Se.js:0
[10394294ms] [ERROR] WebSocket connection to 'ws://localhost:8031/' failed: Error during WebSocket handshake: Unexpected response code: 403 @ http://localhost:5199/assets/stage-B4ZnF7Se.js:0
[10397375ms] [ERROR] WebSocket connection to 'ws://localhost:8031/' failed: Error during WebSocket handshake: Unexpected response code: 403 @ http://localhost:5199/assets/stage-B4ZnF7Se.js:0
[10403203ms] [ERROR] WebSocket connection to 'ws://localhost:8031/' failed: Error during WebSocket handshake: Unexpected response code: 403 @ http://localhost:5199/assets/stage-B4ZnF7Se.js:0
[10409167ms] [ERROR] WebSocket connection to 'ws://localhost:8031/' failed: Error during WebSocket handshake: Unexpected response code: 403 @ http://localhost:5199/assets/stage-B4ZnF7Se.js:0
[10414149ms] [ERROR] WebSocket connection to 'ws://localhost:8031/' failed: Error during WebSocket handshake: Unexpected response code: 403 @ http://localhost:5199/assets/stage-B4ZnF7Se.js:0
[10419450ms] [ERROR] WebSocket connection to 'ws://localhost:8031/' failed: Error during WebSocket handshake: Unexpected response code: 403 @ http://localhost:5199/assets/stage-B4ZnF7Se.js:0
[10423251ms] [ERROR] WebSocket connection to 'ws://localhost:8031/' failed: Error during WebSocket handshake: Unexpected response code: 403 @ http://localhost:5199/assets/stage-B4ZnF7Se.js:0
[10429468ms] [ERROR] WebSocket connection to 'ws://localhost:8031/' failed: Error during WebSocket handshake: Unexpected response code: 403 @ http://localhost:5199/assets/stage-B4ZnF7Se.js:0
[10433663ms] [ERROR] WebSocket connection to 'ws://localhost:8031/' failed: Error during WebSocket handshake: Unexpected response code: 403 @ http://localhost:5199/assets/stage-B4ZnF7Se.js:0
[10439051ms] [ERROR] WebSocket connection to 'ws://localhost:8031/' failed: Error during WebSocket handshake: Unexpected response code: 403 @ http://localhost:5199/assets/stage-B4ZnF7Se.js:0
[10444254ms] [ERROR] WebSocket connection to 'ws://localhost:8031/' failed: Error during WebSocket handshake: Unexpected response code: 403 @ http://localhost:5199/assets/stage-B4ZnF7Se.js:0
[10449921ms] [ERROR] WebSocket connection to 'ws://localhost:8031/' failed: Error during WebSocket handshake: Unexpected response code: 403 @ http://localhost:5199/assets/stage-B4ZnF7Se.js:0
[10453676ms] [ERROR] WebSocket connection to 'ws://localhost:8031/' failed: Error during WebSocket handshake: Unexpected response code: 403 @ http://localhost:5199/assets/stage-B4ZnF7Se.js:0
[10456910ms] [ERROR] WebSocket connection to 'ws://localhost:8031/' failed: Error during WebSocket handshake: Unexpected response code: 403 @ http://localhost:5199/assets/stage-B4ZnF7Se.js:0
[10463236ms] [ERROR] WebSocket connection to 'ws://localhost:8031/' failed: Error during WebSocket handshake: Unexpected response code: 403 @ http://localhost:5199/assets/stage-B4ZnF7Se.js:0
[10469027ms] [ERROR] WebSocket connection to 'ws://localhost:8031/' failed: Error during WebSocket handshake: Unexpected response code: 403 @ http://localhost:5199/assets/stage-B4ZnF7Se.js:0
[10471668ms] [ERROR] WebSocket connection to 'ws://localhost:8031/' failed: Error during WebSocket handshake: Unexpected response code: 403 @ http://localhost:5199/assets/stage-B4ZnF7Se.js:0
[10476647ms] [ERROR] WebSocket connection to 'ws://localhost:8031/' failed: Error during WebSocket handshake: Unexpected response code: 403 @ http://localhost:5199/assets/stage-B4ZnF7Se.js:0
[10482155ms] [ERROR] WebSocket connection to 'ws://localhost:8031/' failed: Error during WebSocket handshake: Unexpected response code: 403 @ http://localhost:5199/assets/stage-B4ZnF7Se.js:0
[10488431ms] [ERROR] WebSocket connection to 'ws://localhost:8031/' failed: Error during WebSocket handshake: Unexpected response code: 403 @ http://localhost:5199/assets/stage-B4ZnF7Se.js:0
[10494772ms] [ERROR] WebSocket connection to 'ws://localhost:8031/' failed: Error during WebSocket handshake: Unexpected response code: 403 @ http://localhost:5199/assets/stage-B4ZnF7Se.js:0
[10499180ms] [ERROR] WebSocket connection to 'ws://localhost:8031/' failed: Error during WebSocket handshake: Unexpected response code: 403 @ http://localhost:5199/assets/stage-B4ZnF7Se.js:0
[10503300ms] [ERROR] WebSocket connection to 'ws://localhost:8031/' failed: Error during WebSocket handshake: Unexpected response code: 403 @ http://localhost:5199/assets/stage-B4ZnF7Se.js:0
[10507315ms] [ERROR] WebSocket connection to 'ws://localhost:8031/' failed: Error during WebSocket handshake: Unexpected response code: 403 @ http://localhost:5199/assets/stage-B4ZnF7Se.js:0
[10510207ms] [ERROR] WebSocket connection to 'ws://localhost:8031/' failed: Error during WebSocket handshake: Unexpected response code: 403 @ http://localhost:5199/assets/stage-B4ZnF7Se.js:0
[10516224ms] [ERROR] WebSocket connection to 'ws://localhost:8031/' failed: Error during WebSocket handshake: Unexpected response code: 403 @ http://localhost:5199/assets/stage-B4ZnF7Se.js:0
[10520516ms] [ERROR] WebSocket connection to 'ws://localhost:8031/' failed: Error during WebSocket handshake: Unexpected response code: 403 @ http://localhost:5199/assets/stage-B4ZnF7Se.js:0
[10522019ms] [ERROR] WebSocket connection to 'ws://localhost:8031/' failed: Error during WebSocket handshake: Unexpected response code: 403 @ http://localhost:5199/assets/stage-B4ZnF7Se.js:0
[10523525ms] [ERROR] WebSocket connection to 'ws://localhost:8031/' failed: Error during WebSocket handshake: Unexpected response code: 403 @ http://localhost:5199/assets/stage-B4ZnF7Se.js:0
[10525029ms] [ERROR] WebSocket connection to 'ws://localhost:8031/' failed: Error during WebSocket handshake: Unexpected response code: 403 @ http://localhost:5199/assets/stage-B4ZnF7Se.js:0
[10526531ms] [ERROR] WebSocket connection to 'ws://localhost:8031/' failed: Error during WebSocket handshake: Unexpected response code: 403 @ http://localhost:5199/assets/stage-B4ZnF7Se.js:0
[10528036ms] [ERROR] WebSocket connection to 'ws://localhost:8031/' failed: Error during WebSocket handshake: Unexpected response code: 403 @ http://localhost:5199/assets/stage-B4ZnF7Se.js:0
[10529541ms] [ERROR] WebSocket connection to 'ws://localhost:8031/' failed: Error during WebSocket handshake: Unexpected response code: 403 @ http://localhost:5199/assets/stage-B4ZnF7Se.js:0
[10531049ms] [ERROR] WebSocket connection to 'ws://localhost:8031/' failed: Error during WebSocket handshake: Unexpected response code: 403 @ http://localhost:5199/assets/stage-B4ZnF7Se.js:0
[10532560ms] [ERROR] WebSocket connection to 'ws://localhost:8031/' failed: Error during WebSocket handshake: Unexpected response code: 403 @ http://localhost:5199/assets/stage-B4ZnF7Se.js:0
[10534106ms] [ERROR] WebSocket connection to 'ws://localhost:8031/' failed: Error during WebSocket handshake: Unexpected response code: 403 @ http://localhost:5199/assets/stage-B4ZnF7Se.js:0
[10535812ms] [ERROR] WebSocket connection to 'ws://localhost:8031/' failed: Error during WebSocket handshake: Unexpected response code: 403 @ http://localhost:5199/assets/stage-B4ZnF7Se.js:0
[10537394ms] [ERROR] WebSocket connection to 'ws://localhost:8031/' failed: Error during WebSocket handshake: Unexpected response code: 403 @ http://localhost:5199/assets/stage-B4ZnF7Se.js:0
[10539215ms] [ERROR] WebSocket connection to 'ws://localhost:8031/' failed: Error in connection establishment: net::ERR_CONNECTION_REFUSED @ http://localhost:5199/assets/stage-B4ZnF7Se.js:0
[10541090ms] [ERROR] WebSocket connection to 'ws://localhost:8031/' failed: Error in connection establishment: net::ERR_CONNECTION_REFUSED @ http://localhost:5199/assets/stage-B4ZnF7Se.js:0
[10543190ms] [ERROR] WebSocket connection to 'ws://localhost:8031/' failed: Error in connection establishment: net::ERR_CONNECTION_REFUSED @ http://localhost:5199/assets/stage-B4ZnF7Se.js:0
[10546231ms] [ERROR] WebSocket connection to 'ws://localhost:8031/' failed: Error in connection establishment: net::ERR_CONNECTION_REFUSED @ http://localhost:5199/assets/stage-B4ZnF7Se.js:0
[10551785ms] [ERROR] WebSocket connection to 'ws://localhost:8031/' failed: Error in connection establishment: net::ERR_CONNECTION_REFUSED @ http://localhost:5199/assets/stage-B4ZnF7Se.js:0
[10557472ms] [ERROR] WebSocket connection to 'ws://localhost:8031/' failed: Error in connection establishment: net::ERR_CONNECTION_REFUSED @ http://localhost:5199/assets/stage-B4ZnF7Se.js:0
[10563921ms] [ERROR] WebSocket connection to 'ws://localhost:8031/' failed: Error in connection establishment: net::ERR_CONNECTION_REFUSED @ http://localhost:5199/assets/stage-B4ZnF7Se.js:0
[10567014ms] [ERROR] WebSocket connection to 'ws://localhost:8031/' failed: Error in connection establishment: net::ERR_CONNECTION_REFUSED @ http://localhost:5199/assets/stage-B4ZnF7Se.js:0
[10572815ms] [ERROR] WebSocket connection to 'ws://localhost:8031/' failed: Error in connection establishment: net::ERR_CONNECTION_REFUSED @ http://localhost:5199/assets/stage-B4ZnF7Se.js:0
[10578941ms] [ERROR] WebSocket connection to 'ws://localhost:8031/' failed: Error in connection establishment: net::ERR_CONNECTION_REFUSED @ http://localhost:5199/assets/stage-B4ZnF7Se.js:0
[10583106ms] [ERROR] WebSocket connection to 'ws://localhost:8031/' failed: Error in connection establishment: net::ERR_CONNECTION_REFUSED @ http://localhost:5199/assets/stage-B4ZnF7Se.js:0
[10585773ms] [ERROR] WebSocket connection to 'ws://localhost:8031/' failed: Error in connection establishment: net::ERR_CONNECTION_REFUSED @ http://localhost:5199/assets/stage-B4ZnF7Se.js:0
[10588827ms] [ERROR] WebSocket connection to 'ws://localhost:8031/' failed: Error in connection establishment: net::ERR_CONNECTION_REFUSED @ http://localhost:5199/assets/stage-B4ZnF7Se.js:0
[10593598ms] [ERROR] WebSocket connection to 'ws://localhost:8031/' failed: Error in connection establishment: net::ERR_CONNECTION_REFUSED @ http://localhost:5199/assets/stage-B4ZnF7Se.js:0
[10599554ms] [ERROR] WebSocket connection to 'ws://localhost:8031/' failed: Error in connection establishment: net::ERR_CONNECTION_REFUSED @ http://localhost:5199/assets/stage-B4ZnF7Se.js:0
[10605829ms] [ERROR] WebSocket connection to 'ws://localhost:8031/' failed: Error in connection establishment: net::ERR_CONNECTION_REFUSED @ http://localhost:5199/assets/stage-B4ZnF7Se.js:0
[10609594ms] [ERROR] WebSocket connection to 'ws://localhost:8031/' failed: Error in connection establishment: net::ERR_CONNECTION_REFUSED @ http://localhost:5199/assets/stage-B4ZnF7Se.js:0
[10612831ms] [ERROR] WebSocket connection to 'ws://localhost:8031/' failed: Error in connection establishment: net::ERR_CONNECTION_REFUSED @ http://localhost:5199/assets/stage-B4ZnF7Se.js:0
[10617585ms] [ERROR] WebSocket connection to 'ws://localhost:8031/' failed: Error in connection establishment: net::ERR_CONNECTION_REFUSED @ http://localhost:5199/assets/stage-B4ZnF7Se.js:0
[10623281ms] [ERROR] WebSocket connection to 'ws://localhost:8031/' failed: Error in connection establishment: net::ERR_CONNECTION_REFUSED @ http://localhost:5199/assets/stage-B4ZnF7Se.js:0
[10626777ms] [ERROR] WebSocket connection to 'ws://localhost:8031/' failed: Error in connection establishment: net::ERR_CONNECTION_REFUSED @ http://localhost:5199/assets/stage-B4ZnF7Se.js:0
[10631373ms] [ERROR] WebSocket connection to 'ws://localhost:8031/' failed: Error in connection establishment: net::ERR_CONNECTION_REFUSED @ http://localhost:5199/assets/stage-B4ZnF7Se.js:0
[10635177ms] [ERROR] WebSocket connection to 'ws://localhost:8031/' failed: Error in connection establishment: net::ERR_CONNECTION_REFUSED @ http://localhost:5199/assets/stage-B4ZnF7Se.js:0
[10638215ms] [ERROR] WebSocket connection to 'ws://localhost:8031/' failed: Error in connection establishment: net::ERR_CONNECTION_REFUSED @ http://localhost:5199/assets/stage-B4ZnF7Se.js:0
[10642768ms] [ERROR] WebSocket connection to 'ws://localhost:8031/' failed: Error in connection establishment: net::ERR_CONNECTION_REFUSED @ http://localhost:5199/assets/stage-B4ZnF7Se.js:0
[10645540ms] [ERROR] WebSocket connection to 'ws://localhost:8031/' failed: Error in connection establishment: net::ERR_CONNECTION_REFUSED @ http://localhost:5199/assets/stage-B4ZnF7Se.js:0
[10649302ms] [ERROR] WebSocket connection to 'ws://localhost:8031/' failed: Error in connection establishment: net::ERR_CONNECTION_REFUSED @ http://localhost:5199/assets/stage-B4ZnF7Se.js:0
[10655310ms] [ERROR] WebSocket connection to 'ws://localhost:8031/' failed: Error in connection establishment: net::ERR_CONNECTION_REFUSED @ http://localhost:5199/assets/stage-B4ZnF7Se.js:0
[10661356ms] [ERROR] WebSocket connection to 'ws://localhost:8031/' failed: Error in connection establishment: net::ERR_CONNECTION_REFUSED @ http://localhost:5199/assets/stage-B4ZnF7Se.js:0
[10667856ms] [ERROR] WebSocket connection to 'ws://localhost:8031/' failed: Error in connection establishment: net::ERR_CONNECTION_REFUSED @ http://localhost:5199/assets/stage-B4ZnF7Se.js:0
[10671777ms] [ERROR] WebSocket connection to 'ws://localhost:8031/' failed: Error in connection establishment: net::ERR_CONNECTION_REFUSED @ http://localhost:5199/assets/stage-B4ZnF7Se.js:0
[10675277ms] [ERROR] WebSocket connection to 'ws://localhost:8031/' failed: Error in connection establishment: net::ERR_CONNECTION_REFUSED @ http://localhost:5199/assets/stage-B4ZnF7Se.js:0
[10679860ms] [ERROR] WebSocket connection to 'ws://localhost:8031/' failed: Error in connection establishment: net::ERR_CONNECTION_REFUSED @ http://localhost:5199/assets/stage-B4ZnF7Se.js:0
[10684293ms] [ERROR] WebSocket connection to 'ws://localhost:8031/' failed: Error in connection establishment: net::ERR_CONNECTION_REFUSED @ http://localhost:5199/assets/stage-B4ZnF7Se.js:0
[10689772ms] [ERROR] WebSocket connection to 'ws://localhost:8031/' failed: Error in connection establishment: net::ERR_CONNECTION_REFUSED @ http://localhost:5199/assets/stage-B4ZnF7Se.js:0
[10694223ms] [ERROR] WebSocket connection to 'ws://localhost:8031/' failed: Error in connection establishment: net::ERR_CONNECTION_REFUSED @ http://localhost:5199/assets/stage-B4ZnF7Se.js:0
[10699956ms] [ERROR] WebSocket connection to 'ws://localhost:8031/' failed: Error in connection establishment: net::ERR_CONNECTION_REFUSED @ http://localhost:5199/assets/stage-B4ZnF7Se.js:0
[10702537ms] [ERROR] WebSocket connection to 'ws://localhost:8031/' failed: Error in connection establishment: net::ERR_CONNECTION_REFUSED @ http://localhost:5199/assets/stage-B4ZnF7Se.js:0
[10705615ms] [ERROR] WebSocket connection to 'ws://localhost:8031/' failed: Error in connection establishment: net::ERR_CONNECTION_REFUSED @ http://localhost:5199/assets/stage-B4ZnF7Se.js:0
[10711065ms] [ERROR] WebSocket connection to 'ws://localhost:8031/' failed: Error in connection establishment: net::ERR_CONNECTION_REFUSED @ http://localhost:5199/assets/stage-B4ZnF7Se.js:0
[10715323ms] [ERROR] WebSocket connection to 'ws://localhost:8031/' failed: Error in connection establishment: net::ERR_CONNECTION_REFUSED @ http://localhost:5199/assets/stage-B4ZnF7Se.js:0
[10720903ms] [ERROR] WebSocket connection to 'ws://localhost:8031/' failed: Error in connection establishment: net::ERR_CONNECTION_REFUSED @ http://localhost:5199/assets/stage-B4ZnF7Se.js:0
[10725782ms] [ERROR] WebSocket connection to 'ws://localhost:8031/' failed: Error in connection establishment: net::ERR_CONNECTION_REFUSED @ http://localhost:5199/assets/stage-B4ZnF7Se.js:0
[10730065ms] [ERROR] WebSocket connection to 'ws://localhost:8031/' failed: Error in connection establishment: net::ERR_CONNECTION_REFUSED @ http://localhost:5199/assets/stage-B4ZnF7Se.js:0
[10732931ms] [ERROR] WebSocket connection to 'ws://localhost:8031/' failed: Error in connection establishment: net::ERR_CONNECTION_REFUSED @ http://localhost:5199/assets/stage-B4ZnF7Se.js:0
[10738043ms] [ERROR] WebSocket connection to 'ws://localhost:8031/' failed: Error in connection establishment: net::ERR_CONNECTION_REFUSED @ http://localhost:5199/assets/stage-B4ZnF7Se.js:0
[10741781ms] [ERROR] WebSocket connection to 'ws://localhost:8031/' failed: Error in connection establishment: net::ERR_CONNECTION_REFUSED @ http://localhost:5199/assets/stage-B4ZnF7Se.js:0
[10745917ms] [ERROR] WebSocket connection to 'ws://localhost:8031/' failed: Error in connection establishment: net::ERR_CONNECTION_REFUSED @ http://localhost:5199/assets/stage-B4ZnF7Se.js:0
[10750332ms] [ERROR] WebSocket connection to 'ws://localhost:8031/' failed: Error in connection establishment: net::ERR_CONNECTION_REFUSED @ http://localhost:5199/assets/stage-B4ZnF7Se.js:0
[10753964ms] [ERROR] WebSocket connection to 'ws://localhost:8031/' failed: Error in connection establishment: net::ERR_CONNECTION_REFUSED @ http://localhost:5199/assets/stage-B4ZnF7Se.js:0
[10757523ms] [ERROR] WebSocket connection to 'ws://localhost:8031/' failed: Error in connection establishment: net::ERR_CONNECTION_REFUSED @ http://localhost:5199/assets/stage-B4ZnF7Se.js:0
[10763786ms] [ERROR] WebSocket connection to 'ws://localhost:8031/' failed: Error in connection establishment: net::ERR_CONNECTION_REFUSED @ http://localhost:5199/assets/stage-B4ZnF7Se.js:0
[10769111ms] [ERROR] WebSocket connection to 'ws://localhost:8031/' failed: Error in connection establishment: net::ERR_CONNECTION_REFUSED @ http://localhost:5199/assets/stage-B4ZnF7Se.js:0
[10773764ms] [ERROR] WebSocket connection to 'ws://localhost:8031/' failed: Error in connection establishment: net::ERR_CONNECTION_REFUSED @ http://localhost:5199/assets/stage-B4ZnF7Se.js:0
[10778769ms] [ERROR] WebSocket connection to 'ws://localhost:8031/' failed: Error in connection establishment: net::ERR_CONNECTION_REFUSED @ http://localhost:5199/assets/stage-B4ZnF7Se.js:0
[10783102ms] [ERROR] WebSocket connection to 'ws://localhost:8031/' failed: Error in connection establishment: net::ERR_CONNECTION_REFUSED @ http://localhost:5199/assets/stage-B4ZnF7Se.js:0
[10787311ms] [ERROR] WebSocket connection to 'ws://localhost:8031/' failed: Error in connection establishment: net::ERR_CONNECTION_REFUSED @ http://localhost:5199/assets/stage-B4ZnF7Se.js:0
[10791813ms] [ERROR] WebSocket connection to 'ws://localhost:8031/' failed: Error in connection establishment: net::ERR_CONNECTION_REFUSED @ http://localhost:5199/assets/stage-B4ZnF7Se.js:0
[10795298ms] [ERROR] WebSocket connection to 'ws://localhost:8031/' failed: Error in connection establishment: net::ERR_CONNECTION_REFUSED @ http://localhost:5199/assets/stage-B4ZnF7Se.js:0
[10800244ms] [ERROR] WebSocket connection to 'ws://localhost:8031/' failed: Error in connection establishment: net::ERR_CONNECTION_REFUSED @ http://localhost:5199/assets/stage-B4ZnF7Se.js:0
[10805239ms] [ERROR] WebSocket connection to 'ws://localhost:8031/' failed: Error in connection establishment: net::ERR_CONNECTION_REFUSED @ http://localhost:5199/assets/stage-B4ZnF7Se.js:0
[10808969ms] [ERROR] WebSocket connection to 'ws://localhost:8031/' failed: Error in connection establishment: net::ERR_CONNECTION_REFUSED @ http://localhost:5199/assets/stage-B4ZnF7Se.js:0
[10813023ms] [ERROR] WebSocket connection to 'ws://localhost:8031/' failed: Error in connection establishment: net::ERR_CONNECTION_REFUSED @ http://localhost:5199/assets/stage-B4ZnF7Se.js:0
[10819015ms] [ERROR] WebSocket connection to 'ws://localhost:8031/' failed: Error in connection establishment: net::ERR_CONNECTION_REFUSED @ http://localhost:5199/assets/stage-B4ZnF7Se.js:0
[10824040ms] [ERROR] WebSocket connection to 'ws://localhost:8031/' failed: Error in connection establishment: net::ERR_CONNECTION_REFUSED @ http://localhost:5199/assets/stage-B4ZnF7Se.js:0
[10830342ms] [ERROR] WebSocket connection to 'ws://localhost:8031/' failed: Error in connection establishment: net::ERR_CONNECTION_REFUSED @ http://localhost:5199/assets/stage-B4ZnF7Se.js:0
[10834430ms] [ERROR] WebSocket connection to 'ws://localhost:8031/' failed: Error in connection establishment: net::ERR_CONNECTION_REFUSED @ http://localhost:5199/assets/stage-B4ZnF7Se.js:0
[10839977ms] [ERROR] WebSocket connection to 'ws://localhost:8031/' failed: Error in connection establishment: net::ERR_CONNECTION_REFUSED @ http://localhost:5199/assets/stage-B4ZnF7Se.js:0
[10846006ms] [ERROR] WebSocket connection to 'ws://localhost:8031/' failed: Error in connection establishment: net::ERR_CONNECTION_REFUSED @ http://localhost:5199/assets/stage-B4ZnF7Se.js:0
[10852115ms] [ERROR] WebSocket connection to 'ws://localhost:8031/' failed: Error in connection establishment: net::ERR_CONNECTION_REFUSED @ http://localhost:5199/assets/stage-B4ZnF7Se.js:0
[10858582ms] [ERROR] WebSocket connection to 'ws://localhost:8031/' failed: Error in connection establishment: net::ERR_CONNECTION_REFUSED @ http://localhost:5199/assets/stage-B4ZnF7Se.js:0
[10864903ms] [ERROR] WebSocket connection to 'ws://localhost:8031/' failed: Error in connection establishment: net::ERR_CONNECTION_REFUSED @ http://localhost:5199/assets/stage-B4ZnF7Se.js:0
[10870181ms] [ERROR] WebSocket connection to 'ws://localhost:8031/' failed: Error in connection establishment: net::ERR_CONNECTION_REFUSED @ http://localhost:5199/assets/stage-B4ZnF7Se.js:0
[10875797ms] [ERROR] WebSocket connection to 'ws://localhost:8031/' failed: Error in connection establishment: net::ERR_CONNECTION_REFUSED @ http://localhost:5199/assets/stage-B4ZnF7Se.js:0
[10880406ms] [ERROR] WebSocket connection to 'ws://localhost:8031/' failed: Error in connection establishment: net::ERR_CONNECTION_REFUSED @ http://localhost:5199/assets/stage-B4ZnF7Se.js:0
[10886897ms] [ERROR] WebSocket connection to 'ws://localhost:8031/' failed: Error in connection establishment: net::ERR_CONNECTION_REFUSED @ http://localhost:5199/assets/stage-B4ZnF7Se.js:0
[10889551ms] [ERROR] WebSocket connection to 'ws://localhost:8031/' failed: Error in connection establishment: net::ERR_CONNECTION_REFUSED @ http://localhost:5199/assets/stage-B4ZnF7Se.js:0
[10894377ms] [ERROR] WebSocket connection to 'ws://localhost:8031/' failed: Error in connection establishment: net::ERR_CONNECTION_REFUSED @ http://localhost:5199/assets/stage-B4ZnF7Se.js:0
[10897027ms] [ERROR] WebSocket connection to 'ws://localhost:8031/' failed: Error in connection establishment: net::ERR_CONNECTION_REFUSED @ http://localhost:5199/assets/stage-B4ZnF7Se.js:0
[10900423ms] [ERROR] WebSocket connection to 'ws://localhost:8031/' failed: Error in connection establishment: net::ERR_CONNECTION_REFUSED @ http://localhost:5199/assets/stage-B4ZnF7Se.js:0
[10903931ms] [ERROR] WebSocket connection to 'ws://localhost:8031/' failed: Error in connection establishment: net::ERR_CONNECTION_REFUSED @ http://localhost:5199/assets/stage-B4ZnF7Se.js:0
[10907860ms] [ERROR] WebSocket connection to 'ws://localhost:8031/' failed: Error in connection establishment: net::ERR_CONNECTION_REFUSED @ http://localhost:5199/assets/stage-B4ZnF7Se.js:0
[10911906ms] [ERROR] WebSocket connection to 'ws://localhost:8031/' failed: Error in connection establishment: net::ERR_CONNECTION_REFUSED @ http://localhost:5199/assets/stage-B4ZnF7Se.js:0
[10914760ms] [ERROR] WebSocket connection to 'ws://localhost:8031/' failed: Error in connection establishment: net::ERR_CONNECTION_REFUSED @ http://localhost:5199/assets/stage-B4ZnF7Se.js:0
[10917910ms] [ERROR] WebSocket connection to 'ws://localhost:8031/' failed: Error in connection establishment: net::ERR_CONNECTION_REFUSED @ http://localhost:5199/assets/stage-B4ZnF7Se.js:0
[10920693ms] [ERROR] WebSocket connection to 'ws://localhost:8031/' failed: Error in connection establishment: net::ERR_CONNECTION_REFUSED @ http://localhost:5199/assets/stage-B4ZnF7Se.js:0
[10927180ms] [ERROR] WebSocket connection to 'ws://localhost:8031/' failed: Error in connection establishment: net::ERR_CONNECTION_REFUSED @ http://localhost:5199/assets/stage-B4ZnF7Se.js:0
[10933277ms] [ERROR] WebSocket connection to 'ws://localhost:8031/' failed: Error in connection establishment: net::ERR_CONNECTION_REFUSED @ http://localhost:5199/assets/stage-B4ZnF7Se.js:0
[10938532ms] [ERROR] WebSocket connection to 'ws://localhost:8031/' failed: Error in connection establishment: net::ERR_CONNECTION_REFUSED @ http://localhost:5199/assets/stage-B4ZnF7Se.js:0
[10943110ms] [ERROR] WebSocket connection to 'ws://localhost:8031/' failed: Error in connection establishment: net::ERR_CONNECTION_REFUSED @ http://localhost:5199/assets/stage-B4ZnF7Se.js:0
[10945964ms] [ERROR] WebSocket connection to 'ws://localhost:8031/' failed: Error in connection establishment: net::ERR_CONNECTION_REFUSED @ http://localhost:5199/assets/stage-B4ZnF7Se.js:0
[10951164ms] [ERROR] WebSocket connection to 'ws://localhost:8031/' failed: Error in connection establishment: net::ERR_CONNECTION_REFUSED @ http://localhost:5199/assets/stage-B4ZnF7Se.js:0
[10955560ms] [ERROR] WebSocket connection to 'ws://localhost:8031/' failed: Error in connection establishment: net::ERR_CONNECTION_REFUSED @ http://localhost:5199/assets/stage-B4ZnF7Se.js:0
[10959160ms] [ERROR] WebSocket connection to 'ws://localhost:8031/' failed: Error in connection establishment: net::ERR_CONNECTION_REFUSED @ http://localhost:5199/assets/stage-B4ZnF7Se.js:0
[10964240ms] [ERROR] WebSocket connection to 'ws://localhost:8031/' failed: Error in connection establishment: net::ERR_CONNECTION_REFUSED @ http://localhost:5199/assets/stage-B4ZnF7Se.js:0
[10970191ms] [ERROR] WebSocket connection to 'ws://localhost:8031/' failed: Error in connection establishment: net::ERR_CONNECTION_REFUSED @ http://localhost:5199/assets/stage-B4ZnF7Se.js:0
[10975614ms] [ERROR] WebSocket connection to 'ws://localhost:8031/' failed: Error in connection establishment: net::ERR_CONNECTION_REFUSED @ http://localhost:5199/assets/stage-B4ZnF7Se.js:0
[10979210ms] [ERROR] WebSocket connection to 'ws://localhost:8031/' failed: Error in connection establishment: net::ERR_CONNECTION_REFUSED @ http://localhost:5199/assets/stage-B4ZnF7Se.js:0
[10984773ms] [ERROR] WebSocket connection to 'ws://localhost:8031/' failed: Error in connection establishment: net::ERR_CONNECTION_REFUSED @ http://localhost:5199/assets/stage-B4ZnF7Se.js:0
[10991234ms] [ERROR] WebSocket connection to 'ws://localhost:8031/' failed: Error in connection establishment: net::ERR_CONNECTION_REFUSED @ http://localhost:5199/assets/stage-B4ZnF7Se.js:0
[10996468ms] [ERROR] WebSocket connection to 'ws://localhost:8031/' failed: Error in connection establishment: net::ERR_CONNECTION_REFUSED @ http://localhost:5199/assets/stage-B4ZnF7Se.js:0
[10999468ms] [ERROR] WebSocket connection to 'ws://localhost:8031/' failed: Error in connection establishment: net::ERR_CONNECTION_REFUSED @ http://localhost:5199/assets/stage-B4ZnF7Se.js:0
[11005699ms] [ERROR] WebSocket connection to 'ws://localhost:8031/' failed: Error in connection establishment: net::ERR_CONNECTION_REFUSED @ http://localhost:5199/assets/stage-B4ZnF7Se.js:0
[11008625ms] [ERROR] WebSocket connection to 'ws://localhost:8031/' failed: Error in connection establishment: net::ERR_CONNECTION_REFUSED @ http://localhost:5199/assets/stage-B4ZnF7Se.js:0
[11012676ms] [ERROR] WebSocket connection to 'ws://localhost:8031/' failed: Error in connection establishment: net::ERR_CONNECTION_REFUSED @ http://localhost:5199/assets/stage-B4ZnF7Se.js:0
[11016584ms] [ERROR] WebSocket connection to 'ws://localhost:8031/' failed: Error in connection establishment: net::ERR_CONNECTION_REFUSED @ http://localhost:5199/assets/stage-B4ZnF7Se.js:0
[11019826ms] [ERROR] WebSocket connection to 'ws://localhost:8031/' failed: Error in connection establishment: net::ERR_CONNECTION_REFUSED @ http://localhost:5199/assets/stage-B4ZnF7Se.js:0
[11026105ms] [ERROR] WebSocket connection to 'ws://localhost:8031/' failed: Error in connection establishment: net::ERR_CONNECTION_REFUSED @ http://localhost:5199/assets/stage-B4ZnF7Se.js:0
[11031972ms] [ERROR] WebSocket connection to 'ws://localhost:8031/' failed: Error in connection establishment: net::ERR_CONNECTION_REFUSED @ http://localhost:5199/assets/stage-B4ZnF7Se.js:0
[11038039ms] [ERROR] WebSocket connection to 'ws://localhost:8031/' failed: Error in connection establishment: net::ERR_CONNECTION_REFUSED @ http://localhost:5199/assets/stage-B4ZnF7Se.js:0
[11043675ms] [ERROR] WebSocket connection to 'ws://localhost:8031/' failed: Error in connection establishment: net::ERR_CONNECTION_REFUSED @ http://localhost:5199/assets/stage-B4ZnF7Se.js:0
[11048284ms] [ERROR] WebSocket connection to 'ws://localhost:8031/' failed: Error in connection establishment: net::ERR_CONNECTION_REFUSED @ http://localhost:5199/assets/stage-B4ZnF7Se.js:0
[11050847ms] [ERROR] WebSocket connection to 'ws://localhost:8031/' failed: Error in connection establishment: net::ERR_CONNECTION_REFUSED @ http://localhost:5199/assets/stage-B4ZnF7Se.js:0
[11056160ms] [ERROR] WebSocket connection to 'ws://localhost:8031/' failed: Error in connection establishment: net::ERR_CONNECTION_REFUSED @ http://localhost:5199/assets/stage-B4ZnF7Se.js:0
[11060781ms] [ERROR] WebSocket connection to 'ws://localhost:8031/' failed: Error in connection establishment: net::ERR_CONNECTION_REFUSED @ http://localhost:5199/assets/stage-B4ZnF7Se.js:0
[11066801ms] [ERROR] WebSocket connection to 'ws://localhost:8031/' failed: Error in connection establishment: net::ERR_CONNECTION_REFUSED @ http://localhost:5199/assets/stage-B4ZnF7Se.js:0
[11072347ms] [ERROR] WebSocket connection to 'ws://localhost:8031/' failed: Error in connection establishment: net::ERR_CONNECTION_REFUSED @ http://localhost:5199/assets/stage-B4ZnF7Se.js:0
[11077197ms] [ERROR] WebSocket connection to 'ws://localhost:8031/' failed: Error in connection establishment: net::ERR_CONNECTION_REFUSED @ http://localhost:5199/assets/stage-B4ZnF7Se.js:0
[11079742ms] [ERROR] WebSocket connection to 'ws://localhost:8031/' failed: Error in connection establishment: net::ERR_CONNECTION_REFUSED @ http://localhost:5199/assets/stage-B4ZnF7Se.js:0
[11082368ms] [ERROR] WebSocket connection to 'ws://localhost:8031/' failed: Error in connection establishment: net::ERR_CONNECTION_REFUSED @ http://localhost:5199/assets/stage-B4ZnF7Se.js:0
[11085073ms] [ERROR] WebSocket connection to 'ws://localhost:8031/' failed: Error in connection establishment: net::ERR_CONNECTION_REFUSED @ http://localhost:5199/assets/stage-B4ZnF7Se.js:0
[11088042ms] [ERROR] WebSocket connection to 'ws://localhost:8031/' failed: Error in connection establishment: net::ERR_CONNECTION_REFUSED @ http://localhost:5199/assets/stage-B4ZnF7Se.js:0
[11090864ms] [ERROR] WebSocket connection to 'ws://localhost:8031/' failed: Error in connection establishment: net::ERR_CONNECTION_REFUSED @ http://localhost:5199/assets/stage-B4ZnF7Se.js:0
[11094750ms] [ERROR] WebSocket connection to 'ws://localhost:8031/' failed: Error in connection establishment: net::ERR_CONNECTION_REFUSED @ http://localhost:5199/assets/stage-B4ZnF7Se.js:0
[11097367ms] [ERROR] WebSocket connection to 'ws://localhost:8031/' failed: Error in connection establishment: net::ERR_CONNECTION_REFUSED @ http://localhost:5199/assets/stage-B4ZnF7Se.js:0
[11102526ms] [ERROR] WebSocket connection to 'ws://localhost:8031/' failed: Error in connection establishment: net::ERR_CONNECTION_REFUSED @ http://localhost:5199/assets/stage-B4ZnF7Se.js:0
[11108822ms] [ERROR] WebSocket connection to 'ws://localhost:8031/' failed: Error in connection establishment: net::ERR_CONNECTION_REFUSED @ http://localhost:5199/assets/stage-B4ZnF7Se.js:0
[11113121ms] [ERROR] WebSocket connection to 'ws://localhost:8031/' failed: Error in connection establishment: net::ERR_CONNECTION_REFUSED @ http://localhost:5199/assets/stage-B4ZnF7Se.js:0
[11118614ms] [ERROR] WebSocket connection to 'ws://localhost:8031/' failed: Error in connection establishment: net::ERR_CONNECTION_REFUSED @ http://localhost:5199/assets/stage-B4ZnF7Se.js:0
[11124428ms] [ERROR] WebSocket connection to 'ws://localhost:8031/' failed: Error in connection establishment: net::ERR_CONNECTION_REFUSED @ http://localhost:5199/assets/stage-B4ZnF7Se.js:0
[11130875ms] [ERROR] WebSocket connection to 'ws://localhost:8031/' failed: Error in connection establishment: net::ERR_CONNECTION_REFUSED @ http://localhost:5199/assets/stage-B4ZnF7Se.js:0
[11135859ms] [ERROR] WebSocket connection to 'ws://localhost:8031/' failed: Error in connection establishment: net::ERR_CONNECTION_REFUSED @ http://localhost:5199/assets/stage-B4ZnF7Se.js:0
[11139662ms] [ERROR] WebSocket connection to 'ws://localhost:8031/' failed: Error in connection establishment: net::ERR_CONNECTION_REFUSED @ http://localhost:5199/assets/stage-B4ZnF7Se.js:0
[11143095ms] [ERROR] WebSocket connection to 'ws://localhost:8031/' failed: Error in connection establishment: net::ERR_CONNECTION_REFUSED @ http://localhost:5199/assets/stage-B4ZnF7Se.js:0
[11145855ms] [ERROR] WebSocket connection to 'ws://localhost:8031/' failed: Error in connection establishment: net::ERR_CONNECTION_REFUSED @ http://localhost:5199/assets/stage-B4ZnF7Se.js:0
[11148384ms] [ERROR] WebSocket connection to 'ws://localhost:8031/' failed: Error in connection establishment: net::ERR_CONNECTION_REFUSED @ http://localhost:5199/assets/stage-B4ZnF7Se.js:0
[11151034ms] [ERROR] WebSocket connection to 'ws://localhost:8031/' failed: Error in connection establishment: net::ERR_CONNECTION_REFUSED @ http://localhost:5199/assets/stage-B4ZnF7Se.js:0
[11153968ms] [ERROR] WebSocket connection to 'ws://localhost:8031/' failed: Error in connection establishment: net::ERR_CONNECTION_REFUSED @ http://localhost:5199/assets/stage-B4ZnF7Se.js:0
[11156809ms] [ERROR] WebSocket connection to 'ws://localhost:8031/' failed: Error in connection establishment: net::ERR_CONNECTION_REFUSED @ http://localhost:5199/assets/stage-B4ZnF7Se.js:0
[11163251ms] [ERROR] WebSocket connection to 'ws://localhost:8031/' failed: Error in connection establishment: net::ERR_CONNECTION_REFUSED @ http://localhost:5199/assets/stage-B4ZnF7Se.js:0
[11165943ms] [ERROR] WebSocket connection to 'ws://localhost:8031/' failed: Error in connection establishment: net::ERR_CONNECTION_REFUSED @ http://localhost:5199/assets/stage-B4ZnF7Se.js:0
[11170609ms] [ERROR] WebSocket connection to 'ws://localhost:8031/' failed: Error in connection establishment: net::ERR_CONNECTION_REFUSED @ http://localhost:5199/assets/stage-B4ZnF7Se.js:0
[11173626ms] [ERROR] WebSocket connection to 'ws://localhost:8031/' failed: Error in connection establishment: net::ERR_CONNECTION_REFUSED @ http://localhost:5199/assets/stage-B4ZnF7Se.js:0
[11178718ms] [ERROR] WebSocket connection to 'ws://localhost:8031/' failed: Error in connection establishment: net::ERR_CONNECTION_REFUSED @ http://localhost:5199/assets/stage-B4ZnF7Se.js:0
[11181242ms] [ERROR] WebSocket connection to 'ws://localhost:8031/' failed: Error in connection establishment: net::ERR_CONNECTION_REFUSED @ http://localhost:5199/assets/stage-B4ZnF7Se.js:0
[11187243ms] [ERROR] WebSocket connection to 'ws://localhost:8031/' failed: Error in connection establishment: net::ERR_CONNECTION_REFUSED @ http://localhost:5199/assets/stage-B4ZnF7Se.js:0
[11193109ms] [ERROR] WebSocket connection to 'ws://localhost:8031/' failed: Error in connection establishment: net::ERR_CONNECTION_REFUSED @ http://localhost:5199/assets/stage-B4ZnF7Se.js:0
[11196488ms] [ERROR] WebSocket connection to 'ws://localhost:8031/' failed: Error in connection establishment: net::ERR_CONNECTION_REFUSED @ http://localhost:5199/assets/stage-B4ZnF7Se.js:0
[11202780ms] [ERROR] WebSocket connection to 'ws://localhost:8031/' failed: Error in connection establishment: net::ERR_CONNECTION_REFUSED @ http://localhost:5199/assets/stage-B4ZnF7Se.js:0
[11205438ms] [ERROR] WebSocket connection to 'ws://localhost:8031/' failed: Error in connection establishment: net::ERR_CONNECTION_REFUSED @ http://localhost:5199/assets/stage-B4ZnF7Se.js:0
[11211658ms] [ERROR] WebSocket connection to 'ws://localhost:8031/' failed: Error in connection establishment: net::ERR_CONNECTION_REFUSED @ http://localhost:5199/assets/stage-B4ZnF7Se.js:0
[11216379ms] [ERROR] WebSocket connection to 'ws://localhost:8031/' failed: Error in connection establishment: net::ERR_CONNECTION_REFUSED @ http://localhost:5199/assets/stage-B4ZnF7Se.js:0
[11218967ms] [ERROR] WebSocket connection to 'ws://localhost:8031/' failed: Error in connection establishment: net::ERR_CONNECTION_REFUSED @ http://localhost:5199/assets/stage-B4ZnF7Se.js:0
[11223362ms] [ERROR] WebSocket connection to 'ws://localhost:8031/' failed: Error in connection establishment: net::ERR_CONNECTION_REFUSED @ http://localhost:5199/assets/stage-B4ZnF7Se.js:0
[11227863ms] [ERROR] WebSocket connection to 'ws://localhost:8031/' failed: Error in connection establishment: net::ERR_CONNECTION_REFUSED @ http://localhost:5199/assets/stage-B4ZnF7Se.js:0
[11231225ms] [ERROR] WebSocket connection to 'ws://localhost:8031/' failed: Error in connection establishment: net::ERR_CONNECTION_REFUSED @ http://localhost:5199/assets/stage-B4ZnF7Se.js:0
[11236429ms] [ERROR] WebSocket connection to 'ws://localhost:8031/' failed: Error in connection establishment: net::ERR_CONNECTION_REFUSED @ http://localhost:5199/assets/stage-B4ZnF7Se.js:0
[11240646ms] [ERROR] WebSocket connection to 'ws://localhost:8031/' failed: Error in connection establishment: net::ERR_CONNECTION_REFUSED @ http://localhost:5199/assets/stage-B4ZnF7Se.js:0
[11242150ms] [ERROR] WebSocket connection to 'ws://localhost:8031/' failed: Error in connection establishment: net::ERR_CONNECTION_REFUSED @ http://localhost:5199/assets/stage-B4ZnF7Se.js:0
[11243653ms] [ERROR] WebSocket connection to 'ws://localhost:8031/' failed: Error in connection establishment: net::ERR_CONNECTION_REFUSED @ http://localhost:5199/assets/stage-B4ZnF7Se.js:0
[11245156ms] [ERROR] WebSocket connection to 'ws://localhost:8031/' failed: Error in connection establishment: net::ERR_CONNECTION_REFUSED @ http://localhost:5199/assets/stage-B4ZnF7Se.js:0
[11246662ms] [ERROR] WebSocket connection to 'ws://localhost:8031/' failed: Error in connection establishment: net::ERR_CONNECTION_REFUSED @ http://localhost:5199/assets/stage-B4ZnF7Se.js:0
[11248167ms] [ERROR] WebSocket connection to 'ws://localhost:8031/' failed: Error in connection establishment: net::ERR_CONNECTION_REFUSED @ http://localhost:5199/assets/stage-B4ZnF7Se.js:0
[11249675ms] [ERROR] WebSocket connection to 'ws://localhost:8031/' failed: Error in connection establishment: net::ERR_CONNECTION_REFUSED @ http://localhost:5199/assets/stage-B4ZnF7Se.js:0
[11251187ms] [ERROR] WebSocket connection to 'ws://localhost:8031/' failed: Error in connection establishment: net::ERR_CONNECTION_REFUSED @ http://localhost:5199/assets/stage-B4ZnF7Se.js:0
[11252700ms] [ERROR] WebSocket connection to 'ws://localhost:8031/' failed: Error in connection establishment: net::ERR_CONNECTION_REFUSED @ http://localhost:5199/assets/stage-B4ZnF7Se.js:0
[11254237ms] [ERROR] WebSocket connection to 'ws://localhost:8031/' failed: Error in connection establishment: net::ERR_CONNECTION_REFUSED @ http://localhost:5199/assets/stage-B4ZnF7Se.js:0
[11255800ms] [ERROR] WebSocket connection to 'ws://localhost:8031/' failed: Error in connection establishment: net::ERR_CONNECTION_REFUSED @ http://localhost:5199/assets/stage-B4ZnF7Se.js:0
[11257396ms] [ERROR] WebSocket connection to 'ws://localhost:8031/' failed: Error in connection establishment: net::ERR_CONNECTION_REFUSED @ http://localhost:5199/assets/stage-B4ZnF7Se.js:0
[11259009ms] [ERROR] WebSocket connection to 'ws://localhost:8031/' failed: Error in connection establishment: net::ERR_CONNECTION_REFUSED @ http://localhost:5199/assets/stage-B4ZnF7Se.js:0
[11260767ms] [ERROR] WebSocket connection to 'ws://localhost:8031/' failed: Error in connection establishment: net::ERR_CONNECTION_REFUSED @ http://localhost:5199/assets/stage-B4ZnF7Se.js:0
[11262795ms] [ERROR] WebSocket connection to 'ws://localhost:8031/' failed: Error in connection establishment: net::ERR_CONNECTION_REFUSED @ http://localhost:5199/assets/stage-B4ZnF7Se.js:0
[11266654ms] [ERROR] WebSocket connection to 'ws://localhost:8031/' failed: Error in connection establishment: net::ERR_CONNECTION_REFUSED @ http://localhost:5199/assets/stage-B4ZnF7Se.js:0
[11270525ms] [ERROR] WebSocket connection to 'ws://localhost:8031/' failed: Error in connection establishment: net::ERR_CONNECTION_REFUSED @ http://localhost:5199/assets/stage-B4ZnF7Se.js:0
[11276253ms] [ERROR] WebSocket connection to 'ws://localhost:8031/' failed: Error in connection establishment: net::ERR_CONNECTION_REFUSED @ http://localhost:5199/assets/stage-B4ZnF7Se.js:0
[11281692ms] [ERROR] WebSocket connection to 'ws://localhost:8031/' failed: Error in connection establishment: net::ERR_CONNECTION_REFUSED @ http://localhost:5199/assets/stage-B4ZnF7Se.js:0
[11287187ms] [ERROR] WebSocket connection to 'ws://localhost:8031/' failed: Error in connection establishment: net::ERR_CONNECTION_REFUSED @ http://localhost:5199/assets/stage-B4ZnF7Se.js:0
[11292444ms] [ERROR] WebSocket connection to 'ws://localhost:8031/' failed: Error in connection establishment: net::ERR_CONNECTION_REFUSED @ http://localhost:5199/assets/stage-B4ZnF7Se.js:0
[11297275ms] [ERROR] WebSocket connection to 'ws://localhost:8031/' failed: Error in connection establishment: net::ERR_CONNECTION_REFUSED @ http://localhost:5199/assets/stage-B4ZnF7Se.js:0
[11302766ms] [ERROR] WebSocket connection to 'ws://localhost:8031/' failed: Error in connection establishment: net::ERR_CONNECTION_REFUSED @ http://localhost:5199/assets/stage-B4ZnF7Se.js:0
[11308109ms] [ERROR] WebSocket connection to 'ws://localhost:8031/' failed: Error in connection establishment: net::ERR_CONNECTION_REFUSED @ http://localhost:5199/assets/stage-B4ZnF7Se.js:0
[11310979ms] [ERROR] WebSocket connection to 'ws://localhost:8031/' failed: Error in connection establishment: net::ERR_CONNECTION_REFUSED @ http://localhost:5199/assets/stage-B4ZnF7Se.js:0
[11316029ms] [ERROR] WebSocket connection to 'ws://localhost:8031/' failed: Error in connection establishment: net::ERR_CONNECTION_REFUSED @ http://localhost:5199/assets/stage-B4ZnF7Se.js:0
[11322165ms] [ERROR] WebSocket connection to 'ws://localhost:8031/' failed: Error in connection establishment: net::ERR_CONNECTION_REFUSED @ http://localhost:5199/assets/stage-B4ZnF7Se.js:0
[11326066ms] [ERROR] WebSocket connection to 'ws://localhost:8031/' failed: Error in connection establishment: net::ERR_CONNECTION_REFUSED @ http://localhost:5199/assets/stage-B4ZnF7Se.js:0
[11330254ms] [ERROR] WebSocket connection to 'ws://localhost:8031/' failed: Error in connection establishment: net::ERR_CONNECTION_REFUSED @ http://localhost:5199/assets/stage-B4ZnF7Se.js:0
[11334609ms] [ERROR] WebSocket connection to 'ws://localhost:8031/' failed: Error in connection establishment: net::ERR_CONNECTION_REFUSED @ http://localhost:5199/assets/stage-B4ZnF7Se.js:0
[11339942ms] [ERROR] WebSocket connection to 'ws://localhost:8031/' failed: Error in connection establishment: net::ERR_CONNECTION_REFUSED @ http://localhost:5199/assets/stage-B4ZnF7Se.js:0
[11345258ms] [ERROR] WebSocket connection to 'ws://localhost:8031/' failed: Error in connection establishment: net::ERR_CONNECTION_REFUSED @ http://localhost:5199/assets/stage-B4ZnF7Se.js:0
[11348604ms] [ERROR] WebSocket connection to 'ws://localhost:8031/' failed: Error in connection establishment: net::ERR_CONNECTION_REFUSED @ http://localhost:5199/assets/stage-B4ZnF7Se.js:0
[11352486ms] [ERROR] WebSocket connection to 'ws://localhost:8031/' failed: Error in connection establishment: net::ERR_CONNECTION_REFUSED @ http://localhost:5199/assets/stage-B4ZnF7Se.js:0
[11357317ms] [ERROR] WebSocket connection to 'ws://localhost:8031/' failed: Error in connection establishment: net::ERR_CONNECTION_REFUSED @ http://localhost:5199/assets/stage-B4ZnF7Se.js:0
[11363587ms] [ERROR] WebSocket connection to 'ws://localhost:8031/' failed: Error in connection establishment: net::ERR_CONNECTION_REFUSED @ http://localhost:5199/assets/stage-B4ZnF7Se.js:0
[11366325ms] [ERROR] WebSocket connection to 'ws://localhost:8031/' failed: Error in connection establishment: net::ERR_CONNECTION_REFUSED @ http://localhost:5199/assets/stage-B4ZnF7Se.js:0
[11372600ms] [ERROR] WebSocket connection to 'ws://localhost:8031/' failed: Error in connection establishment: net::ERR_CONNECTION_REFUSED @ http://localhost:5199/assets/stage-B4ZnF7Se.js:0
[11376966ms] [ERROR] WebSocket connection to 'ws://localhost:8031/' failed: Error in connection establishment: net::ERR_CONNECTION_REFUSED @ http://localhost:5199/assets/stage-B4ZnF7Se.js:0
[11380625ms] [ERROR] WebSocket connection to 'ws://localhost:8031/' failed: Error in connection establishment: net::ERR_CONNECTION_REFUSED @ http://localhost:5199/assets/stage-B4ZnF7Se.js:0
[11384804ms] [ERROR] WebSocket connection to 'ws://localhost:8031/' failed: Error in connection establishment: net::ERR_CONNECTION_REFUSED @ http://localhost:5199/assets/stage-B4ZnF7Se.js:0
[11389383ms] [ERROR] WebSocket connection to 'ws://localhost:8031/' failed: Error in connection establishment: net::ERR_CONNECTION_REFUSED @ http://localhost:5199/assets/stage-B4ZnF7Se.js:0
[11395179ms] [ERROR] WebSocket connection to 'ws://localhost:8031/' failed: Error in connection establishment: net::ERR_CONNECTION_REFUSED @ http://localhost:5199/assets/stage-B4ZnF7Se.js:0
[11397779ms] [ERROR] WebSocket connection to 'ws://localhost:8031/' failed: Error in connection establishment: net::ERR_CONNECTION_REFUSED @ http://localhost:5199/assets/stage-B4ZnF7Se.js:0
[11401258ms] [ERROR] WebSocket connection to 'ws://localhost:8031/' failed: Error in connection establishment: net::ERR_CONNECTION_REFUSED @ http://localhost:5199/assets/stage-B4ZnF7Se.js:0
[11406737ms] [ERROR] WebSocket connection to 'ws://localhost:8031/' failed: Error in connection establishment: net::ERR_CONNECTION_REFUSED @ http://localhost:5199/assets/stage-B4ZnF7Se.js:0
[11409742ms] [ERROR] WebSocket connection to 'ws://localhost:8031/' failed: Error in connection establishment: net::ERR_CONNECTION_REFUSED @ http://localhost:5199/assets/stage-B4ZnF7Se.js:0
[11416092ms] [ERROR] WebSocket connection to 'ws://localhost:8031/' failed: Error in connection establishment: net::ERR_CONNECTION_REFUSED @ http://localhost:5199/assets/stage-B4ZnF7Se.js:0
[11419762ms] [ERROR] WebSocket connection to 'ws://localhost:8031/' failed: Error in connection establishment: net::ERR_CONNECTION_REFUSED @ http://localhost:5199/assets/stage-B4ZnF7Se.js:0
[11424187ms] [ERROR] WebSocket connection to 'ws://localhost:8031/' failed: Error in connection establishment: net::ERR_CONNECTION_REFUSED @ http://localhost:5199/assets/stage-B4ZnF7Se.js:0
[11427124ms] [ERROR] WebSocket connection to 'ws://localhost:8031/' failed: Error in connection establishment: net::ERR_CONNECTION_REFUSED @ http://localhost:5199/assets/stage-B4ZnF7Se.js:0
[11433075ms] [ERROR] WebSocket connection to 'ws://localhost:8031/' failed: Error in connection establishment: net::ERR_CONNECTION_REFUSED @ http://localhost:5199/assets/stage-B4ZnF7Se.js:0
[11437100ms] [ERROR] WebSocket connection to 'ws://localhost:8031/' failed: Error in connection establishment: net::ERR_CONNECTION_REFUSED @ http://localhost:5199/assets/stage-B4ZnF7Se.js:0
[11440962ms] [ERROR] WebSocket connection to 'ws://localhost:8031/' failed: Error in connection establishment: net::ERR_CONNECTION_REFUSED @ http://localhost:5199/assets/stage-B4ZnF7Se.js:0
[11445908ms] [ERROR] WebSocket connection to 'ws://localhost:8031/' failed: Error in connection establishment: net::ERR_CONNECTION_REFUSED @ http://localhost:5199/assets/stage-B4ZnF7Se.js:0
[11450146ms] [ERROR] WebSocket connection to 'ws://localhost:8031/' failed: Error in connection establishment: net::ERR_CONNECTION_REFUSED @ http://localhost:5199/assets/stage-B4ZnF7Se.js:0
[11454507ms] [ERROR] WebSocket connection to 'ws://localhost:8031/' failed: Error in connection establishment: net::ERR_CONNECTION_REFUSED @ http://localhost:5199/assets/stage-B4ZnF7Se.js:0
[11459946ms] [ERROR] WebSocket connection to 'ws://localhost:8031/' failed: Error in connection establishment: net::ERR_CONNECTION_REFUSED @ http://localhost:5199/assets/stage-B4ZnF7Se.js:0
[11466145ms] [ERROR] WebSocket connection to 'ws://localhost:8031/' failed: Error in connection establishment: net::ERR_CONNECTION_REFUSED @ http://localhost:5199/assets/stage-B4ZnF7Se.js:0
[11470554ms] [ERROR] WebSocket connection to 'ws://localhost:8031/' failed: Error in connection establishment: net::ERR_CONNECTION_REFUSED @ http://localhost:5199/assets/stage-B4ZnF7Se.js:0
[11475249ms] [ERROR] WebSocket connection to 'ws://localhost:8031/' failed: Error in connection establishment: net::ERR_CONNECTION_REFUSED @ http://localhost:5199/assets/stage-B4ZnF7Se.js:0
[11478299ms] [ERROR] WebSocket connection to 'ws://localhost:8031/' failed: Error in connection establishment: net::ERR_CONNECTION_REFUSED @ http://localhost:5199/assets/stage-B4ZnF7Se.js:0
[11481524ms] [ERROR] WebSocket connection to 'ws://localhost:8031/' failed: Error in connection establishment: net::ERR_CONNECTION_REFUSED @ http://localhost:5199/assets/stage-B4ZnF7Se.js:0
[11483029ms] [ERROR] WebSocket connection to 'ws://localhost:8031/' failed: Error in connection establishment: net::ERR_CONNECTION_REFUSED @ http://localhost:5199/assets/stage-B4ZnF7Se.js:0
[11484533ms] [ERROR] WebSocket connection to 'ws://localhost:8031/' failed: Error in connection establishment: net::ERR_CONNECTION_REFUSED @ http://localhost:5199/assets/stage-B4ZnF7Se.js:0
[11486038ms] [ERROR] WebSocket connection to 'ws://localhost:8031/' failed: Error in connection establishment: net::ERR_CONNECTION_REFUSED @ http://localhost:5199/assets/stage-B4ZnF7Se.js:0
[11487545ms] [ERROR] WebSocket connection to 'ws://localhost:8031/' failed: Error in connection establishment: net::ERR_CONNECTION_REFUSED @ http://localhost:5199/assets/stage-B4ZnF7Se.js:0
[11489051ms] [ERROR] WebSocket connection to 'ws://localhost:8031/' failed: Error in connection establishment: net::ERR_CONNECTION_REFUSED @ http://localhost:5199/assets/stage-B4ZnF7Se.js:0
[11490560ms] [ERROR] WebSocket connection to 'ws://localhost:8031/' failed: Error in connection establishment: net::ERR_CONNECTION_REFUSED @ http://localhost:5199/assets/stage-B4ZnF7Se.js:0
[11492068ms] [ERROR] WebSocket connection to 'ws://localhost:8031/' failed: Error in connection establishment: net::ERR_CONNECTION_REFUSED @ http://localhost:5199/assets/stage-B4ZnF7Se.js:0
[11493599ms] [ERROR] WebSocket connection to 'ws://localhost:8031/' failed: Error in connection establishment: net::ERR_CONNECTION_REFUSED @ http://localhost:5199/assets/stage-B4ZnF7Se.js:0
[11495129ms] [ERROR] WebSocket connection to 'ws://localhost:8031/' failed: Error in connection establishment: net::ERR_CONNECTION_REFUSED @ http://localhost:5199/assets/stage-B4ZnF7Se.js:0
[11496696ms] [ERROR] WebSocket connection to 'ws://localhost:8031/' failed: Error in connection establishment: net::ERR_CONNECTION_REFUSED @ http://localhost:5199/assets/stage-B4ZnF7Se.js:0
[11498266ms] [ERROR] WebSocket connection to 'ws://localhost:8031/' failed: Error in connection establishment: net::ERR_CONNECTION_REFUSED @ http://localhost:5199/assets/stage-B4ZnF7Se.js:0
[11499848ms] [ERROR] WebSocket connection to 'ws://localhost:8031/' failed: Error in connection establishment: net::ERR_CONNECTION_REFUSED @ http://localhost:5199/assets/stage-B4ZnF7Se.js:0
[11501882ms] [ERROR] WebSocket connection to 'ws://localhost:8031/' failed: Error in connection establishment: net::ERR_CONNECTION_REFUSED @ http://localhost:5199/assets/stage-B4ZnF7Se.js:0
[11503919ms] [ERROR] WebSocket connection to 'ws://localhost:8031/' failed: Error in connection establishment: net::ERR_CONNECTION_REFUSED @ http://localhost:5199/assets/stage-B4ZnF7Se.js:0
[11507049ms] [ERROR] WebSocket connection to 'ws://localhost:8031/' failed: Error in connection establishment: net::ERR_CONNECTION_REFUSED @ http://localhost:5199/assets/stage-B4ZnF7Se.js:0
[11512607ms] [ERROR] WebSocket connection to 'ws://localhost:8031/' failed: Error in connection establishment: net::ERR_CONNECTION_REFUSED @ http://localhost:5199/assets/stage-B4ZnF7Se.js:0
[11517804ms] [ERROR] WebSocket connection to 'ws://localhost:8031/' failed: Error in connection establishment: net::ERR_CONNECTION_REFUSED @ http://localhost:5199/assets/stage-B4ZnF7Se.js:0
[11524053ms] [ERROR] WebSocket connection to 'ws://localhost:8031/' failed: Error in connection establishment: net::ERR_CONNECTION_REFUSED @ http://localhost:5199/assets/stage-B4ZnF7Se.js:0
[11530261ms] [ERROR] WebSocket connection to 'ws://localhost:8031/' failed: Error in connection establishment: net::ERR_CONNECTION_REFUSED @ http://localhost:5199/assets/stage-B4ZnF7Se.js:0
[11536241ms] [ERROR] WebSocket connection to 'ws://localhost:8031/' failed: Error in connection establishment: net::ERR_CONNECTION_REFUSED @ http://localhost:5199/assets/stage-B4ZnF7Se.js:0
[11542257ms] [ERROR] WebSocket connection to 'ws://localhost:8031/' failed: Error in connection establishment: net::ERR_CONNECTION_REFUSED @ http://localhost:5199/assets/stage-B4ZnF7Se.js:0
[11545981ms] [ERROR] WebSocket connection to 'ws://localhost:8031/' failed: Error in connection establishment: net::ERR_CONNECTION_REFUSED @ http://localhost:5199/assets/stage-B4ZnF7Se.js:0
[11548903ms] [ERROR] WebSocket connection to 'ws://localhost:8031/' failed: Error in connection establishment: net::ERR_CONNECTION_REFUSED @ http://localhost:5199/assets/stage-B4ZnF7Se.js:0
[11553578ms] [ERROR] WebSocket connection to 'ws://localhost:8031/' failed: Error in connection establishment: net::ERR_CONNECTION_REFUSED @ http://localhost:5199/assets/stage-B4ZnF7Se.js:0
[11556893ms] [ERROR] WebSocket connection to 'ws://localhost:8031/' failed: Error in connection establishment: net::ERR_CONNECTION_REFUSED @ http://localhost:5199/assets/stage-B4ZnF7Se.js:0
[11563362ms] [ERROR] WebSocket connection to 'ws://localhost:8031/' failed: Error in connection establishment: net::ERR_CONNECTION_REFUSED @ http://localhost:5199/assets/stage-B4ZnF7Se.js:0
[11568758ms] [ERROR] WebSocket connection to 'ws://localhost:8031/' failed: Error in connection establishment: net::ERR_CONNECTION_REFUSED @ http://localhost:5199/assets/stage-B4ZnF7Se.js:0
[11571835ms] [ERROR] WebSocket connection to 'ws://localhost:8031/' failed: Error in connection establishment: net::ERR_CONNECTION_REFUSED @ http://localhost:5199/assets/stage-B4ZnF7Se.js:0
[11576244ms] [ERROR] WebSocket connection to 'ws://localhost:8031/' failed: Error in connection establishment: net::ERR_CONNECTION_REFUSED @ http://localhost:5199/assets/stage-B4ZnF7Se.js:0
[11581736ms] [ERROR] WebSocket connection to 'ws://localhost:8031/' failed: Error in connection establishment: net::ERR_CONNECTION_REFUSED @ http://localhost:5199/assets/stage-B4ZnF7Se.js:0
[11588034ms] [ERROR] WebSocket connection to 'ws://localhost:8031/' failed: Error in connection establishment: net::ERR_CONNECTION_REFUSED @ http://localhost:5199/assets/stage-B4ZnF7Se.js:0
[11592720ms] [ERROR] WebSocket connection to 'ws://localhost:8031/' failed: Error in connection establishment: net::ERR_CONNECTION_REFUSED @ http://localhost:5199/assets/stage-B4ZnF7Se.js:0
[11596886ms] [ERROR] WebSocket connection to 'ws://localhost:8031/' failed: Error in connection establishment: net::ERR_CONNECTION_REFUSED @ http://localhost:5199/assets/stage-B4ZnF7Se.js:0
[11601108ms] [ERROR] WebSocket connection to 'ws://localhost:8031/' failed: Error in connection establishment: net::ERR_CONNECTION_REFUSED @ http://localhost:5199/assets/stage-B4ZnF7Se.js:0
[11605567ms] [ERROR] WebSocket connection to 'ws://localhost:8031/' failed: Error in connection establishment: net::ERR_CONNECTION_REFUSED @ http://localhost:5199/assets/stage-B4ZnF7Se.js:0
[11609853ms] [ERROR] WebSocket connection to 'ws://localhost:8031/' failed: Error in connection establishment: net::ERR_CONNECTION_REFUSED @ http://localhost:5199/assets/stage-B4ZnF7Se.js:0
[11613211ms] [ERROR] WebSocket connection to 'ws://localhost:8031/' failed: Error in connection establishment: net::ERR_CONNECTION_REFUSED @ http://localhost:5199/assets/stage-B4ZnF7Se.js:0
[11618503ms] [ERROR] WebSocket connection to 'ws://localhost:8031/' failed: Error in connection establishment: net::ERR_CONNECTION_REFUSED @ http://localhost:5199/assets/stage-B4ZnF7Se.js:0
[11622228ms] [ERROR] WebSocket connection to 'ws://localhost:8031/' failed: Error in connection establishment: net::ERR_CONNECTION_REFUSED @ http://localhost:5199/assets/stage-B4ZnF7Se.js:0
[11625582ms] [ERROR] WebSocket connection to 'ws://localhost:8031/' failed: Error in connection establishment: net::ERR_CONNECTION_REFUSED @ http://localhost:5199/assets/stage-B4ZnF7Se.js:0
[11630669ms] [ERROR] WebSocket connection to 'ws://localhost:8031/' failed: Error in connection establishment: net::ERR_CONNECTION_REFUSED @ http://localhost:5199/assets/stage-B4ZnF7Se.js:0
[11636719ms] [ERROR] WebSocket connection to 'ws://localhost:8031/' failed: Error in connection establishment: net::ERR_CONNECTION_REFUSED @ http://localhost:5199/assets/stage-B4ZnF7Se.js:0
[11640899ms] [ERROR] WebSocket connection to 'ws://localhost:8031/' failed: Error in connection establishment: net::ERR_CONNECTION_REFUSED @ http://localhost:5199/assets/stage-B4ZnF7Se.js:0
[11647218ms] [ERROR] WebSocket connection to 'ws://localhost:8031/' failed: Error in connection establishment: net::ERR_CONNECTION_REFUSED @ http://localhost:5199/assets/stage-B4ZnF7Se.js:0
[11649860ms] [ERROR] WebSocket connection to 'ws://localhost:8031/' failed: Error in connection establishment: net::ERR_CONNECTION_REFUSED @ http://localhost:5199/assets/stage-B4ZnF7Se.js:0
[11653090ms] [ERROR] WebSocket connection to 'ws://localhost:8031/' failed: Error in connection establishment: net::ERR_CONNECTION_REFUSED @ http://localhost:5199/assets/stage-B4ZnF7Se.js:0
[11656357ms] [ERROR] WebSocket connection to 'ws://localhost:8031/' failed: Error in connection establishment: net::ERR_CONNECTION_REFUSED @ http://localhost:5199/assets/stage-B4ZnF7Se.js:0
[11659744ms] [ERROR] WebSocket connection to 'ws://localhost:8031/' failed: Error in connection establishment: net::ERR_CONNECTION_REFUSED @ http://localhost:5199/assets/stage-B4ZnF7Se.js:0
[11665024ms] [ERROR] WebSocket connection to 'ws://localhost:8031/' failed: Error in connection establishment: net::ERR_CONNECTION_REFUSED @ http://localhost:5199/assets/stage-B4ZnF7Se.js:0
[11669227ms] [ERROR] WebSocket connection to 'ws://localhost:8031/' failed: Error in connection establishment: net::ERR_CONNECTION_REFUSED @ http://localhost:5199/assets/stage-B4ZnF7Se.js:0
[11675427ms] [ERROR] WebSocket connection to 'ws://localhost:8031/' failed: Error in connection establishment: net::ERR_CONNECTION_REFUSED @ http://localhost:5199/assets/stage-B4ZnF7Se.js:0
[11679610ms] [ERROR] WebSocket connection to 'ws://localhost:8031/' failed: Error in connection establishment: net::ERR_CONNECTION_REFUSED @ http://localhost:5199/assets/stage-B4ZnF7Se.js:0
[11682866ms] [ERROR] WebSocket connection to 'ws://localhost:8031/' failed: Error in connection establishment: net::ERR_CONNECTION_REFUSED @ http://localhost:5199/assets/stage-B4ZnF7Se.js:0
[11685777ms] [ERROR] WebSocket connection to 'ws://localhost:8031/' failed: Error in connection establishment: net::ERR_CONNECTION_REFUSED @ http://localhost:5199/assets/stage-B4ZnF7Se.js:0
[11688943ms] [ERROR] WebSocket connection to 'ws://localhost:8031/' failed: Error in connection establishment: net::ERR_CONNECTION_REFUSED @ http://localhost:5199/assets/stage-B4ZnF7Se.js:0
[11691652ms] [ERROR] WebSocket connection to 'ws://localhost:8031/' failed: Error in connection establishment: net::ERR_CONNECTION_REFUSED @ http://localhost:5199/assets/stage-B4ZnF7Se.js:0
[11694864ms] [ERROR] WebSocket connection to 'ws://localhost:8031/' failed: Error in connection establishment: net::ERR_CONNECTION_REFUSED @ http://localhost:5199/assets/stage-B4ZnF7Se.js:0
[11698856ms] [ERROR] WebSocket connection to 'ws://localhost:8031/' failed: Error in connection establishment: net::ERR_CONNECTION_REFUSED @ http://localhost:5199/assets/stage-B4ZnF7Se.js:0
[11703952ms] [ERROR] WebSocket connection to 'ws://localhost:8031/' failed: Error in connection establishment: net::ERR_CONNECTION_REFUSED @ http://localhost:5199/assets/stage-B4ZnF7Se.js:0
[11709598ms] [ERROR] WebSocket connection to 'ws://localhost:8031/' failed: Error in connection establishment: net::ERR_CONNECTION_REFUSED @ http://localhost:5199/assets/stage-B4ZnF7Se.js:0
[11712372ms] [ERROR] WebSocket connection to 'ws://localhost:8031/' failed: Error in connection establishment: net::ERR_CONNECTION_REFUSED @ http://localhost:5199/assets/stage-B4ZnF7Se.js:0
[11716581ms] [ERROR] WebSocket connection to 'ws://localhost:8031/' failed: Error in connection establishment: net::ERR_CONNECTION_REFUSED @ http://localhost:5199/assets/stage-B4ZnF7Se.js:0
[11720998ms] [ERROR] WebSocket connection to 'ws://localhost:8031/' failed: Error in connection establishment: net::ERR_CONNECTION_REFUSED @ http://localhost:5199/assets/stage-B4ZnF7Se.js:0
[11724168ms] [ERROR] WebSocket connection to 'ws://localhost:8031/' failed: Error in connection establishment: net::ERR_CONNECTION_REFUSED @ http://localhost:5199/assets/stage-B4ZnF7Se.js:0
[11727485ms] [ERROR] WebSocket connection to 'ws://localhost:8031/' failed: Error in connection establishment: net::ERR_CONNECTION_REFUSED @ http://localhost:5199/assets/stage-B4ZnF7Se.js:0
[11731026ms] [ERROR] WebSocket connection to 'ws://localhost:8031/' failed: Error in connection establishment: net::ERR_CONNECTION_REFUSED @ http://localhost:5199/assets/stage-B4ZnF7Se.js:0
[11734931ms] [ERROR] WebSocket connection to 'ws://localhost:8031/' failed: Error in connection establishment: net::ERR_CONNECTION_REFUSED @ http://localhost:5199/assets/stage-B4ZnF7Se.js:0
[11737522ms] [ERROR] WebSocket connection to 'ws://localhost:8031/' failed: Error in connection establishment: net::ERR_CONNECTION_REFUSED @ http://localhost:5199/assets/stage-B4ZnF7Se.js:0
[11742031ms] [ERROR] WebSocket connection to 'ws://localhost:8031/' failed: Error in connection establishment: net::ERR_CONNECTION_REFUSED @ http://localhost:5199/assets/stage-B4ZnF7Se.js:0
[11747777ms] [ERROR] WebSocket connection to 'ws://localhost:8031/' failed: Error in connection establishment: net::ERR_CONNECTION_REFUSED @ http://localhost:5199/assets/stage-B4ZnF7Se.js:0
[11750905ms] [ERROR] WebSocket connection to 'ws://localhost:8031/' failed: Error in connection establishment: net::ERR_CONNECTION_REFUSED @ http://localhost:5199/assets/stage-B4ZnF7Se.js:0
[11756852ms] [ERROR] WebSocket connection to 'ws://localhost:8031/' failed: Error in connection establishment: net::ERR_CONNECTION_REFUSED @ http://localhost:5199/assets/stage-B4ZnF7Se.js:0
[11761030ms] [ERROR] WebSocket connection to 'ws://localhost:8031/' failed: Error in connection establishment: net::ERR_CONNECTION_REFUSED @ http://localhost:5199/assets/stage-B4ZnF7Se.js:0
[11765176ms] [ERROR] WebSocket connection to 'ws://localhost:8031/' failed: Error in connection establishment: net::ERR_CONNECTION_REFUSED @ http://localhost:5199/assets/stage-B4ZnF7Se.js:0
[11770659ms] [ERROR] WebSocket connection to 'ws://localhost:8031/' failed: Error in connection establishment: net::ERR_CONNECTION_REFUSED @ http://localhost:5199/assets/stage-B4ZnF7Se.js:0
[11776651ms] [ERROR] WebSocket connection to 'ws://localhost:8031/' failed: Error in connection establishment: net::ERR_CONNECTION_REFUSED @ http://localhost:5199/assets/stage-B4ZnF7Se.js:0
[11782747ms] [ERROR] WebSocket connection to 'ws://localhost:8031/' failed: Error in connection establishment: net::ERR_CONNECTION_REFUSED @ http://localhost:5199/assets/stage-B4ZnF7Se.js:0
[11787797ms] [ERROR] WebSocket connection to 'ws://localhost:8031/' failed: Error in connection establishment: net::ERR_CONNECTION_REFUSED @ http://localhost:5199/assets/stage-B4ZnF7Se.js:0
[11792168ms] [ERROR] WebSocket connection to 'ws://localhost:8031/' failed: Error in connection establishment: net::ERR_CONNECTION_REFUSED @ http://localhost:5199/assets/stage-B4ZnF7Se.js:0
[11798251ms] [ERROR] WebSocket connection to 'ws://localhost:8031/' failed: Error in connection establishment: net::ERR_CONNECTION_REFUSED @ http://localhost:5199/assets/stage-B4ZnF7Se.js:0
[11803677ms] [ERROR] WebSocket connection to 'ws://localhost:8031/' failed: Error in connection establishment: net::ERR_CONNECTION_REFUSED @ http://localhost:5199/assets/stage-B4ZnF7Se.js:0
[11806746ms] [ERROR] WebSocket connection to 'ws://localhost:8031/' failed: Error in connection establishment: net::ERR_CONNECTION_REFUSED @ http://localhost:5199/assets/stage-B4ZnF7Se.js:0
[11809714ms] [ERROR] WebSocket connection to 'ws://localhost:8031/' failed: Error in connection establishment: net::ERR_CONNECTION_REFUSED @ http://localhost:5199/assets/stage-B4ZnF7Se.js:0
[11815889ms] [ERROR] WebSocket connection to 'ws://localhost:8031/' failed: Error in connection establishment: net::ERR_CONNECTION_REFUSED @ http://localhost:5199/assets/stage-B4ZnF7Se.js:0
[11820668ms] [ERROR] WebSocket connection to 'ws://localhost:8031/' failed: Error in connection establishment: net::ERR_CONNECTION_REFUSED @ http://localhost:5199/assets/stage-B4ZnF7Se.js:0
[11826976ms] [ERROR] WebSocket connection to 'ws://localhost:8031/' failed: Error in connection establishment: net::ERR_CONNECTION_REFUSED @ http://localhost:5199/assets/stage-B4ZnF7Se.js:0
[11830421ms] [ERROR] WebSocket connection to 'ws://localhost:8031/' failed: Error in connection establishment: net::ERR_CONNECTION_REFUSED @ http://localhost:5199/assets/stage-B4ZnF7Se.js:0
[11836009ms] [ERROR] WebSocket connection to 'ws://localhost:8031/' failed: Error in connection establishment: net::ERR_CONNECTION_REFUSED @ http://localhost:5199/assets/stage-B4ZnF7Se.js:0
[11841446ms] [ERROR] WebSocket connection to 'ws://localhost:8031/' failed: Error in connection establishment: net::ERR_CONNECTION_REFUSED @ http://localhost:5199/assets/stage-B4ZnF7Se.js:0
[11845493ms] [ERROR] WebSocket connection to 'ws://localhost:8031/' failed: Error in connection establishment: net::ERR_CONNECTION_REFUSED @ http://localhost:5199/assets/stage-B4ZnF7Se.js:0
[11849113ms] [ERROR] WebSocket connection to 'ws://localhost:8031/' failed: Error in connection establishment: net::ERR_CONNECTION_REFUSED @ http://localhost:5199/assets/stage-B4ZnF7Se.js:0
[11853355ms] [ERROR] WebSocket connection to 'ws://localhost:8031/' failed: Error in connection establishment: net::ERR_CONNECTION_REFUSED @ http://localhost:5199/assets/stage-B4ZnF7Se.js:0
[11856863ms] [ERROR] WebSocket connection to 'ws://localhost:8031/' failed: Error in connection establishment: net::ERR_CONNECTION_REFUSED @ http://localhost:5199/assets/stage-B4ZnF7Se.js:0
[11863237ms] [ERROR] WebSocket connection to 'ws://localhost:8031/' failed: Error in connection establishment: net::ERR_CONNECTION_REFUSED @ http://localhost:5199/assets/stage-B4ZnF7Se.js:0
[11869050ms] [ERROR] WebSocket connection to 'ws://localhost:8031/' failed: Error in connection establishment: net::ERR_CONNECTION_REFUSED @ http://localhost:5199/assets/stage-B4ZnF7Se.js:0
[11872437ms] [ERROR] WebSocket connection to 'ws://localhost:8031/' failed: Error in connection establishment: net::ERR_CONNECTION_REFUSED @ http://localhost:5199/assets/stage-B4ZnF7Se.js:0
[11877821ms] [ERROR] WebSocket connection to 'ws://localhost:8031/' failed: Error in connection establishment: net::ERR_CONNECTION_REFUSED @ http://localhost:5199/assets/stage-B4ZnF7Se.js:0
[11881725ms] [ERROR] WebSocket connection to 'ws://localhost:8031/' failed: Error in connection establishment: net::ERR_CONNECTION_REFUSED @ http://localhost:5199/assets/stage-B4ZnF7Se.js:0
[11885125ms] [ERROR] WebSocket connection to 'ws://localhost:8031/' failed: Error in connection establishment: net::ERR_CONNECTION_REFUSED @ http://localhost:5199/assets/stage-B4ZnF7Se.js:0
[11890304ms] [ERROR] WebSocket connection to 'ws://localhost:8031/' failed: Error in connection establishment: net::ERR_CONNECTION_REFUSED @ http://localhost:5199/assets/stage-B4ZnF7Se.js:0
[11895029ms] [ERROR] WebSocket connection to 'ws://localhost:8031/' failed: Error in connection establishment: net::ERR_CONNECTION_REFUSED @ http://localhost:5199/assets/stage-B4ZnF7Se.js:0
[11901175ms] [ERROR] WebSocket connection to 'ws://localhost:8031/' failed: Error in connection establishment: net::ERR_CONNECTION_REFUSED @ http://localhost:5199/assets/stage-B4ZnF7Se.js:0
[11905558ms] [ERROR] WebSocket connection to 'ws://localhost:8031/' failed: Error in connection establishment: net::ERR_CONNECTION_REFUSED @ http://localhost:5199/assets/stage-B4ZnF7Se.js:0
[11909287ms] [ERROR] WebSocket connection to 'ws://localhost:8031/' failed: Error in connection establishment: net::ERR_CONNECTION_REFUSED @ http://localhost:5199/assets/stage-B4ZnF7Se.js:0
[11914674ms] [ERROR] WebSocket connection to 'ws://localhost:8031/' failed: Error in connection establishment: net::ERR_CONNECTION_REFUSED @ http://localhost:5199/assets/stage-B4ZnF7Se.js:0
[11919662ms] [ERROR] WebSocket connection to 'ws://localhost:8031/' failed: Error in connection establishment: net::ERR_CONNECTION_REFUSED @ http://localhost:5199/assets/stage-B4ZnF7Se.js:0
[11922525ms] [ERROR] WebSocket connection to 'ws://localhost:8031/' failed: Error in connection establishment: net::ERR_CONNECTION_REFUSED @ http://localhost:5199/assets/stage-B4ZnF7Se.js:0
[11928362ms] [ERROR] WebSocket connection to 'ws://localhost:8031/' failed: Error in connection establishment: net::ERR_CONNECTION_REFUSED @ http://localhost:5199/assets/stage-B4ZnF7Se.js:0
[11933266ms] [ERROR] WebSocket connection to 'ws://localhost:8031/' failed: Error in connection establishment: net::ERR_CONNECTION_REFUSED @ http://localhost:5199/assets/stage-B4ZnF7Se.js:0
[11938632ms] [ERROR] WebSocket connection to 'ws://localhost:8031/' failed: Error in connection establishment: net::ERR_CONNECTION_REFUSED @ http://localhost:5199/assets/stage-B4ZnF7Se.js:0
[11942640ms] [ERROR] WebSocket connection to 'ws://localhost:8031/' failed: Error in connection establishment: net::ERR_CONNECTION_REFUSED @ http://localhost:5199/assets/stage-B4ZnF7Se.js:0
[11948182ms] [ERROR] WebSocket connection to 'ws://localhost:8031/' failed: Error in connection establishment: net::ERR_CONNECTION_REFUSED @ http://localhost:5199/assets/stage-B4ZnF7Se.js:0
[11952199ms] [ERROR] WebSocket connection to 'ws://localhost:8031/' failed: Error in connection establishment: net::ERR_CONNECTION_REFUSED @ http://localhost:5199/assets/stage-B4ZnF7Se.js:0
[11955554ms] [ERROR] WebSocket connection to 'ws://localhost:8031/' failed: Error in connection establishment: net::ERR_CONNECTION_REFUSED @ http://localhost:5199/assets/stage-B4ZnF7Se.js:0
[11959474ms] [ERROR] WebSocket connection to 'ws://localhost:8031/' failed: Error in connection establishment: net::ERR_CONNECTION_REFUSED @ http://localhost:5199/assets/stage-B4ZnF7Se.js:0
[11962716ms] [ERROR] WebSocket connection to 'ws://localhost:8031/' failed: Error in connection establishment: net::ERR_CONNECTION_REFUSED @ http://localhost:5199/assets/stage-B4ZnF7Se.js:0
[11964221ms] [ERROR] WebSocket connection to 'ws://localhost:8031/' failed: Error in connection establishment: net::ERR_CONNECTION_REFUSED @ http://localhost:5199/assets/stage-B4ZnF7Se.js:0
[11965727ms] [ERROR] WebSocket connection to 'ws://localhost:8031/' failed: Error in connection establishment: net::ERR_CONNECTION_REFUSED @ http://localhost:5199/assets/stage-B4ZnF7Se.js:0
[11967230ms] [ERROR] WebSocket connection to 'ws://localhost:8031/' failed: Error in connection establishment: net::ERR_CONNECTION_REFUSED @ http://localhost:5199/assets/stage-B4ZnF7Se.js:0
[11968736ms] [ERROR] WebSocket connection to 'ws://localhost:8031/' failed: Error in connection establishment: net::ERR_CONNECTION_REFUSED @ http://localhost:5199/assets/stage-B4ZnF7Se.js:0
[11970242ms] [ERROR] WebSocket connection to 'ws://localhost:8031/' failed: Error in connection establishment: net::ERR_CONNECTION_REFUSED @ http://localhost:5199/assets/stage-B4ZnF7Se.js:0
[11971749ms] [ERROR] WebSocket connection to 'ws://localhost:8031/' failed: Error in connection establishment: net::ERR_CONNECTION_REFUSED @ http://localhost:5199/assets/stage-B4ZnF7Se.js:0
[11973261ms] [ERROR] WebSocket connection to 'ws://localhost:8031/' failed: Error in connection establishment: net::ERR_CONNECTION_REFUSED @ http://localhost:5199/assets/stage-B4ZnF7Se.js:0
[11974778ms] [ERROR] WebSocket connection to 'ws://localhost:8031/' failed: Error in connection establishment: net::ERR_CONNECTION_REFUSED @ http://localhost:5199/assets/stage-B4ZnF7Se.js:0
[11976321ms] [ERROR] WebSocket connection to 'ws://localhost:8031/' failed: Error in connection establishment: net::ERR_CONNECTION_REFUSED @ http://localhost:5199/assets/stage-B4ZnF7Se.js:0
[11977849ms] [ERROR] WebSocket connection to 'ws://localhost:8031/' failed: Error in connection establishment: net::ERR_CONNECTION_REFUSED @ http://localhost:5199/assets/stage-B4ZnF7Se.js:0
[11979511ms] [ERROR] WebSocket connection to 'ws://localhost:8031/' failed: Error in connection establishment: net::ERR_CONNECTION_REFUSED @ http://localhost:5199/assets/stage-B4ZnF7Se.js:0
[11981157ms] [ERROR] WebSocket connection to 'ws://localhost:8031/' failed: Error in connection establishment: net::ERR_CONNECTION_REFUSED @ http://localhost:5199/assets/stage-B4ZnF7Se.js:0
[11982857ms] [ERROR] WebSocket connection to 'ws://localhost:8031/' failed: Error in connection establishment: net::ERR_CONNECTION_REFUSED @ http://localhost:5199/assets/stage-B4ZnF7Se.js:0
[11985082ms] [ERROR] WebSocket connection to 'ws://localhost:8031/' failed: Error in connection establishment: net::ERR_CONNECTION_REFUSED @ http://localhost:5199/assets/stage-B4ZnF7Se.js:0
[11988687ms] [ERROR] WebSocket connection to 'ws://localhost:8031/' failed: Error in connection establishment: net::ERR_CONNECTION_REFUSED @ http://localhost:5199/assets/stage-B4ZnF7Se.js:0
[11991527ms] [ERROR] WebSocket connection to 'ws://localhost:8031/' failed: Error in connection establishment: net::ERR_CONNECTION_REFUSED @ http://localhost:5199/assets/stage-B4ZnF7Se.js:0
[11997561ms] [ERROR] WebSocket connection to 'ws://localhost:8031/' failed: Error in connection establishment: net::ERR_CONNECTION_REFUSED @ http://localhost:5199/assets/stage-B4ZnF7Se.js:0
[12002220ms] [ERROR] WebSocket connection to 'ws://localhost:8031/' failed: Error in connection establishment: net::ERR_CONNECTION_REFUSED @ http://localhost:5199/assets/stage-B4ZnF7Se.js:0
[12004849ms] [ERROR] WebSocket connection to 'ws://localhost:8031/' failed: Error in connection establishment: net::ERR_CONNECTION_REFUSED @ http://localhost:5199/assets/stage-B4ZnF7Se.js:0
[12007733ms] [ERROR] WebSocket connection to 'ws://localhost:8031/' failed: Error in connection establishment: net::ERR_CONNECTION_REFUSED @ http://localhost:5199/assets/stage-B4ZnF7Se.js:0
[12013069ms] [ERROR] WebSocket connection to 'ws://localhost:8031/' failed: Error in connection establishment: net::ERR_CONNECTION_REFUSED @ http://localhost:5199/assets/stage-B4ZnF7Se.js:0
[12017627ms] [ERROR] WebSocket connection to 'ws://localhost:8031/' failed: Error in connection establishment: net::ERR_CONNECTION_REFUSED @ http://localhost:5199/assets/stage-B4ZnF7Se.js:0
[12023199ms] [ERROR] WebSocket connection to 'ws://localhost:8031/' failed: Error in connection establishment: net::ERR_CONNECTION_REFUSED @ http://localhost:5199/assets/stage-B4ZnF7Se.js:0
[12028377ms] [ERROR] WebSocket connection to 'ws://localhost:8031/' failed: Error in connection establishment: net::ERR_CONNECTION_REFUSED @ http://localhost:5199/assets/stage-B4ZnF7Se.js:0
[12031640ms] [ERROR] WebSocket connection to 'ws://localhost:8031/' failed: Error in connection establishment: net::ERR_CONNECTION_REFUSED @ http://localhost:5199/assets/stage-B4ZnF7Se.js:0
[12034455ms] [ERROR] WebSocket connection to 'ws://localhost:8031/' failed: Error in connection establishment: net::ERR_CONNECTION_REFUSED @ http://localhost:5199/assets/stage-B4ZnF7Se.js:0
[12040957ms] [ERROR] WebSocket connection to 'ws://localhost:8031/' failed: Error in connection establishment: net::ERR_CONNECTION_REFUSED @ http://localhost:5199/assets/stage-B4ZnF7Se.js:0
[12044744ms] [ERROR] WebSocket connection to 'ws://localhost:8031/' failed: Error in connection establishment: net::ERR_CONNECTION_REFUSED @ http://localhost:5199/assets/stage-B4ZnF7Se.js:0
[12050844ms] [ERROR] WebSocket connection to 'ws://localhost:8031/' failed: Error in connection establishment: net::ERR_CONNECTION_REFUSED @ http://localhost:5199/assets/stage-B4ZnF7Se.js:0
[12054319ms] [ERROR] WebSocket connection to 'ws://localhost:8031/' failed: Error in connection establishment: net::ERR_CONNECTION_REFUSED @ http://localhost:5199/assets/stage-B4ZnF7Se.js:0
[12059165ms] [ERROR] WebSocket connection to 'ws://localhost:8031/' failed: Error in connection establishment: net::ERR_CONNECTION_REFUSED @ http://localhost:5199/assets/stage-B4ZnF7Se.js:0
[12065167ms] [ERROR] WebSocket connection to 'ws://localhost:8031/' failed: Error in connection establishment: net::ERR_CONNECTION_REFUSED @ http://localhost:5199/assets/stage-B4ZnF7Se.js:0
[12069369ms] [ERROR] WebSocket connection to 'ws://localhost:8031/' failed: Error in connection establishment: net::ERR_CONNECTION_REFUSED @ http://localhost:5199/assets/stage-B4ZnF7Se.js:0
[12072052ms] [ERROR] WebSocket connection to 'ws://localhost:8031/' failed: Error in connection establishment: net::ERR_CONNECTION_REFUSED @ http://localhost:5199/assets/stage-B4ZnF7Se.js:0
[12074919ms] [ERROR] WebSocket connection to 'ws://localhost:8031/' failed: Error in connection establishment: net::ERR_CONNECTION_REFUSED @ http://localhost:5199/assets/stage-B4ZnF7Se.js:0
[12077449ms] [ERROR] WebSocket connection to 'ws://localhost:8031/' failed: Error in connection establishment: net::ERR_CONNECTION_REFUSED @ http://localhost:5199/assets/stage-B4ZnF7Se.js:0
[12080931ms] [ERROR] WebSocket connection to 'ws://localhost:8031/' failed: Error in connection establishment: net::ERR_CONNECTION_REFUSED @ http://localhost:5199/assets/stage-B4ZnF7Se.js:0
[12084577ms] [ERROR] WebSocket connection to 'ws://localhost:8031/' failed: Error in connection establishment: net::ERR_CONNECTION_REFUSED @ http://localhost:5199/assets/stage-B4ZnF7Se.js:0
[12088510ms] [ERROR] WebSocket connection to 'ws://localhost:8031/' failed: Error in connection establishment: net::ERR_CONNECTION_REFUSED @ http://localhost:5199/assets/stage-B4ZnF7Se.js:0
[12092819ms] [ERROR] WebSocket connection to 'ws://localhost:8031/' failed: Error in connection establishment: net::ERR_CONNECTION_REFUSED @ http://localhost:5199/assets/stage-B4ZnF7Se.js:0
[12097457ms] [ERROR] WebSocket connection to 'ws://localhost:8031/' failed: Error in connection establishment: net::ERR_CONNECTION_REFUSED @ http://localhost:5199/assets/stage-B4ZnF7Se.js:0
[12100735ms] [ERROR] WebSocket connection to 'ws://localhost:8031/' failed: Error in connection establishment: net::ERR_CONNECTION_REFUSED @ http://localhost:5199/assets/stage-B4ZnF7Se.js:0
[12105509ms] [ERROR] WebSocket connection to 'ws://localhost:8031/' failed: Error in connection establishment: net::ERR_CONNECTION_REFUSED @ http://localhost:5199/assets/stage-B4ZnF7Se.js:0
[12108465ms] [ERROR] WebSocket connection to 'ws://localhost:8031/' failed: Error in connection establishment: net::ERR_CONNECTION_REFUSED @ http://localhost:5199/assets/stage-B4ZnF7Se.js:0
[12114756ms] [ERROR] WebSocket connection to 'ws://localhost:8031/' failed: Error in connection establishment: net::ERR_CONNECTION_REFUSED @ http://localhost:5199/assets/stage-B4ZnF7Se.js:0
[12119331ms] [ERROR] WebSocket connection to 'ws://localhost:8031/' failed: Error in connection establishment: net::ERR_CONNECTION_REFUSED @ http://localhost:5199/assets/stage-B4ZnF7Se.js:0
[12124503ms] [ERROR] WebSocket connection to 'ws://localhost:8031/' failed: Error in connection establishment: net::ERR_CONNECTION_REFUSED @ http://localhost:5199/assets/stage-B4ZnF7Se.js:0
[12129360ms] [ERROR] WebSocket connection to 'ws://localhost:8031/' failed: Error in connection establishment: net::ERR_CONNECTION_REFUSED @ http://localhost:5199/assets/stage-B4ZnF7Se.js:0
[12135356ms] [ERROR] WebSocket connection to 'ws://localhost:8031/' failed: Error in connection establishment: net::ERR_CONNECTION_REFUSED @ http://localhost:5199/assets/stage-B4ZnF7Se.js:0
[12139756ms] [ERROR] WebSocket connection to 'ws://localhost:8031/' failed: Error in connection establishment: net::ERR_CONNECTION_REFUSED @ http://localhost:5199/assets/stage-B4ZnF7Se.js:0
[12144218ms] [ERROR] WebSocket connection to 'ws://localhost:8031/' failed: Error in connection establishment: net::ERR_CONNECTION_REFUSED @ http://localhost:5199/assets/stage-B4ZnF7Se.js:0
[12147743ms] [ERROR] WebSocket connection to 'ws://localhost:8031/' failed: Error in connection establishment: net::ERR_CONNECTION_REFUSED @ http://localhost:5199/assets/stage-B4ZnF7Se.js:0
[12152230ms] [ERROR] WebSocket connection to 'ws://localhost:8031/' failed: Error in connection establishment: net::ERR_CONNECTION_REFUSED @ http://localhost:5199/assets/stage-B4ZnF7Se.js:0
[12156643ms] [ERROR] WebSocket connection to 'ws://localhost:8031/' failed: Error in connection establishment: net::ERR_CONNECTION_REFUSED @ http://localhost:5199/assets/stage-B4ZnF7Se.js:0
[12159502ms] [ERROR] WebSocket connection to 'ws://localhost:8031/' failed: Error in connection establishment: net::ERR_CONNECTION_REFUSED @ http://localhost:5199/assets/stage-B4ZnF7Se.js:0
[12163859ms] [ERROR] WebSocket connection to 'ws://localhost:8031/' failed: Error in connection establishment: net::ERR_CONNECTION_REFUSED @ http://localhost:5199/assets/stage-B4ZnF7Se.js:0
[12170272ms] [ERROR] WebSocket connection to 'ws://localhost:8031/' failed: Error in connection establishment: net::ERR_CONNECTION_REFUSED @ http://localhost:5199/assets/stage-B4ZnF7Se.js:0
[12176363ms] [ERROR] WebSocket connection to 'ws://localhost:8031/' failed: Error in connection establishment: net::ERR_CONNECTION_REFUSED @ http://localhost:5199/assets/stage-B4ZnF7Se.js:0
[12182206ms] [ERROR] WebSocket connection to 'ws://localhost:8031/' failed: Error in connection establishment: net::ERR_CONNECTION_REFUSED @ http://localhost:5199/assets/stage-B4ZnF7Se.js:0
[12187147ms] [ERROR] WebSocket connection to 'ws://localhost:8031/' failed: Error in connection establishment: net::ERR_CONNECTION_REFUSED @ http://localhost:5199/assets/stage-B4ZnF7Se.js:0
[12192811ms] [ERROR] WebSocket connection to 'ws://localhost:8031/' failed: Error in connection establishment: net::ERR_CONNECTION_REFUSED @ http://localhost:5199/assets/stage-B4ZnF7Se.js:0
[12199001ms] [ERROR] WebSocket connection to 'ws://localhost:8031/' failed: Error in connection establishment: net::ERR_CONNECTION_REFUSED @ http://localhost:5199/assets/stage-B4ZnF7Se.js:0
[12204392ms] [ERROR] WebSocket connection to 'ws://localhost:8031/' failed: Error in connection establishment: net::ERR_CONNECTION_REFUSED @ http://localhost:5199/assets/stage-B4ZnF7Se.js:0
[12210550ms] [ERROR] WebSocket connection to 'ws://localhost:8031/' failed: Error in connection establishment: net::ERR_CONNECTION_REFUSED @ http://localhost:5199/assets/stage-B4ZnF7Se.js:0
[12215217ms] [ERROR] WebSocket connection to 'ws://localhost:8031/' failed: Error in connection establishment: net::ERR_CONNECTION_REFUSED @ http://localhost:5199/assets/stage-B4ZnF7Se.js:0
[12217842ms] [ERROR] WebSocket connection to 'ws://localhost:8031/' failed: Error in connection establishment: net::ERR_CONNECTION_REFUSED @ http://localhost:5199/assets/stage-B4ZnF7Se.js:0
[12220508ms] [ERROR] WebSocket connection to 'ws://localhost:8031/' failed: Error in connection establishment: net::ERR_CONNECTION_REFUSED @ http://localhost:5199/assets/stage-B4ZnF7Se.js:0
[12224230ms] [ERROR] WebSocket connection to 'ws://localhost:8031/' failed: Error in connection establishment: net::ERR_CONNECTION_REFUSED @ http://localhost:5199/assets/stage-B4ZnF7Se.js:0
[12228875ms] [ERROR] WebSocket connection to 'ws://localhost:8031/' failed: Error in connection establishment: net::ERR_CONNECTION_REFUSED @ http://localhost:5199/assets/stage-B4ZnF7Se.js:0
[12233509ms] [ERROR] WebSocket connection to 'ws://localhost:8031/' failed: Error in connection establishment: net::ERR_CONNECTION_REFUSED @ http://localhost:5199/assets/stage-B4ZnF7Se.js:0
[12236322ms] [ERROR] WebSocket connection to 'ws://localhost:8031/' failed: Error in connection establishment: net::ERR_CONNECTION_REFUSED @ http://localhost:5199/assets/stage-B4ZnF7Se.js:0
[12241895ms] [ERROR] WebSocket connection to 'ws://localhost:8031/' failed: Error in connection establishment: net::ERR_CONNECTION_REFUSED @ http://localhost:5199/assets/stage-B4ZnF7Se.js:0
[12246130ms] [ERROR] WebSocket connection to 'ws://localhost:8031/' failed: Error in connection establishment: net::ERR_CONNECTION_REFUSED @ http://localhost:5199/assets/stage-B4ZnF7Se.js:0
[12248930ms] [ERROR] WebSocket connection to 'ws://localhost:8031/' failed: Error in connection establishment: net::ERR_CONNECTION_REFUSED @ http://localhost:5199/assets/stage-B4ZnF7Se.js:0
[12251938ms] [ERROR] WebSocket connection to 'ws://localhost:8031/' failed: Error in connection establishment: net::ERR_CONNECTION_REFUSED @ http://localhost:5199/assets/stage-B4ZnF7Se.js:0
[12257667ms] [ERROR] WebSocket connection to 'ws://localhost:8031/' failed: Error in connection establishment: net::ERR_CONNECTION_REFUSED @ http://localhost:5199/assets/stage-B4ZnF7Se.js:0
[12261600ms] [ERROR] WebSocket connection to 'ws://localhost:8031/' failed: Error in connection establishment: net::ERR_CONNECTION_REFUSED @ http://localhost:5199/assets/stage-B4ZnF7Se.js:0
[12267950ms] [ERROR] WebSocket connection to 'ws://localhost:8031/' failed: Error in connection establishment: net::ERR_CONNECTION_REFUSED @ http://localhost:5199/assets/stage-B4ZnF7Se.js:0
[12273984ms] [ERROR] WebSocket connection to 'ws://localhost:8031/' failed: Error in connection establishment: net::ERR_CONNECTION_REFUSED @ http://localhost:5199/assets/stage-B4ZnF7Se.js:0
[12279629ms] [ERROR] WebSocket connection to 'ws://localhost:8031/' failed: Error in connection establishment: net::ERR_CONNECTION_REFUSED @ http://localhost:5199/assets/stage-B4ZnF7Se.js:0
[12284533ms] [ERROR] WebSocket connection to 'ws://localhost:8031/' failed: Error in connection establishment: net::ERR_CONNECTION_REFUSED @ http://localhost:5199/assets/stage-B4ZnF7Se.js:0
[12290756ms] [ERROR] WebSocket connection to 'ws://localhost:8031/' failed: Error in connection establishment: net::ERR_CONNECTION_REFUSED @ http://localhost:5199/assets/stage-B4ZnF7Se.js:0
[12293638ms] [ERROR] WebSocket connection to 'ws://localhost:8031/' failed: Error in connection establishment: net::ERR_CONNECTION_REFUSED @ http://localhost:5199/assets/stage-B4ZnF7Se.js:0
[12296946ms] [ERROR] WebSocket connection to 'ws://localhost:8031/' failed: Error in connection establishment: net::ERR_CONNECTION_REFUSED @ http://localhost:5199/assets/stage-B4ZnF7Se.js:0
[12300763ms] [ERROR] WebSocket connection to 'ws://localhost:8031/' failed: Error in connection establishment: net::ERR_CONNECTION_REFUSED @ http://localhost:5199/assets/stage-B4ZnF7Se.js:0
[12306363ms] [ERROR] WebSocket connection to 'ws://localhost:8031/' failed: Error in connection establishment: net::ERR_CONNECTION_REFUSED @ http://localhost:5199/assets/stage-B4ZnF7Se.js:0
[12309038ms] [ERROR] WebSocket connection to 'ws://localhost:8031/' failed: Error in connection establishment: net::ERR_CONNECTION_REFUSED @ http://localhost:5199/assets/stage-B4ZnF7Se.js:0
[12312405ms] [ERROR] WebSocket connection to 'ws://localhost:8031/' failed: Error in connection establishment: net::ERR_CONNECTION_REFUSED @ http://localhost:5199/assets/stage-B4ZnF7Se.js:0
[12317888ms] [ERROR] WebSocket connection to 'ws://localhost:8031/' failed: Error in connection establishment: net::ERR_CONNECTION_REFUSED @ http://localhost:5199/assets/stage-B4ZnF7Se.js:0
[12320713ms] [ERROR] WebSocket connection to 'ws://localhost:8031/' failed: Error in connection establishment: net::ERR_CONNECTION_REFUSED @ http://localhost:5199/assets/stage-B4ZnF7Se.js:0
[12325445ms] [ERROR] WebSocket connection to 'ws://localhost:8031/' failed: Error in connection establishment: net::ERR_CONNECTION_REFUSED @ http://localhost:5199/assets/stage-B4ZnF7Se.js:0
[12328050ms] [ERROR] WebSocket connection to 'ws://localhost:8031/' failed: Error in connection establishment: net::ERR_CONNECTION_REFUSED @ http://localhost:5199/assets/stage-B4ZnF7Se.js:0
[12333188ms] [ERROR] WebSocket connection to 'ws://localhost:8031/' failed: Error in connection establishment: net::ERR_CONNECTION_REFUSED @ http://localhost:5199/assets/stage-B4ZnF7Se.js:0
[12336388ms] [ERROR] WebSocket connection to 'ws://localhost:8031/' failed: Error in connection establishment: net::ERR_CONNECTION_REFUSED @ http://localhost:5199/assets/stage-B4ZnF7Se.js:0
[12339554ms] [ERROR] WebSocket connection to 'ws://localhost:8031/' failed: Error in connection establishment: net::ERR_CONNECTION_REFUSED @ http://localhost:5199/assets/stage-B4ZnF7Se.js:0
[12345629ms] [ERROR] WebSocket connection to 'ws://localhost:8031/' failed: Error in connection establishment: net::ERR_CONNECTION_REFUSED @ http://localhost:5199/assets/stage-B4ZnF7Se.js:0
[12351525ms] [ERROR] WebSocket connection to 'ws://localhost:8031/' failed: Error in connection establishment: net::ERR_CONNECTION_REFUSED @ http://localhost:5199/assets/stage-B4ZnF7Se.js:0
[12354953ms] [ERROR] WebSocket connection to 'ws://localhost:8031/' failed: Error in connection establishment: net::ERR_CONNECTION_REFUSED @ http://localhost:5199/assets/stage-B4ZnF7Se.js:0
[12360858ms] [ERROR] WebSocket connection to 'ws://localhost:8031/' failed: Error in connection establishment: net::ERR_CONNECTION_REFUSED @ http://localhost:5199/assets/stage-B4ZnF7Se.js:0
[12364121ms] [ERROR] WebSocket connection to 'ws://localhost:8031/' failed: Error in connection establishment: net::ERR_CONNECTION_REFUSED @ http://localhost:5199/assets/stage-B4ZnF7Se.js:0
[12368445ms] [ERROR] WebSocket connection to 'ws://localhost:8031/' failed: Error in connection establishment: net::ERR_CONNECTION_REFUSED @ http://localhost:5199/assets/stage-B4ZnF7Se.js:0
[12372833ms] [ERROR] WebSocket connection to 'ws://localhost:8031/' failed: Error in connection establishment: net::ERR_CONNECTION_REFUSED @ http://localhost:5199/assets/stage-B4ZnF7Se.js:0
[12378224ms] [ERROR] WebSocket connection to 'ws://localhost:8031/' failed: Error in connection establishment: net::ERR_CONNECTION_REFUSED @ http://localhost:5199/assets/stage-B4ZnF7Se.js:0
[12384057ms] [ERROR] WebSocket connection to 'ws://localhost:8031/' failed: Error in connection establishment: net::ERR_CONNECTION_REFUSED @ http://localhost:5199/assets/stage-B4ZnF7Se.js:0
[12389194ms] [ERROR] WebSocket connection to 'ws://localhost:8031/' failed: Error in connection establishment: net::ERR_CONNECTION_REFUSED @ http://localhost:5199/assets/stage-B4ZnF7Se.js:0
[12391921ms] [ERROR] WebSocket connection to 'ws://localhost:8031/' failed: Error in connection establishment: net::ERR_CONNECTION_REFUSED @ http://localhost:5199/assets/stage-B4ZnF7Se.js:0
[12394852ms] [ERROR] WebSocket connection to 'ws://localhost:8031/' failed: Error in connection establishment: net::ERR_CONNECTION_REFUSED @ http://localhost:5199/assets/stage-B4ZnF7Se.js:0
[12399235ms] [ERROR] WebSocket connection to 'ws://localhost:8031/' failed: Error in connection establishment: net::ERR_CONNECTION_REFUSED @ http://localhost:5199/assets/stage-B4ZnF7Se.js:0
[12402674ms] [ERROR] WebSocket connection to 'ws://localhost:8031/' failed: Error in connection establishment: net::ERR_CONNECTION_REFUSED @ http://localhost:5199/assets/stage-B4ZnF7Se.js:0
[12409023ms] [ERROR] WebSocket connection to 'ws://localhost:8031/' failed: Error in connection establishment: net::ERR_CONNECTION_REFUSED @ http://localhost:5199/assets/stage-B4ZnF7Se.js:0
[12412063ms] [ERROR] WebSocket connection to 'ws://localhost:8031/' failed: Error in connection establishment: net::ERR_CONNECTION_REFUSED @ http://localhost:5199/assets/stage-B4ZnF7Se.js:0
[12417964ms] [ERROR] WebSocket connection to 'ws://localhost:8031/' failed: Error in connection establishment: net::ERR_CONNECTION_REFUSED @ http://localhost:5199/assets/stage-B4ZnF7Se.js:0
[12420676ms] [ERROR] WebSocket connection to 'ws://localhost:8031/' failed: Error in connection establishment: net::ERR_CONNECTION_REFUSED @ http://localhost:5199/assets/stage-B4ZnF7Se.js:0
[12425437ms] [ERROR] WebSocket connection to 'ws://localhost:8031/' failed: Error in connection establishment: net::ERR_CONNECTION_REFUSED @ http://localhost:5199/assets/stage-B4ZnF7Se.js:0
[12428438ms] [ERROR] WebSocket connection to 'ws://localhost:8031/' failed: Error in connection establishment: net::ERR_CONNECTION_REFUSED @ http://localhost:5199/assets/stage-B4ZnF7Se.js:0
[12432711ms] [ERROR] WebSocket connection to 'ws://localhost:8031/' failed: Error in connection establishment: net::ERR_CONNECTION_REFUSED @ http://localhost:5199/assets/stage-B4ZnF7Se.js:0
[12436503ms] [ERROR] WebSocket connection to 'ws://localhost:8031/' failed: Error in connection establishment: net::ERR_CONNECTION_REFUSED @ http://localhost:5199/assets/stage-B4ZnF7Se.js:0
[12440284ms] [ERROR] WebSocket connection to 'ws://localhost:8031/' failed: Error in connection establishment: net::ERR_CONNECTION_REFUSED @ http://localhost:5199/assets/stage-B4ZnF7Se.js:0
[12445606ms] [ERROR] WebSocket connection to 'ws://localhost:8031/' failed: Error in connection establishment: net::ERR_CONNECTION_REFUSED @ http://localhost:5199/assets/stage-B4ZnF7Se.js:0
[12448986ms] [ERROR] WebSocket connection to 'ws://localhost:8031/' failed: Error in connection establishment: net::ERR_CONNECTION_REFUSED @ http://localhost:5199/assets/stage-B4ZnF7Se.js:0
[12454411ms] [ERROR] WebSocket connection to 'ws://localhost:8031/' failed: Error in connection establishment: net::ERR_CONNECTION_REFUSED @ http://localhost:5199/assets/stage-B4ZnF7Se.js:0
[12459302ms] [ERROR] WebSocket connection to 'ws://localhost:8031/' failed: Error in connection establishment: net::ERR_CONNECTION_REFUSED @ http://localhost:5199/assets/stage-B4ZnF7Se.js:0
[12464732ms] [ERROR] WebSocket connection to 'ws://localhost:8031/' failed: Error in connection establishment: net::ERR_CONNECTION_REFUSED @ http://localhost:5199/assets/stage-B4ZnF7Se.js:0
[12469720ms] [ERROR] WebSocket connection to 'ws://localhost:8031/' failed: Error in connection establishment: net::ERR_CONNECTION_REFUSED @ http://localhost:5199/assets/stage-B4ZnF7Se.js:0
[12475894ms] [ERROR] WebSocket connection to 'ws://localhost:8031/' failed: Error in connection establishment: net::ERR_CONNECTION_REFUSED @ http://localhost:5199/assets/stage-B4ZnF7Se.js:0
[12481990ms] [ERROR] WebSocket connection to 'ws://localhost:8031/' failed: Error in connection establishment: net::ERR_CONNECTION_REFUSED @ http://localhost:5199/assets/stage-B4ZnF7Se.js:0
[12485755ms] [ERROR] WebSocket connection to 'ws://localhost:8031/' failed: Error in connection establishment: net::ERR_CONNECTION_REFUSED @ http://localhost:5199/assets/stage-B4ZnF7Se.js:0
[12489812ms] [ERROR] WebSocket connection to 'ws://localhost:8031/' failed: Error in connection establishment: net::ERR_CONNECTION_REFUSED @ http://localhost:5199/assets/stage-B4ZnF7Se.js:0
[12492971ms] [ERROR] WebSocket connection to 'ws://localhost:8031/' failed: Error in connection establishment: net::ERR_CONNECTION_REFUSED @ http://localhost:5199/assets/stage-B4ZnF7Se.js:0
[12495615ms] [ERROR] WebSocket connection to 'ws://localhost:8031/' failed: Error in connection establishment: net::ERR_CONNECTION_REFUSED @ http://localhost:5199/assets/stage-B4ZnF7Se.js:0
[12500158ms] [ERROR] WebSocket connection to 'ws://localhost:8031/' failed: Error in connection establishment: net::ERR_CONNECTION_REFUSED @ http://localhost:5199/assets/stage-B4ZnF7Se.js:0
[12505963ms] [ERROR] WebSocket connection to 'ws://localhost:8031/' failed: Error in connection establishment: net::ERR_CONNECTION_REFUSED @ http://localhost:5199/assets/stage-B4ZnF7Se.js:0
[12511214ms] [ERROR] WebSocket connection to 'ws://localhost:8031/' failed: Error in connection establishment: net::ERR_CONNECTION_REFUSED @ http://localhost:5199/assets/stage-B4ZnF7Se.js:0
[12517203ms] [ERROR] WebSocket connection to 'ws://localhost:8031/' failed: Error in connection establishment: net::ERR_CONNECTION_REFUSED @ http://localhost:5199/assets/stage-B4ZnF7Se.js:0
[12520805ms] [ERROR] WebSocket connection to 'ws://localhost:8031/' failed: Error in connection establishment: net::ERR_CONNECTION_REFUSED @ http://localhost:5199/assets/stage-B4ZnF7Se.js:0
[12524349ms] [ERROR] WebSocket connection to 'ws://localhost:8031/' failed: Error in connection establishment: net::ERR_CONNECTION_REFUSED @ http://localhost:5199/assets/stage-B4ZnF7Se.js:0
[12527331ms] [ERROR] WebSocket connection to 'ws://localhost:8031/' failed: Error in connection establishment: net::ERR_CONNECTION_REFUSED @ http://localhost:5199/assets/stage-B4ZnF7Se.js:0
[12531487ms] [ERROR] WebSocket connection to 'ws://localhost:8031/' failed: Error in connection establishment: net::ERR_CONNECTION_REFUSED @ http://localhost:5199/assets/stage-B4ZnF7Se.js:0
[12537115ms] [ERROR] WebSocket connection to 'ws://localhost:8031/' failed: Error in connection establishment: net::ERR_CONNECTION_REFUSED @ http://localhost:5199/assets/stage-B4ZnF7Se.js:0
[12541552ms] [ERROR] WebSocket connection to 'ws://localhost:8031/' failed: Error in connection establishment: net::ERR_CONNECTION_REFUSED @ http://localhost:5199/assets/stage-B4ZnF7Se.js:0
[12544445ms] [ERROR] WebSocket connection to 'ws://localhost:8031/' failed: Error in connection establishment: net::ERR_CONNECTION_REFUSED @ http://localhost:5199/assets/stage-B4ZnF7Se.js:0
[12549674ms] [ERROR] WebSocket connection to 'ws://localhost:8031/' failed: Error in connection establishment: net::ERR_CONNECTION_REFUSED @ http://localhost:5199/assets/stage-B4ZnF7Se.js:0
[12555511ms] [ERROR] WebSocket connection to 'ws://localhost:8031/' failed: Error in connection establishment: net::ERR_CONNECTION_REFUSED @ http://localhost:5199/assets/stage-B4ZnF7Se.js:0
[12561765ms] [ERROR] WebSocket connection to 'ws://localhost:8031/' failed: Error in connection establishment: net::ERR_CONNECTION_REFUSED @ http://localhost:5199/assets/stage-B4ZnF7Se.js:0
[12565920ms] [ERROR] WebSocket connection to 'ws://localhost:8031/' failed: Error in connection establishment: net::ERR_CONNECTION_REFUSED @ http://localhost:5199/assets/stage-B4ZnF7Se.js:0
[12571836ms] [ERROR] WebSocket connection to 'ws://localhost:8031/' failed: Error in connection establishment: net::ERR_CONNECTION_REFUSED @ http://localhost:5199/assets/stage-B4ZnF7Se.js:0
[12576036ms] [ERROR] WebSocket connection to 'ws://localhost:8031/' failed: Error in connection establishment: net::ERR_CONNECTION_REFUSED @ http://localhost:5199/assets/stage-B4ZnF7Se.js:0
[12581261ms] [ERROR] WebSocket connection to 'ws://localhost:8031/' failed: Error in connection establishment: net::ERR_CONNECTION_REFUSED @ http://localhost:5199/assets/stage-B4ZnF7Se.js:0
[12587145ms] [ERROR] WebSocket connection to 'ws://localhost:8031/' failed: Error in connection establishment: net::ERR_CONNECTION_REFUSED @ http://localhost:5199/assets/stage-B4ZnF7Se.js:0
[12592670ms] [ERROR] WebSocket connection to 'ws://localhost:8031/' failed: Error in connection establishment: net::ERR_CONNECTION_REFUSED @ http://localhost:5199/assets/stage-B4ZnF7Se.js:0
[12596544ms] [ERROR] WebSocket connection to 'ws://localhost:8031/' failed: Error in connection establishment: net::ERR_CONNECTION_REFUSED @ http://localhost:5199/assets/stage-B4ZnF7Se.js:0
[12599765ms] [ERROR] WebSocket connection to 'ws://localhost:8031/' failed: Error in connection establishment: net::ERR_CONNECTION_REFUSED @ http://localhost:5199/assets/stage-B4ZnF7Se.js:0
[12603707ms] [ERROR] WebSocket connection to 'ws://localhost:8031/' failed: Error in connection establishment: net::ERR_CONNECTION_REFUSED @ http://localhost:5199/assets/stage-B4ZnF7Se.js:0
[12607707ms] [ERROR] WebSocket connection to 'ws://localhost:8031/' failed: Error in connection establishment: net::ERR_CONNECTION_REFUSED @ http://localhost:5199/assets/stage-B4ZnF7Se.js:0
[12612207ms] [ERROR] WebSocket connection to 'ws://localhost:8031/' failed: Error in connection establishment: net::ERR_CONNECTION_REFUSED @ http://localhost:5199/assets/stage-B4ZnF7Se.js:0
[12618265ms] [ERROR] WebSocket connection to 'ws://localhost:8031/' failed: Error in connection establishment: net::ERR_CONNECTION_REFUSED @ http://localhost:5199/assets/stage-B4ZnF7Se.js:0
[12624177ms] [ERROR] WebSocket connection to 'ws://localhost:8031/' failed: Error in connection establishment: net::ERR_CONNECTION_REFUSED @ http://localhost:5199/assets/stage-B4ZnF7Se.js:0
[12626727ms] [ERROR] WebSocket connection to 'ws://localhost:8031/' failed: Error in connection establishment: net::ERR_CONNECTION_REFUSED @ http://localhost:5199/assets/stage-B4ZnF7Se.js:0
[12631860ms] [ERROR] WebSocket connection to 'ws://localhost:8031/' failed: Error in connection establishment: net::ERR_CONNECTION_REFUSED @ http://localhost:5199/assets/stage-B4ZnF7Se.js:0
[12636501ms] [ERROR] WebSocket connection to 'ws://localhost:8031/' failed: Error in connection establishment: net::ERR_CONNECTION_REFUSED @ http://localhost:5199/assets/stage-B4ZnF7Se.js:0
[12641219ms] [ERROR] WebSocket connection to 'ws://localhost:8031/' failed: Error in connection establishment: net::ERR_CONNECTION_REFUSED @ http://localhost:5199/assets/stage-B4ZnF7Se.js:0
[12644215ms] [ERROR] WebSocket connection to 'ws://localhost:8031/' failed: Error in connection establishment: net::ERR_CONNECTION_REFUSED @ http://localhost:5199/assets/stage-B4ZnF7Se.js:0
[12647464ms] [ERROR] WebSocket connection to 'ws://localhost:8031/' failed: Error in connection establishment: net::ERR_CONNECTION_REFUSED @ http://localhost:5199/assets/stage-B4ZnF7Se.js:0
[12653605ms] [ERROR] WebSocket connection to 'ws://localhost:8031/' failed: Error in connection establishment: net::ERR_CONNECTION_REFUSED @ http://localhost:5199/assets/stage-B4ZnF7Se.js:0
[12658864ms] [ERROR] WebSocket connection to 'ws://localhost:8031/' failed: Error in connection establishment: net::ERR_CONNECTION_REFUSED @ http://localhost:5199/assets/stage-B4ZnF7Se.js:0
[12665126ms] [ERROR] WebSocket connection to 'ws://localhost:8031/' failed: Error in connection establishment: net::ERR_CONNECTION_REFUSED @ http://localhost:5199/assets/stage-B4ZnF7Se.js:0
[12669202ms] [ERROR] WebSocket connection to 'ws://localhost:8031/' failed: Error in connection establishment: net::ERR_CONNECTION_REFUSED @ http://localhost:5199/assets/stage-B4ZnF7Se.js:0
[12672619ms] [ERROR] WebSocket connection to 'ws://localhost:8031/' failed: Error in connection establishment: net::ERR_CONNECTION_REFUSED @ http://localhost:5199/assets/stage-B4ZnF7Se.js:0
[12678827ms] [ERROR] WebSocket connection to 'ws://localhost:8031/' failed: Error in connection establishment: net::ERR_CONNECTION_REFUSED @ http://localhost:5199/assets/stage-B4ZnF7Se.js:0
[12683481ms] [ERROR] WebSocket connection to 'ws://localhost:8031/' failed: Error in connection establishment: net::ERR_CONNECTION_REFUSED @ http://localhost:5199/assets/stage-B4ZnF7Se.js:0
[12684985ms] [ERROR] WebSocket connection to 'ws://localhost:8031/' failed: Error in connection establishment: net::ERR_CONNECTION_REFUSED @ http://localhost:5199/assets/stage-B4ZnF7Se.js:0
[12686490ms] [ERROR] WebSocket connection to 'ws://localhost:8031/' failed: Error in connection establishment: net::ERR_CONNECTION_REFUSED @ http://localhost:5199/assets/stage-B4ZnF7Se.js:0
[12687995ms] [ERROR] WebSocket connection to 'ws://localhost:8031/' failed: Error in connection establishment: net::ERR_CONNECTION_REFUSED @ http://localhost:5199/assets/stage-B4ZnF7Se.js:0
[12689499ms] [ERROR] WebSocket connection to 'ws://localhost:8031/' failed: Error in connection establishment: net::ERR_CONNECTION_REFUSED @ http://localhost:5199/assets/stage-B4ZnF7Se.js:0
[12691004ms] [ERROR] WebSocket connection to 'ws://localhost:8031/' failed: Error in connection establishment: net::ERR_CONNECTION_REFUSED @ http://localhost:5199/assets/stage-B4ZnF7Se.js:0
[12692514ms] [ERROR] WebSocket connection to 'ws://localhost:8031/' failed: Error in connection establishment: net::ERR_CONNECTION_REFUSED @ http://localhost:5199/assets/stage-B4ZnF7Se.js:0
[12694024ms] [ERROR] WebSocket connection to 'ws://localhost:8031/' failed: Error in connection establishment: net::ERR_CONNECTION_REFUSED @ http://localhost:5199/assets/stage-B4ZnF7Se.js:0
[12695539ms] [ERROR] WebSocket connection to 'ws://localhost:8031/' failed: Error in connection establishment: net::ERR_CONNECTION_REFUSED @ http://localhost:5199/assets/stage-B4ZnF7Se.js:0
[12697085ms] [ERROR] WebSocket connection to 'ws://localhost:8031/' failed: Error in connection establishment: net::ERR_CONNECTION_REFUSED @ http://localhost:5199/assets/stage-B4ZnF7Se.js:0
[12698627ms] [ERROR] WebSocket connection to 'ws://localhost:8031/' failed: Error in connection establishment: net::ERR_CONNECTION_REFUSED @ http://localhost:5199/assets/stage-B4ZnF7Se.js:0
[12700293ms] [ERROR] WebSocket connection to 'ws://localhost:8031/' failed: Error in connection establishment: net::ERR_CONNECTION_REFUSED @ http://localhost:5199/assets/stage-B4ZnF7Se.js:0
[12702002ms] [ERROR] WebSocket connection to 'ws://localhost:8031/' failed: Error in connection establishment: net::ERR_CONNECTION_REFUSED @ http://localhost:5199/assets/stage-B4ZnF7Se.js:0
[12703681ms] [ERROR] WebSocket connection to 'ws://localhost:8031/' failed: Error in connection establishment: net::ERR_CONNECTION_REFUSED @ http://localhost:5199/assets/stage-B4ZnF7Se.js:0
[12705509ms] [ERROR] WebSocket connection to 'ws://localhost:8031/' failed: Error in connection establishment: net::ERR_CONNECTION_REFUSED @ http://localhost:5199/assets/stage-B4ZnF7Se.js:0
[12708797ms] [ERROR] WebSocket connection to 'ws://localhost:8031/' failed: Error in connection establishment: net::ERR_CONNECTION_REFUSED @ http://localhost:5199/assets/stage-B4ZnF7Se.js:0
[12713114ms] [ERROR] WebSocket connection to 'ws://localhost:8031/' failed: Error in connection establishment: net::ERR_CONNECTION_REFUSED @ http://localhost:5199/assets/stage-B4ZnF7Se.js:0
[12719006ms] [ERROR] WebSocket connection to 'ws://localhost:8031/' failed: Error in connection establishment: net::ERR_CONNECTION_REFUSED @ http://localhost:5199/assets/stage-B4ZnF7Se.js:0
[12722197ms] [ERROR] WebSocket connection to 'ws://localhost:8031/' failed: Error in connection establishment: net::ERR_CONNECTION_REFUSED @ http://localhost:5199/assets/stage-B4ZnF7Se.js:0
[12725539ms] [ERROR] WebSocket connection to 'ws://localhost:8031/' failed: Error in connection establishment: net::ERR_CONNECTION_REFUSED @ http://localhost:5199/assets/stage-B4ZnF7Se.js:0
[12730522ms] [ERROR] WebSocket connection to 'ws://localhost:8031/' failed: Error in connection establishment: net::ERR_CONNECTION_REFUSED @ http://localhost:5199/assets/stage-B4ZnF7Se.js:0
[12733781ms] [ERROR] WebSocket connection to 'ws://localhost:8031/' failed: Error in connection establishment: net::ERR_CONNECTION_REFUSED @ http://localhost:5199/assets/stage-B4ZnF7Se.js:0
[12738044ms] [ERROR] WebSocket connection to 'ws://localhost:8031/' failed: Error in connection establishment: net::ERR_CONNECTION_REFUSED @ http://localhost:5199/assets/stage-B4ZnF7Se.js:0
[12743668ms] [ERROR] WebSocket connection to 'ws://localhost:8031/' failed: Error in connection establishment: net::ERR_CONNECTION_REFUSED @ http://localhost:5199/assets/stage-B4ZnF7Se.js:0
[12749339ms] [ERROR] WebSocket connection to 'ws://localhost:8031/' failed: Error in connection establishment: net::ERR_CONNECTION_REFUSED @ http://localhost:5199/assets/stage-B4ZnF7Se.js:0
[12755331ms] [ERROR] WebSocket connection to 'ws://localhost:8031/' failed: Error in connection establishment: net::ERR_CONNECTION_REFUSED @ http://localhost:5199/assets/stage-B4ZnF7Se.js:0
[12761660ms] [ERROR] WebSocket connection to 'ws://localhost:8031/' failed: Error in connection establishment: net::ERR_CONNECTION_REFUSED @ http://localhost:5199/assets/stage-B4ZnF7Se.js:0
[12765585ms] [ERROR] WebSocket connection to 'ws://localhost:8031/' failed: Error in connection establishment: net::ERR_CONNECTION_REFUSED @ http://localhost:5199/assets/stage-B4ZnF7Se.js:0
[12771863ms] [ERROR] WebSocket connection to 'ws://localhost:8031/' failed: Error in connection establishment: net::ERR_CONNECTION_REFUSED @ http://localhost:5199/assets/stage-B4ZnF7Se.js:0
[12776576ms] [ERROR] WebSocket connection to 'ws://localhost:8031/' failed: Error in connection establishment: net::ERR_CONNECTION_REFUSED @ http://localhost:5199/assets/stage-B4ZnF7Se.js:0
[12779293ms] [ERROR] WebSocket connection to 'ws://localhost:8031/' failed: Error in connection establishment: net::ERR_CONNECTION_REFUSED @ http://localhost:5199/assets/stage-B4ZnF7Se.js:0
[12785393ms] [ERROR] WebSocket connection to 'ws://localhost:8031/' failed: Error in connection establishment: net::ERR_CONNECTION_REFUSED @ http://localhost:5199/assets/stage-B4ZnF7Se.js:0
[12788662ms] [ERROR] WebSocket connection to 'ws://localhost:8031/' failed: Error in connection establishment: net::ERR_CONNECTION_REFUSED @ http://localhost:5199/assets/stage-B4ZnF7Se.js:0
[12794080ms] [ERROR] WebSocket connection to 'ws://localhost:8031/' failed: Error in connection establishment: net::ERR_CONNECTION_REFUSED @ http://localhost:5199/assets/stage-B4ZnF7Se.js:0
[12797263ms] [ERROR] WebSocket connection to 'ws://localhost:8031/' failed: Error in connection establishment: net::ERR_CONNECTION_REFUSED @ http://localhost:5199/assets/stage-B4ZnF7Se.js:0
[12800430ms] [ERROR] WebSocket connection to 'ws://localhost:8031/' failed: Error in connection establishment: net::ERR_CONNECTION_REFUSED @ http://localhost:5199/assets/stage-B4ZnF7Se.js:0
[12805151ms] [ERROR] WebSocket connection to 'ws://localhost:8031/' failed: Error in connection establishment: net::ERR_CONNECTION_REFUSED @ http://localhost:5199/assets/stage-B4ZnF7Se.js:0
[12810501ms] [ERROR] WebSocket connection to 'ws://localhost:8031/' failed: Error in connection establishment: net::ERR_CONNECTION_REFUSED @ http://localhost:5199/assets/stage-B4ZnF7Se.js:0
[12815230ms] [ERROR] WebSocket connection to 'ws://localhost:8031/' failed: Error in connection establishment: net::ERR_CONNECTION_REFUSED @ http://localhost:5199/assets/stage-B4ZnF7Se.js:0
[12820175ms] [ERROR] WebSocket connection to 'ws://localhost:8031/' failed: Error in connection establishment: net::ERR_CONNECTION_REFUSED @ http://localhost:5199/assets/stage-B4ZnF7Se.js:0
[12823943ms] [ERROR] WebSocket connection to 'ws://localhost:8031/' failed: Error in connection establishment: net::ERR_CONNECTION_REFUSED @ http://localhost:5199/assets/stage-B4ZnF7Se.js:0
[12829994ms] [ERROR] WebSocket connection to 'ws://localhost:8031/' failed: Error in connection establishment: net::ERR_CONNECTION_REFUSED @ http://localhost:5199/assets/stage-B4ZnF7Se.js:0
[12833276ms] [ERROR] WebSocket connection to 'ws://localhost:8031/' failed: Error in connection establishment: net::ERR_CONNECTION_REFUSED @ http://localhost:5199/assets/stage-B4ZnF7Se.js:0
[12839470ms] [ERROR] WebSocket connection to 'ws://localhost:8031/' failed: Error in connection establishment: net::ERR_CONNECTION_REFUSED @ http://localhost:5199/assets/stage-B4ZnF7Se.js:0
[12845516ms] [ERROR] WebSocket connection to 'ws://localhost:8031/' failed: Error in connection establishment: net::ERR_CONNECTION_REFUSED @ http://localhost:5199/assets/stage-B4ZnF7Se.js:0
[12851951ms] [ERROR] WebSocket connection to 'ws://localhost:8031/' failed: Error in connection establishment: net::ERR_CONNECTION_REFUSED @ http://localhost:5199/assets/stage-B4ZnF7Se.js:0
[12856842ms] [ERROR] WebSocket connection to 'ws://localhost:8031/' failed: Error in connection establishment: net::ERR_CONNECTION_REFUSED @ http://localhost:5199/assets/stage-B4ZnF7Se.js:0
[12859917ms] [ERROR] WebSocket connection to 'ws://localhost:8031/' failed: Error in connection establishment: net::ERR_CONNECTION_REFUSED @ http://localhost:5199/assets/stage-B4ZnF7Se.js:0
[12864442ms] [ERROR] WebSocket connection to 'ws://localhost:8031/' failed: Error in connection establishment: net::ERR_CONNECTION_REFUSED @ http://localhost:5199/assets/stage-B4ZnF7Se.js:0
[12868817ms] [ERROR] WebSocket connection to 'ws://localhost:8031/' failed: Error in connection establishment: net::ERR_CONNECTION_REFUSED @ http://localhost:5199/assets/stage-B4ZnF7Se.js:0
[12873234ms] [ERROR] WebSocket connection to 'ws://localhost:8031/' failed: Error in connection establishment: net::ERR_CONNECTION_REFUSED @ http://localhost:5199/assets/stage-B4ZnF7Se.js:0
[12879071ms] [ERROR] WebSocket connection to 'ws://localhost:8031/' failed: Error in connection establishment: net::ERR_CONNECTION_REFUSED @ http://localhost:5199/assets/stage-B4ZnF7Se.js:0
[12884575ms] [ERROR] WebSocket connection to 'ws://localhost:8031/' failed: Error in connection establishment: net::ERR_CONNECTION_REFUSED @ http://localhost:5199/assets/stage-B4ZnF7Se.js:0
[12887817ms] [ERROR] WebSocket connection to 'ws://localhost:8031/' failed: Error in connection establishment: net::ERR_CONNECTION_REFUSED @ http://localhost:5199/assets/stage-B4ZnF7Se.js:0
[12893797ms] [ERROR] WebSocket connection to 'ws://localhost:8031/' failed: Error in connection establishment: net::ERR_CONNECTION_REFUSED @ http://localhost:5199/assets/stage-B4ZnF7Se.js:0
[12896729ms] [ERROR] WebSocket connection to 'ws://localhost:8031/' failed: Error in connection establishment: net::ERR_CONNECTION_REFUSED @ http://localhost:5199/assets/stage-B4ZnF7Se.js:0
[12900357ms] [ERROR] WebSocket connection to 'ws://localhost:8031/' failed: Error in connection establishment: net::ERR_CONNECTION_REFUSED @ http://localhost:5199/assets/stage-B4ZnF7Se.js:0
[12903504ms] [ERROR] WebSocket connection to 'ws://localhost:8031/' failed: Error in connection establishment: net::ERR_CONNECTION_REFUSED @ http://localhost:5199/assets/stage-B4ZnF7Se.js:0
[12907150ms] [ERROR] WebSocket connection to 'ws://localhost:8031/' failed: Error in connection establishment: net::ERR_CONNECTION_REFUSED @ http://localhost:5199/assets/stage-B4ZnF7Se.js:0
[12909892ms] [ERROR] WebSocket connection to 'ws://localhost:8031/' failed: Error in connection establishment: net::ERR_CONNECTION_REFUSED @ http://localhost:5199/assets/stage-B4ZnF7Se.js:0
[12914742ms] [ERROR] WebSocket connection to 'ws://localhost:8031/' failed: Error in connection establishment: net::ERR_CONNECTION_REFUSED @ http://localhost:5199/assets/stage-B4ZnF7Se.js:0
[12919771ms] [ERROR] WebSocket connection to 'ws://localhost:8031/' failed: Error in connection establishment: net::ERR_CONNECTION_REFUSED @ http://localhost:5199/assets/stage-B4ZnF7Se.js:0
[12925641ms] [ERROR] WebSocket connection to 'ws://localhost:8031/' failed: Error in connection establishment: net::ERR_CONNECTION_REFUSED @ http://localhost:5199/assets/stage-B4ZnF7Se.js:0
[12931468ms] [ERROR] WebSocket connection to 'ws://localhost:8031/' failed: Error in connection establishment: net::ERR_CONNECTION_REFUSED @ http://localhost:5199/assets/stage-B4ZnF7Se.js:0
[12935311ms] [ERROR] WebSocket connection to 'ws://localhost:8031/' failed: Error in connection establishment: net::ERR_CONNECTION_REFUSED @ http://localhost:5199/assets/stage-B4ZnF7Se.js:0
[12941675ms] [ERROR] WebSocket connection to 'ws://localhost:8031/' failed: Error in connection establishment: net::ERR_CONNECTION_REFUSED @ http://localhost:5199/assets/stage-B4ZnF7Se.js:0
[12944858ms] [ERROR] WebSocket connection to 'ws://localhost:8031/' failed: Error in connection establishment: net::ERR_CONNECTION_REFUSED @ http://localhost:5199/assets/stage-B4ZnF7Se.js:0
[12949894ms] [ERROR] WebSocket connection to 'ws://localhost:8031/' failed: Error in connection establishment: net::ERR_CONNECTION_REFUSED @ http://localhost:5199/assets/stage-B4ZnF7Se.js:0
[12953232ms] [ERROR] WebSocket connection to 'ws://localhost:8031/' failed: Error in connection establishment: net::ERR_CONNECTION_REFUSED @ http://localhost:5199/assets/stage-B4ZnF7Se.js:0
[12956337ms] [ERROR] WebSocket connection to 'ws://localhost:8031/' failed: Error in connection establishment: net::ERR_CONNECTION_REFUSED @ http://localhost:5199/assets/stage-B4ZnF7Se.js:0
[12960471ms] [ERROR] WebSocket connection to 'ws://localhost:8031/' failed: Error in connection establishment: net::ERR_CONNECTION_REFUSED @ http://localhost:5199/assets/stage-B4ZnF7Se.js:0
[12964408ms] [ERROR] WebSocket connection to 'ws://localhost:8031/' failed: Error in connection establishment: net::ERR_CONNECTION_REFUSED @ http://localhost:5199/assets/stage-B4ZnF7Se.js:0
[12970273ms] [ERROR] WebSocket connection to 'ws://localhost:8031/' failed: Error in connection establishment: net::ERR_CONNECTION_REFUSED @ http://localhost:5199/assets/stage-B4ZnF7Se.js:0
[12976271ms] [ERROR] WebSocket connection to 'ws://localhost:8031/' failed: Error in connection establishment: net::ERR_CONNECTION_REFUSED @ http://localhost:5199/assets/stage-B4ZnF7Se.js:0
[12980782ms] [ERROR] WebSocket connection to 'ws://localhost:8031/' failed: Error in connection establishment: net::ERR_CONNECTION_REFUSED @ http://localhost:5199/assets/stage-B4ZnF7Se.js:0
[12986574ms] [ERROR] WebSocket connection to 'ws://localhost:8031/' failed: Error in connection establishment: net::ERR_CONNECTION_REFUSED @ http://localhost:5199/assets/stage-B4ZnF7Se.js:0
[12991337ms] [ERROR] WebSocket connection to 'ws://localhost:8031/' failed: Error in connection establishment: net::ERR_CONNECTION_REFUSED @ http://localhost:5199/assets/stage-B4ZnF7Se.js:0
[12994470ms] [ERROR] WebSocket connection to 'ws://localhost:8031/' failed: Error in connection establishment: net::ERR_CONNECTION_REFUSED @ http://localhost:5199/assets/stage-B4ZnF7Se.js:0
[12998732ms] [ERROR] WebSocket connection to 'ws://localhost:8031/' failed: Error in connection establishment: net::ERR_CONNECTION_REFUSED @ http://localhost:5199/assets/stage-B4ZnF7Se.js:0
[13002432ms] [ERROR] WebSocket connection to 'ws://localhost:8031/' failed: Error in connection establishment: net::ERR_CONNECTION_REFUSED @ http://localhost:5199/assets/stage-B4ZnF7Se.js:0
[13008536ms] [ERROR] WebSocket connection to 'ws://localhost:8031/' failed: Error in connection establishment: net::ERR_CONNECTION_REFUSED @ http://localhost:5199/assets/stage-B4ZnF7Se.js:0
[13014562ms] [ERROR] WebSocket connection to 'ws://localhost:8031/' failed: Error in connection establishment: net::ERR_CONNECTION_REFUSED @ http://localhost:5199/assets/stage-B4ZnF7Se.js:0
[13018936ms] [ERROR] WebSocket connection to 'ws://localhost:8031/' failed: Error in connection establishment: net::ERR_CONNECTION_REFUSED @ http://localhost:5199/assets/stage-B4ZnF7Se.js:0
[13022753ms] [ERROR] WebSocket connection to 'ws://localhost:8031/' failed: Error in connection establishment: net::ERR_CONNECTION_REFUSED @ http://localhost:5199/assets/stage-B4ZnF7Se.js:0
[13027316ms] [ERROR] WebSocket connection to 'ws://localhost:8031/' failed: Error in connection establishment: net::ERR_CONNECTION_REFUSED @ http://localhost:5199/assets/stage-B4ZnF7Se.js:0
[13032141ms] [ERROR] WebSocket connection to 'ws://localhost:8031/' failed: Error in connection establishment: net::ERR_CONNECTION_REFUSED @ http://localhost:5199/assets/stage-B4ZnF7Se.js:0
[13034796ms] [ERROR] WebSocket connection to 'ws://localhost:8031/' failed: Error in connection establishment: net::ERR_CONNECTION_REFUSED @ http://localhost:5199/assets/stage-B4ZnF7Se.js:0
[13037558ms] [ERROR] WebSocket connection to 'ws://localhost:8031/' failed: Error in connection establishment: net::ERR_CONNECTION_REFUSED @ http://localhost:5199/assets/stage-B4ZnF7Se.js:0
[13043795ms] [ERROR] WebSocket connection to 'ws://localhost:8031/' failed: Error in connection establishment: net::ERR_CONNECTION_REFUSED @ http://localhost:5199/assets/stage-B4ZnF7Se.js:0
[13045298ms] [ERROR] WebSocket connection to 'ws://localhost:8031/' failed: Error in connection establishment: net::ERR_CONNECTION_REFUSED @ http://localhost:5199/assets/stage-B4ZnF7Se.js:0
[13046803ms] [ERROR] WebSocket connection to 'ws://localhost:8031/' failed: Error in connection establishment: net::ERR_CONNECTION_REFUSED @ http://localhost:5199/assets/stage-B4ZnF7Se.js:0
[13048307ms] [ERROR] WebSocket connection to 'ws://localhost:8031/' failed: Error in connection establishment: net::ERR_CONNECTION_REFUSED @ http://localhost:5199/assets/stage-B4ZnF7Se.js:0
[13049812ms] [ERROR] WebSocket connection to 'ws://localhost:8031/' failed: Error in connection establishment: net::ERR_CONNECTION_REFUSED @ http://localhost:5199/assets/stage-B4ZnF7Se.js:0
[13051318ms] [ERROR] WebSocket connection to 'ws://localhost:8031/' failed: Error in connection establishment: net::ERR_CONNECTION_REFUSED @ http://localhost:5199/assets/stage-B4ZnF7Se.js:0
[13052827ms] [ERROR] WebSocket connection to 'ws://localhost:8031/' failed: Error in connection establishment: net::ERR_CONNECTION_REFUSED @ http://localhost:5199/assets/stage-B4ZnF7Se.js:0
[13054340ms] [ERROR] WebSocket connection to 'ws://localhost:8031/' failed: Error in connection establishment: net::ERR_CONNECTION_REFUSED @ http://localhost:5199/assets/stage-B4ZnF7Se.js:0
[13055857ms] [ERROR] WebSocket connection to 'ws://localhost:8031/' failed: Error in connection establishment: net::ERR_CONNECTION_REFUSED @ http://localhost:5199/assets/stage-B4ZnF7Se.js:0
[13057403ms] [ERROR] WebSocket connection to 'ws://localhost:8031/' failed: Error in connection establishment: net::ERR_CONNECTION_REFUSED @ http://localhost:5199/assets/stage-B4ZnF7Se.js:0
[13058961ms] [ERROR] WebSocket connection to 'ws://localhost:8031/' failed: Error in connection establishment: net::ERR_CONNECTION_REFUSED @ http://localhost:5199/assets/stage-B4ZnF7Se.js:0
[13060602ms] [ERROR] WebSocket connection to 'ws://localhost:8031/' failed: Error in connection establishment: net::ERR_CONNECTION_REFUSED @ http://localhost:5199/assets/stage-B4ZnF7Se.js:0
[13062407ms] [ERROR] WebSocket connection to 'ws://localhost:8031/' failed: Error in connection establishment: net::ERR_CONNECTION_REFUSED @ http://localhost:5199/assets/stage-B4ZnF7Se.js:0
[13064460ms] [ERROR] WebSocket connection to 'ws://localhost:8031/' failed: Error in connection establishment: net::ERR_CONNECTION_REFUSED @ http://localhost:5199/assets/stage-B4ZnF7Se.js:0
[13066624ms] [ERROR] WebSocket connection to 'ws://localhost:8031/' failed: Error in connection establishment: net::ERR_CONNECTION_REFUSED @ http://localhost:5199/assets/stage-B4ZnF7Se.js:0
[13069674ms] [ERROR] WebSocket connection to 'ws://localhost:8031/' failed: Error in connection establishment: net::ERR_CONNECTION_REFUSED @ http://localhost:5199/assets/stage-B4ZnF7Se.js:0
[13075224ms] [ERROR] WebSocket connection to 'ws://localhost:8031/' failed: Error in connection establishment: net::ERR_CONNECTION_REFUSED @ http://localhost:5199/assets/stage-B4ZnF7Se.js:0
[13078053ms] [ERROR] WebSocket connection to 'ws://localhost:8031/' failed: Error in connection establishment: net::ERR_CONNECTION_REFUSED @ http://localhost:5199/assets/stage-B4ZnF7Se.js:0
[13083311ms] [ERROR] WebSocket connection to 'ws://localhost:8031/' failed: Error in connection establishment: net::ERR_CONNECTION_REFUSED @ http://localhost:5199/assets/stage-B4ZnF7Se.js:0
[13086006ms] [ERROR] WebSocket connection to 'ws://localhost:8031/' failed: Error in connection establishment: net::ERR_CONNECTION_REFUSED @ http://localhost:5199/assets/stage-B4ZnF7Se.js:0
[13090379ms] [ERROR] WebSocket connection to 'ws://localhost:8031/' failed: Error in connection establishment: net::ERR_CONNECTION_REFUSED @ http://localhost:5199/assets/stage-B4ZnF7Se.js:0
[13094944ms] [ERROR] WebSocket connection to 'ws://localhost:8031/' failed: Error in connection establishment: net::ERR_CONNECTION_REFUSED @ http://localhost:5199/assets/stage-B4ZnF7Se.js:0
[13099066ms] [ERROR] WebSocket connection to 'ws://localhost:8031/' failed: Error in connection establishment: net::ERR_CONNECTION_REFUSED @ http://localhost:5199/assets/stage-B4ZnF7Se.js:0
[13103489ms] [ERROR] WebSocket connection to 'ws://localhost:8031/' failed: Error in connection establishment: net::ERR_CONNECTION_REFUSED @ http://localhost:5199/assets/stage-B4ZnF7Se.js:0
[13107752ms] [ERROR] WebSocket connection to 'ws://localhost:8031/' failed: Error in connection establishment: net::ERR_CONNECTION_REFUSED @ http://localhost:5199/assets/stage-B4ZnF7Se.js:0
[13111035ms] [ERROR] WebSocket connection to 'ws://localhost:8031/' failed: Error in connection establishment: net::ERR_CONNECTION_REFUSED @ http://localhost:5199/assets/stage-B4ZnF7Se.js:0
[13117252ms] [ERROR] WebSocket connection to 'ws://localhost:8031/' failed: Error in connection establishment: net::ERR_CONNECTION_REFUSED @ http://localhost:5199/assets/stage-B4ZnF7Se.js:0
[13122736ms] [ERROR] WebSocket connection to 'ws://localhost:8031/' failed: Error in connection establishment: net::ERR_CONNECTION_REFUSED @ http://localhost:5199/assets/stage-B4ZnF7Se.js:0
[13128898ms] [ERROR] WebSocket connection to 'ws://localhost:8031/' failed: Error in connection establishment: net::ERR_CONNECTION_REFUSED @ http://localhost:5199/assets/stage-B4ZnF7Se.js:0
[13133231ms] [ERROR] WebSocket connection to 'ws://localhost:8031/' failed: Error in connection establishment: net::ERR_CONNECTION_REFUSED @ http://localhost:5199/assets/stage-B4ZnF7Se.js:0
[13135789ms] [ERROR] WebSocket connection to 'ws://localhost:8031/' failed: Error in connection establishment: net::ERR_CONNECTION_REFUSED @ http://localhost:5199/assets/stage-B4ZnF7Se.js:0
[13138511ms] [ERROR] WebSocket connection to 'ws://localhost:8031/' failed: Error in connection establishment: net::ERR_CONNECTION_REFUSED @ http://localhost:5199/assets/stage-B4ZnF7Se.js:0
[13142352ms] [ERROR] WebSocket connection to 'ws://localhost:8031/' failed: Error in connection establishment: net::ERR_CONNECTION_REFUSED @ http://localhost:5199/assets/stage-B4ZnF7Se.js:0
[13146373ms] [ERROR] WebSocket connection to 'ws://localhost:8031/' failed: Error in connection establishment: net::ERR_CONNECTION_REFUSED @ http://localhost:5199/assets/stage-B4ZnF7Se.js:0
[13150727ms] [ERROR] WebSocket connection to 'ws://localhost:8031/' failed: Error in connection establishment: net::ERR_CONNECTION_REFUSED @ http://localhost:5199/assets/stage-B4ZnF7Se.js:0
[13153784ms] [ERROR] WebSocket connection to 'ws://localhost:8031/' failed: Error in connection establishment: net::ERR_CONNECTION_REFUSED @ http://localhost:5199/assets/stage-B4ZnF7Se.js:0
[13159432ms] [ERROR] WebSocket connection to 'ws://localhost:8031/' failed: Error in connection establishment: net::ERR_CONNECTION_REFUSED @ http://localhost:5199/assets/stage-B4ZnF7Se.js:0
[13163260ms] [ERROR] WebSocket connection to 'ws://localhost:8031/' failed: Error in connection establishment: net::ERR_CONNECTION_REFUSED @ http://localhost:5199/assets/stage-B4ZnF7Se.js:0
[13167990ms] [ERROR] WebSocket connection to 'ws://localhost:8031/' failed: Error in connection establishment: net::ERR_CONNECTION_REFUSED @ http://localhost:5199/assets/stage-B4ZnF7Se.js:0
[13170726ms] [ERROR] WebSocket connection to 'ws://localhost:8031/' failed: Error in connection establishment: net::ERR_CONNECTION_REFUSED @ http://localhost:5199/assets/stage-B4ZnF7Se.js:0
[13173739ms] [ERROR] WebSocket connection to 'ws://localhost:8031/' failed: Error in connection establishment: net::ERR_CONNECTION_REFUSED @ http://localhost:5199/assets/stage-B4ZnF7Se.js:0
[13179839ms] [ERROR] WebSocket connection to 'ws://localhost:8031/' failed: Error in connection establishment: net::ERR_CONNECTION_REFUSED @ http://localhost:5199/assets/stage-B4ZnF7Se.js:0
[13183440ms] [ERROR] WebSocket connection to 'ws://localhost:8031/' failed: Error in connection establishment: net::ERR_CONNECTION_REFUSED @ http://localhost:5199/assets/stage-B4ZnF7Se.js:0
[13186656ms] [ERROR] WebSocket connection to 'ws://localhost:8031/' failed: Error in connection establishment: net::ERR_CONNECTION_REFUSED @ http://localhost:5199/assets/stage-B4ZnF7Se.js:0
[13190685ms] [ERROR] WebSocket connection to 'ws://localhost:8031/' failed: Error in connection establishment: net::ERR_CONNECTION_REFUSED @ http://localhost:5199/assets/stage-B4ZnF7Se.js:0
[13193959ms] [ERROR] WebSocket connection to 'ws://localhost:8031/' failed: Error in connection establishment: net::ERR_CONNECTION_REFUSED @ http://localhost:5199/assets/stage-B4ZnF7Se.js:0
[13200085ms] [ERROR] WebSocket connection to 'ws://localhost:8031/' failed: Error in connection establishment: net::ERR_CONNECTION_REFUSED @ http://localhost:5199/assets/stage-B4ZnF7Se.js:0
[13205384ms] [ERROR] WebSocket connection to 'ws://localhost:8031/' failed: Error in connection establishment: net::ERR_CONNECTION_REFUSED @ http://localhost:5199/assets/stage-B4ZnF7Se.js:0
[13211562ms] [ERROR] WebSocket connection to 'ws://localhost:8031/' failed: Error in connection establishment: net::ERR_CONNECTION_REFUSED @ http://localhost:5199/assets/stage-B4ZnF7Se.js:0
[13215293ms] [ERROR] WebSocket connection to 'ws://localhost:8031/' failed: Error in connection establishment: net::ERR_CONNECTION_REFUSED @ http://localhost:5199/assets/stage-B4ZnF7Se.js:0
[13218422ms] [ERROR] WebSocket connection to 'ws://localhost:8031/' failed: Error in connection establishment: net::ERR_CONNECTION_REFUSED @ http://localhost:5199/assets/stage-B4ZnF7Se.js:0
[13224564ms] [ERROR] WebSocket connection to 'ws://localhost:8031/' failed: Error in connection establishment: net::ERR_CONNECTION_REFUSED @ http://localhost:5199/assets/stage-B4ZnF7Se.js:0
[13230092ms] [ERROR] WebSocket connection to 'ws://localhost:8031/' failed: Error in connection establishment: net::ERR_CONNECTION_REFUSED @ http://localhost:5199/assets/stage-B4ZnF7Se.js:0
[13234564ms] [ERROR] WebSocket connection to 'ws://localhost:8031/' failed: Error in connection establishment: net::ERR_CONNECTION_REFUSED @ http://localhost:5199/assets/stage-B4ZnF7Se.js:0
[13240642ms] [ERROR] WebSocket connection to 'ws://localhost:8031/' failed: Error in connection establishment: net::ERR_CONNECTION_REFUSED @ http://localhost:5199/assets/stage-B4ZnF7Se.js:0
[13244872ms] [ERROR] WebSocket connection to 'ws://localhost:8031/' failed: Error in connection establishment: net::ERR_CONNECTION_REFUSED @ http://localhost:5199/assets/stage-B4ZnF7Se.js:0
[13250372ms] [ERROR] WebSocket connection to 'ws://localhost:8031/' failed: Error in connection establishment: net::ERR_CONNECTION_REFUSED @ http://localhost:5199/assets/stage-B4ZnF7Se.js:0
[13256542ms] [ERROR] WebSocket connection to 'ws://localhost:8031/' failed: Error in connection establishment: net::ERR_CONNECTION_REFUSED @ http://localhost:5199/assets/stage-B4ZnF7Se.js:0
[13262647ms] [ERROR] WebSocket connection to 'ws://localhost:8031/' failed: Error in connection establishment: net::ERR_CONNECTION_REFUSED @ http://localhost:5199/assets/stage-B4ZnF7Se.js:0
[13265766ms] [ERROR] WebSocket connection to 'ws://localhost:8031/' failed: Error in connection establishment: net::ERR_CONNECTION_REFUSED @ http://localhost:5199/assets/stage-B4ZnF7Se.js:0
[13270005ms] [ERROR] WebSocket connection to 'ws://localhost:8031/' failed: Error in connection establishment: net::ERR_CONNECTION_REFUSED @ http://localhost:5199/assets/stage-B4ZnF7Se.js:0
[13272609ms] [ERROR] WebSocket connection to 'ws://localhost:8031/' failed: Error in connection establishment: net::ERR_CONNECTION_REFUSED @ http://localhost:5199/assets/stage-B4ZnF7Se.js:0
[13276942ms] [ERROR] WebSocket connection to 'ws://localhost:8031/' failed: Error in connection establishment: net::ERR_CONNECTION_REFUSED @ http://localhost:5199/assets/stage-B4ZnF7Se.js:0
[13283249ms] [ERROR] WebSocket connection to 'ws://localhost:8031/' failed: Error in connection establishment: net::ERR_CONNECTION_REFUSED @ http://localhost:5199/assets/stage-B4ZnF7Se.js:0
[13287663ms] [ERROR] WebSocket connection to 'ws://localhost:8031/' failed: Error in connection establishment: net::ERR_CONNECTION_REFUSED @ http://localhost:5199/assets/stage-B4ZnF7Se.js:0
[13290809ms] [ERROR] WebSocket connection to 'ws://localhost:8031/' failed: Error in connection establishment: net::ERR_CONNECTION_REFUSED @ http://localhost:5199/assets/stage-B4ZnF7Se.js:0
[13294600ms] [ERROR] WebSocket connection to 'ws://localhost:8031/' failed: Error in connection establishment: net::ERR_CONNECTION_REFUSED @ http://localhost:5199/assets/stage-B4ZnF7Se.js:0
[13300571ms] [ERROR] WebSocket connection to 'ws://localhost:8031/' failed: Error in connection establishment: net::ERR_CONNECTION_REFUSED @ http://localhost:5199/assets/stage-B4ZnF7Se.js:0
[13305350ms] [ERROR] WebSocket connection to 'ws://localhost:8031/' failed: Error in connection establishment: net::ERR_CONNECTION_REFUSED @ http://localhost:5199/assets/stage-B4ZnF7Se.js:0
[13308884ms] [ERROR] WebSocket connection to 'ws://localhost:8031/' failed: Error in connection establishment: net::ERR_CONNECTION_REFUSED @ http://localhost:5199/assets/stage-B4ZnF7Se.js:0
[13312613ms] [ERROR] WebSocket connection to 'ws://localhost:8031/' failed: Error in connection establishment: net::ERR_CONNECTION_REFUSED @ http://localhost:5199/assets/stage-B4ZnF7Se.js:0
[13318989ms] [ERROR] WebSocket connection to 'ws://localhost:8031/' failed: Error in connection establishment: net::ERR_CONNECTION_REFUSED @ http://localhost:5199/assets/stage-B4ZnF7Se.js:0
[13323562ms] [ERROR] WebSocket connection to 'ws://localhost:8031/' failed: Error in connection establishment: net::ERR_CONNECTION_REFUSED @ http://localhost:5199/assets/stage-B4ZnF7Se.js:0
[13326647ms] [ERROR] WebSocket connection to 'ws://localhost:8031/' failed: Error in connection establishment: net::ERR_CONNECTION_REFUSED @ http://localhost:5199/assets/stage-B4ZnF7Se.js:0
[13329500ms] [ERROR] WebSocket connection to 'ws://localhost:8031/' failed: Error in connection establishment: net::ERR_CONNECTION_REFUSED @ http://localhost:5199/assets/stage-B4ZnF7Se.js:0
[13334074ms] [ERROR] WebSocket connection to 'ws://localhost:8031/' failed: Error in connection establishment: net::ERR_CONNECTION_REFUSED @ http://localhost:5199/assets/stage-B4ZnF7Se.js:0
[13339122ms] [ERROR] WebSocket connection to 'ws://localhost:8031/' failed: Error in connection establishment: net::ERR_CONNECTION_REFUSED @ http://localhost:5199/assets/stage-B4ZnF7Se.js:0
[13342296ms] [ERROR] WebSocket connection to 'ws://localhost:8031/' failed: Error in connection establishment: net::ERR_CONNECTION_REFUSED @ http://localhost:5199/assets/stage-B4ZnF7Se.js:0
[13346742ms] [ERROR] WebSocket connection to 'ws://localhost:8031/' failed: Error in connection establishment: net::ERR_CONNECTION_REFUSED @ http://localhost:5199/assets/stage-B4ZnF7Se.js:0
[13352203ms] [ERROR] WebSocket connection to 'ws://localhost:8031/' failed: Error in connection establishment: net::ERR_CONNECTION_REFUSED @ http://localhost:5199/assets/stage-B4ZnF7Se.js:0
[13357140ms] [ERROR] WebSocket connection to 'ws://localhost:8031/' failed: Error in connection establishment: net::ERR_CONNECTION_REFUSED @ http://localhost:5199/assets/stage-B4ZnF7Se.js:0
[13362104ms] [ERROR] WebSocket connection to 'ws://localhost:8031/' failed: Error in connection establishment: net::ERR_CONNECTION_REFUSED @ http://localhost:5199/assets/stage-B4ZnF7Se.js:0
[13365079ms] [ERROR] WebSocket connection to 'ws://localhost:8031/' failed: Error in connection establishment: net::ERR_CONNECTION_REFUSED @ http://localhost:5199/assets/stage-B4ZnF7Se.js:0
[13369826ms] [ERROR] WebSocket connection to 'ws://localhost:8031/' failed: Error in connection establishment: net::ERR_CONNECTION_REFUSED @ http://localhost:5199/assets/stage-B4ZnF7Se.js:0
[13375632ms] [ERROR] WebSocket connection to 'ws://localhost:8031/' failed: Error in connection establishment: net::ERR_CONNECTION_REFUSED @ http://localhost:5199/assets/stage-B4ZnF7Se.js:0
[13378799ms] [ERROR] WebSocket connection to 'ws://localhost:8031/' failed: Error in connection establishment: net::ERR_CONNECTION_REFUSED @ http://localhost:5199/assets/stage-B4ZnF7Se.js:0
[13382367ms] [ERROR] WebSocket connection to 'ws://localhost:8031/' failed: Error in connection establishment: net::ERR_CONNECTION_REFUSED @ http://localhost:5199/assets/stage-B4ZnF7Se.js:0
[13386938ms] [ERROR] WebSocket connection to 'ws://localhost:8031/' failed: Error in connection establishment: net::ERR_CONNECTION_REFUSED @ http://localhost:5199/assets/stage-B4ZnF7Se.js:0
[13393279ms] [ERROR] WebSocket connection to 'ws://localhost:8031/' failed: Error in connection establishment: net::ERR_CONNECTION_REFUSED @ http://localhost:5199/assets/stage-B4ZnF7Se.js:0
[13398216ms] [ERROR] WebSocket connection to 'ws://localhost:8031/' failed: Error in connection establishment: net::ERR_CONNECTION_REFUSED @ http://localhost:5199/assets/stage-B4ZnF7Se.js:0
[13403500ms] [ERROR] WebSocket connection to 'ws://localhost:8031/' failed: Error in connection establishment: net::ERR_CONNECTION_REFUSED @ http://localhost:5199/assets/stage-B4ZnF7Se.js:0
[13407683ms] [ERROR] WebSocket connection to 'ws://localhost:8031/' failed: Error in connection establishment: net::ERR_CONNECTION_REFUSED @ http://localhost:5199/assets/stage-B4ZnF7Se.js:0
[13413591ms] [ERROR] WebSocket connection to 'ws://localhost:8031/' failed: Error in connection establishment: net::ERR_CONNECTION_REFUSED @ http://localhost:5199/assets/stage-B4ZnF7Se.js:0
[13416979ms] [ERROR] WebSocket connection to 'ws://localhost:8031/' failed: Error in connection establishment: net::ERR_CONNECTION_REFUSED @ http://localhost:5199/assets/stage-B4ZnF7Se.js:0
[13423012ms] [ERROR] WebSocket connection to 'ws://localhost:8031/' failed: Error in connection establishment: net::ERR_CONNECTION_REFUSED @ http://localhost:5199/assets/stage-B4ZnF7Se.js:0
[13428967ms] [ERROR] WebSocket connection to 'ws://localhost:8031/' failed: Error in connection establishment: net::ERR_CONNECTION_REFUSED @ http://localhost:5199/assets/stage-B4ZnF7Se.js:0
[13432166ms] [ERROR] WebSocket connection to 'ws://localhost:8031/' failed: Error in connection establishment: net::ERR_CONNECTION_REFUSED @ http://localhost:5199/assets/stage-B4ZnF7Se.js:0
[13437679ms] [ERROR] WebSocket connection to 'ws://localhost:8031/' failed: Error in connection establishment: net::ERR_CONNECTION_REFUSED @ http://localhost:5199/assets/stage-B4ZnF7Se.js:0
[13441996ms] [ERROR] WebSocket connection to 'ws://localhost:8031/' failed: Error in connection establishment: net::ERR_CONNECTION_REFUSED @ http://localhost:5199/assets/stage-B4ZnF7Se.js:0
[13445840ms] [ERROR] WebSocket connection to 'ws://localhost:8031/' failed: Error in connection establishment: net::ERR_CONNECTION_REFUSED @ http://localhost:5199/assets/stage-B4ZnF7Se.js:0
[13451272ms] [ERROR] WebSocket connection to 'ws://localhost:8031/' failed: Error in connection establishment: net::ERR_CONNECTION_REFUSED @ http://localhost:5199/assets/stage-B4ZnF7Se.js:0
[13457117ms] [ERROR] WebSocket connection to 'ws://localhost:8031/' failed: Error in connection establishment: net::ERR_CONNECTION_REFUSED @ http://localhost:5199/assets/stage-B4ZnF7Se.js:0
[13463493ms] [ERROR] WebSocket connection to 'ws://localhost:8031/' failed: Error in connection establishment: net::ERR_CONNECTION_REFUSED @ http://localhost:5199/assets/stage-B4ZnF7Se.js:0
[13469182ms] [ERROR] WebSocket connection to 'ws://localhost:8031/' failed: Error in connection establishment: net::ERR_CONNECTION_REFUSED @ http://localhost:5199/assets/stage-B4ZnF7Se.js:0
[13474612ms] [ERROR] WebSocket connection to 'ws://localhost:8031/' failed: Error in connection establishment: net::ERR_CONNECTION_REFUSED @ http://localhost:5199/assets/stage-B4ZnF7Se.js:0
[13479751ms] [ERROR] WebSocket connection to 'ws://localhost:8031/' failed: Error in connection establishment: net::ERR_CONNECTION_REFUSED @ http://localhost:5199/assets/stage-B4ZnF7Se.js:0
[13483884ms] [ERROR] WebSocket connection to 'ws://localhost:8031/' failed: Error in connection establishment: net::ERR_CONNECTION_REFUSED @ http://localhost:5199/assets/stage-B4ZnF7Se.js:0
[13487287ms] [ERROR] WebSocket connection to 'ws://localhost:8031/' failed: Error in connection establishment: net::ERR_CONNECTION_REFUSED @ http://localhost:5199/assets/stage-B4ZnF7Se.js:0
[13492768ms] [ERROR] WebSocket connection to 'ws://localhost:8031/' failed: Error in connection establishment: net::ERR_CONNECTION_REFUSED @ http://localhost:5199/assets/stage-B4ZnF7Se.js:0
[13498551ms] [ERROR] WebSocket connection to 'ws://localhost:8031/' failed: Error in connection establishment: net::ERR_CONNECTION_REFUSED @ http://localhost:5199/assets/stage-B4ZnF7Se.js:0
[13502279ms] [ERROR] WebSocket connection to 'ws://localhost:8031/' failed: Error in connection establishment: net::ERR_CONNECTION_REFUSED @ http://localhost:5199/assets/stage-B4ZnF7Se.js:0
[13506896ms] [ERROR] WebSocket connection to 'ws://localhost:8031/' failed: Error in connection establishment: net::ERR_CONNECTION_REFUSED @ http://localhost:5199/assets/stage-B4ZnF7Se.js:0
[13512404ms] [ERROR] WebSocket connection to 'ws://localhost:8031/' failed: Error in connection establishment: net::ERR_CONNECTION_REFUSED @ http://localhost:5199/assets/stage-B4ZnF7Se.js:0
[13517659ms] [ERROR] WebSocket connection to 'ws://localhost:8031/' failed: Error in connection establishment: net::ERR_CONNECTION_REFUSED @ http://localhost:5199/assets/stage-B4ZnF7Se.js:0
[13521637ms] [ERROR] WebSocket connection to 'ws://localhost:8031/' failed: Error in connection establishment: net::ERR_CONNECTION_REFUSED @ http://localhost:5199/assets/stage-B4ZnF7Se.js:0
[13527817ms] [ERROR] WebSocket connection to 'ws://localhost:8031/' failed: Error in connection establishment: net::ERR_CONNECTION_REFUSED @ http://localhost:5199/assets/stage-B4ZnF7Se.js:0
[13533267ms] [ERROR] WebSocket connection to 'ws://localhost:8031/' failed: Error in connection establishment: net::ERR_CONNECTION_REFUSED @ http://localhost:5199/assets/stage-B4ZnF7Se.js:0
[13535986ms] [ERROR] WebSocket connection to 'ws://localhost:8031/' failed: Error in connection establishment: net::ERR_CONNECTION_REFUSED @ http://localhost:5199/assets/stage-B4ZnF7Se.js:0
[13538954ms] [ERROR] WebSocket connection to 'ws://localhost:8031/' failed: Error in connection establishment: net::ERR_CONNECTION_REFUSED @ http://localhost:5199/assets/stage-B4ZnF7Se.js:0
[13544287ms] [ERROR] WebSocket connection to 'ws://localhost:8031/' failed: Error in connection establishment: net::ERR_CONNECTION_REFUSED @ http://localhost:5199/assets/stage-B4ZnF7Se.js:0
[13549620ms] [ERROR] WebSocket connection to 'ws://localhost:8031/' failed: Error in connection establishment: net::ERR_CONNECTION_REFUSED @ http://localhost:5199/assets/stage-B4ZnF7Se.js:0
[13553741ms] [ERROR] WebSocket connection to 'ws://localhost:8031/' failed: Error in connection establishment: net::ERR_CONNECTION_REFUSED @ http://localhost:5199/assets/stage-B4ZnF7Se.js:0
[13556450ms] [ERROR] WebSocket connection to 'ws://localhost:8031/' failed: Error in connection establishment: net::ERR_CONNECTION_REFUSED @ http://localhost:5199/assets/stage-B4ZnF7Se.js:0
[13562178ms] [ERROR] WebSocket connection to 'ws://localhost:8031/' failed: Error in connection establishment: net::ERR_CONNECTION_REFUSED @ http://localhost:5199/assets/stage-B4ZnF7Se.js:0
[13565391ms] [ERROR] WebSocket connection to 'ws://localhost:8031/' failed: Error in connection establishment: net::ERR_CONNECTION_REFUSED @ http://localhost:5199/assets/stage-B4ZnF7Se.js:0
[13570387ms] [ERROR] WebSocket connection to 'ws://localhost:8031/' failed: Error in connection establishment: net::ERR_CONNECTION_REFUSED @ http://localhost:5199/assets/stage-B4ZnF7Se.js:0
[13574152ms] [ERROR] WebSocket connection to 'ws://localhost:8031/' failed: Error in connection establishment: net::ERR_CONNECTION_REFUSED @ http://localhost:5199/assets/stage-B4ZnF7Se.js:0
[13578641ms] [ERROR] WebSocket connection to 'ws://localhost:8031/' failed: Error in connection establishment: net::ERR_CONNECTION_REFUSED @ http://localhost:5199/assets/stage-B4ZnF7Se.js:0
[13582099ms] [ERROR] WebSocket connection to 'ws://localhost:8031/' failed: Error in connection establishment: net::ERR_CONNECTION_REFUSED @ http://localhost:5199/assets/stage-B4ZnF7Se.js:0
[13586753ms] [ERROR] WebSocket connection to 'ws://localhost:8031/' failed: Error in connection establishment: net::ERR_CONNECTION_REFUSED @ http://localhost:5199/assets/stage-B4ZnF7Se.js:0
[13590078ms] [ERROR] WebSocket connection to 'ws://localhost:8031/' failed: Error in connection establishment: net::ERR_CONNECTION_REFUSED @ http://localhost:5199/assets/stage-B4ZnF7Se.js:0
[13595352ms] [ERROR] WebSocket connection to 'ws://localhost:8031/' failed: Error in connection establishment: net::ERR_CONNECTION_REFUSED @ http://localhost:5199/assets/stage-B4ZnF7Se.js:0
[13600626ms] [ERROR] WebSocket connection to 'ws://localhost:8031/' failed: Error in connection establishment: net::ERR_CONNECTION_REFUSED @ http://localhost:5199/assets/stage-B4ZnF7Se.js:0
[13605878ms] [ERROR] WebSocket connection to 'ws://localhost:8031/' failed: Error in connection establishment: net::ERR_CONNECTION_REFUSED @ http://localhost:5199/assets/stage-B4ZnF7Se.js:0
[13611927ms] [ERROR] WebSocket connection to 'ws://localhost:8031/' failed: Error in connection establishment: net::ERR_CONNECTION_REFUSED @ http://localhost:5199/assets/stage-B4ZnF7Se.js:0
[13616427ms] [ERROR] WebSocket connection to 'ws://localhost:8031/' failed: Error in connection establishment: net::ERR_CONNECTION_REFUSED @ http://localhost:5199/assets/stage-B4ZnF7Se.js:0
[13619506ms] [ERROR] WebSocket connection to 'ws://localhost:8031/' failed: Error in connection establishment: net::ERR_CONNECTION_REFUSED @ http://localhost:5199/assets/stage-B4ZnF7Se.js:0
[13625927ms] [ERROR] WebSocket connection to 'ws://localhost:8031/' failed: Error in connection establishment: net::ERR_CONNECTION_REFUSED @ http://localhost:5199/assets/stage-B4ZnF7Se.js:0
[13628517ms] [ERROR] WebSocket connection to 'ws://localhost:8031/' failed: Error in connection establishment: net::ERR_CONNECTION_REFUSED @ http://localhost:5199/assets/stage-B4ZnF7Se.js:0
[13632451ms] [ERROR] WebSocket connection to 'ws://localhost:8031/' failed: Error in connection establishment: net::ERR_CONNECTION_REFUSED @ http://localhost:5199/assets/stage-B4ZnF7Se.js:0
[13638285ms] [ERROR] WebSocket connection to 'ws://localhost:8031/' failed: Error in connection establishment: net::ERR_CONNECTION_REFUSED @ http://localhost:5199/assets/stage-B4ZnF7Se.js:0
[13643123ms] [ERROR] WebSocket connection to 'ws://localhost:8031/' failed: Error in connection establishment: net::ERR_CONNECTION_REFUSED @ http://localhost:5199/assets/stage-B4ZnF7Se.js:0
[13646814ms] [ERROR] WebSocket connection to 'ws://localhost:8031/' failed: Error in connection establishment: net::ERR_CONNECTION_REFUSED @ http://localhost:5199/assets/stage-B4ZnF7Se.js:0
[13652659ms] [ERROR] WebSocket connection to 'ws://localhost:8031/' failed: Error in connection establishment: net::ERR_CONNECTION_REFUSED @ http://localhost:5199/assets/stage-B4ZnF7Se.js:0
[13656122ms] [ERROR] WebSocket connection to 'ws://localhost:8031/' failed: Error in connection establishment: net::ERR_CONNECTION_REFUSED @ http://localhost:5199/assets/stage-B4ZnF7Se.js:0
[13661939ms] [ERROR] WebSocket connection to 'ws://localhost:8031/' failed: Error in connection establishment: net::ERR_CONNECTION_REFUSED @ http://localhost:5199/assets/stage-B4ZnF7Se.js:0
[13667018ms] [ERROR] WebSocket connection to 'ws://localhost:8031/' failed: Error in connection establishment: net::ERR_CONNECTION_REFUSED @ http://localhost:5199/assets/stage-B4ZnF7Se.js:0
[13670187ms] [ERROR] WebSocket connection to 'ws://localhost:8031/' failed: Error in connection establishment: net::ERR_CONNECTION_REFUSED @ http://localhost:5199/assets/stage-B4ZnF7Se.js:0
[13674822ms] [ERROR] WebSocket connection to 'ws://localhost:8031/' failed: Error in connection establishment: net::ERR_CONNECTION_REFUSED @ http://localhost:5199/assets/stage-B4ZnF7Se.js:0
[13679485ms] [ERROR] WebSocket connection to 'ws://localhost:8031/' failed: Error in connection establishment: net::ERR_CONNECTION_REFUSED @ http://localhost:5199/assets/stage-B4ZnF7Se.js:0
[13682535ms] [ERROR] WebSocket connection to 'ws://localhost:8031/' failed: Error in connection establishment: net::ERR_CONNECTION_REFUSED @ http://localhost:5199/assets/stage-B4ZnF7Se.js:0
[13685227ms] [ERROR] WebSocket connection to 'ws://localhost:8031/' failed: Error in connection establishment: net::ERR_CONNECTION_REFUSED @ http://localhost:5199/assets/stage-B4ZnF7Se.js:0
[13689313ms] [ERROR] WebSocket connection to 'ws://localhost:8031/' failed: Error in connection establishment: net::ERR_CONNECTION_REFUSED @ http://localhost:5199/assets/stage-B4ZnF7Se.js:0
[13694467ms] [ERROR] WebSocket connection to 'ws://localhost:8031/' failed: Error in connection establishment: net::ERR_CONNECTION_REFUSED @ http://localhost:5199/assets/stage-B4ZnF7Se.js:0
[13697702ms] [ERROR] WebSocket connection to 'ws://localhost:8031/' failed: Error in connection establishment: net::ERR_CONNECTION_REFUSED @ http://localhost:5199/assets/stage-B4ZnF7Se.js:0
[13702888ms] [ERROR] WebSocket connection to 'ws://localhost:8031/' failed: Error in connection establishment: net::ERR_CONNECTION_REFUSED @ http://localhost:5199/assets/stage-B4ZnF7Se.js:0
[13708279ms] [ERROR] WebSocket connection to 'ws://localhost:8031/' failed: Error in connection establishment: net::ERR_CONNECTION_REFUSED @ http://localhost:5199/assets/stage-B4ZnF7Se.js:0
[13714038ms] [ERROR] WebSocket connection to 'ws://localhost:8031/' failed: Error in connection establishment: net::ERR_CONNECTION_REFUSED @ http://localhost:5199/assets/stage-B4ZnF7Se.js:0
[13717317ms] [ERROR] WebSocket connection to 'ws://localhost:8031/' failed: Error in connection establishment: net::ERR_CONNECTION_REFUSED @ http://localhost:5199/assets/stage-B4ZnF7Se.js:0
[13722124ms] [ERROR] WebSocket connection to 'ws://localhost:8031/' failed: Error in connection establishment: net::ERR_CONNECTION_REFUSED @ http://localhost:5199/assets/stage-B4ZnF7Se.js:0
[13726505ms] [ERROR] WebSocket connection to 'ws://localhost:8031/' failed: Error in connection establishment: net::ERR_CONNECTION_REFUSED @ http://localhost:5199/assets/stage-B4ZnF7Se.js:0
[13729142ms] [ERROR] WebSocket connection to 'ws://localhost:8031/' failed: Error in connection establishment: net::ERR_CONNECTION_REFUSED @ http://localhost:5199/assets/stage-B4ZnF7Se.js:0
[13734754ms] [ERROR] WebSocket connection to 'ws://localhost:8031/' failed: Error in connection establishment: net::ERR_CONNECTION_REFUSED @ http://localhost:5199/assets/stage-B4ZnF7Se.js:0
[13737575ms] [ERROR] WebSocket connection to 'ws://localhost:8031/' failed: Error in connection establishment: net::ERR_CONNECTION_REFUSED @ http://localhost:5199/assets/stage-B4ZnF7Se.js:0
[13740121ms] [ERROR] WebSocket connection to 'ws://localhost:8031/' failed: Error in connection establishment: net::ERR_CONNECTION_REFUSED @ http://localhost:5199/assets/stage-B4ZnF7Se.js:0
[13743167ms] [ERROR] WebSocket connection to 'ws://localhost:8031/' failed: Error in connection establishment: net::ERR_CONNECTION_REFUSED @ http://localhost:5199/assets/stage-B4ZnF7Se.js:0
[13747508ms] [ERROR] WebSocket connection to 'ws://localhost:8031/' failed: Error in connection establishment: net::ERR_CONNECTION_REFUSED @ http://localhost:5199/assets/stage-B4ZnF7Se.js:0
[13753119ms] [ERROR] WebSocket connection to 'ws://localhost:8031/' failed: Error in connection establishment: net::ERR_CONNECTION_REFUSED @ http://localhost:5199/assets/stage-B4ZnF7Se.js:0
[13755937ms] [ERROR] WebSocket connection to 'ws://localhost:8031/' failed: Error in connection establishment: net::ERR_CONNECTION_REFUSED @ http://localhost:5199/assets/stage-B4ZnF7Se.js:0
[13759342ms] [ERROR] WebSocket connection to 'ws://localhost:8031/' failed: Error in connection establishment: net::ERR_CONNECTION_REFUSED @ http://localhost:5199/assets/stage-B4ZnF7Se.js:0
[13762579ms] [ERROR] WebSocket connection to 'ws://localhost:8031/' failed: Error in connection establishment: net::ERR_CONNECTION_REFUSED @ http://localhost:5199/assets/stage-B4ZnF7Se.js:0
[13765787ms] [ERROR] WebSocket connection to 'ws://localhost:8031/' failed: Error in connection establishment: net::ERR_CONNECTION_REFUSED @ http://localhost:5199/assets/stage-B4ZnF7Se.js:0
[13770791ms] [ERROR] WebSocket connection to 'ws://localhost:8031/' failed: Error in connection establishment: net::ERR_CONNECTION_REFUSED @ http://localhost:5199/assets/stage-B4ZnF7Se.js:0
[13777175ms] [ERROR] WebSocket connection to 'ws://localhost:8031/' failed: Error in connection establishment: net::ERR_CONNECTION_REFUSED @ http://localhost:5199/assets/stage-B4ZnF7Se.js:0
[13780928ms] [ERROR] WebSocket connection to 'ws://localhost:8031/' failed: Error in connection establishment: net::ERR_CONNECTION_REFUSED @ http://localhost:5199/assets/stage-B4ZnF7Se.js:0
[13784341ms] [ERROR] WebSocket connection to 'ws://localhost:8031/' failed: Error in connection establishment: net::ERR_CONNECTION_REFUSED @ http://localhost:5199/assets/stage-B4ZnF7Se.js:0
[13789209ms] [ERROR] WebSocket connection to 'ws://localhost:8031/' failed: Error in connection establishment: net::ERR_CONNECTION_REFUSED @ http://localhost:5199/assets/stage-B4ZnF7Se.js:0
[13795299ms] [ERROR] WebSocket connection to 'ws://localhost:8031/' failed: Error in connection establishment: net::ERR_CONNECTION_REFUSED @ http://localhost:5199/assets/stage-B4ZnF7Se.js:0
[13800661ms] [ERROR] WebSocket connection to 'ws://localhost:8031/' failed: Error in connection establishment: net::ERR_CONNECTION_REFUSED @ http://localhost:5199/assets/stage-B4ZnF7Se.js:0
[13803541ms] [ERROR] WebSocket connection to 'ws://localhost:8031/' failed: Error in connection establishment: net::ERR_CONNECTION_REFUSED @ http://localhost:5199/assets/stage-B4ZnF7Se.js:0
[13809939ms] [ERROR] WebSocket connection to 'ws://localhost:8031/' failed: Error in connection establishment: net::ERR_CONNECTION_REFUSED @ http://localhost:5199/assets/stage-B4ZnF7Se.js:0
[13813973ms] [ERROR] WebSocket connection to 'ws://localhost:8031/' failed: Error in connection establishment: net::ERR_CONNECTION_REFUSED @ http://localhost:5199/assets/stage-B4ZnF7Se.js:0
[13818428ms] [ERROR] WebSocket connection to 'ws://localhost:8031/' failed: Error in connection establishment: net::ERR_CONNECTION_REFUSED @ http://localhost:5199/assets/stage-B4ZnF7Se.js:0
[13821794ms] [ERROR] WebSocket connection to 'ws://localhost:8031/' failed: Error in connection establishment: net::ERR_CONNECTION_REFUSED @ http://localhost:5199/assets/stage-B4ZnF7Se.js:0
[13827781ms] [ERROR] WebSocket connection to 'ws://localhost:8031/' failed: Error in connection establishment: net::ERR_CONNECTION_REFUSED @ http://localhost:5199/assets/stage-B4ZnF7Se.js:0
[13832085ms] [ERROR] WebSocket connection to 'ws://localhost:8031/' failed: Error in connection establishment: net::ERR_CONNECTION_REFUSED @ http://localhost:5199/assets/stage-B4ZnF7Se.js:0
[13838269ms] [ERROR] WebSocket connection to 'ws://localhost:8031/' failed: Error in connection establishment: net::ERR_CONNECTION_REFUSED @ http://localhost:5199/assets/stage-B4ZnF7Se.js:0
[13841585ms] [ERROR] WebSocket connection to 'ws://localhost:8031/' failed: Error in connection establishment: net::ERR_CONNECTION_REFUSED @ http://localhost:5199/assets/stage-B4ZnF7Se.js:0
[13844335ms] [ERROR] WebSocket connection to 'ws://localhost:8031/' failed: Error in connection establishment: net::ERR_CONNECTION_REFUSED @ http://localhost:5199/assets/stage-B4ZnF7Se.js:0
[13847115ms] [ERROR] WebSocket connection to 'ws://localhost:8031/' failed: Error in connection establishment: net::ERR_CONNECTION_REFUSED @ http://localhost:5199/assets/stage-B4ZnF7Se.js:0
[13851719ms] [ERROR] WebSocket connection to 'ws://localhost:8031/' failed: Error in connection establishment: net::ERR_CONNECTION_REFUSED @ http://localhost:5199/assets/stage-B4ZnF7Se.js:0
[13855381ms] [ERROR] WebSocket connection to 'ws://localhost:8031/' failed: Error in connection establishment: net::ERR_CONNECTION_REFUSED @ http://localhost:5199/assets/stage-B4ZnF7Se.js:0
[13858027ms] [ERROR] WebSocket connection to 'ws://localhost:8031/' failed: Error in connection establishment: net::ERR_CONNECTION_REFUSED @ http://localhost:5199/assets/stage-B4ZnF7Se.js:0
[13864455ms] [ERROR] WebSocket connection to 'ws://localhost:8031/' failed: Error in connection establishment: net::ERR_CONNECTION_REFUSED @ http://localhost:5199/assets/stage-B4ZnF7Se.js:0
[13869260ms] [ERROR] WebSocket connection to 'ws://localhost:8031/' failed: Error in connection establishment: net::ERR_CONNECTION_REFUSED @ http://localhost:5199/assets/stage-B4ZnF7Se.js:0
[13872264ms] [ERROR] WebSocket connection to 'ws://localhost:8031/' failed: Error in connection establishment: net::ERR_CONNECTION_REFUSED @ http://localhost:5199/assets/stage-B4ZnF7Se.js:0
[13874921ms] [ERROR] WebSocket connection to 'ws://localhost:8031/' failed: Error in connection establishment: net::ERR_CONNECTION_REFUSED @ http://localhost:5199/assets/stage-B4ZnF7Se.js:0
[13881013ms] [ERROR] WebSocket connection to 'ws://localhost:8031/' failed: Error in connection establishment: net::ERR_CONNECTION_REFUSED @ http://localhost:5199/assets/stage-B4ZnF7Se.js:0
[13884696ms] [ERROR] WebSocket connection to 'ws://localhost:8031/' failed: Error in connection establishment: net::ERR_CONNECTION_REFUSED @ http://localhost:5199/assets/stage-B4ZnF7Se.js:0
[13886202ms] [ERROR] WebSocket connection to 'ws://localhost:8031/' failed: Error in connection establishment: net::ERR_CONNECTION_REFUSED @ http://localhost:5199/assets/stage-B4ZnF7Se.js:0
[13887706ms] [ERROR] WebSocket connection to 'ws://localhost:8031/' failed: Error in connection establishment: net::ERR_CONNECTION_REFUSED @ http://localhost:5199/assets/stage-B4ZnF7Se.js:0
[13889210ms] [ERROR] WebSocket connection to 'ws://localhost:8031/' failed: Error in connection establishment: net::ERR_CONNECTION_REFUSED @ http://localhost:5199/assets/stage-B4ZnF7Se.js:0
[13890714ms] [ERROR] WebSocket connection to 'ws://localhost:8031/' failed: Error in connection establishment: net::ERR_CONNECTION_REFUSED @ http://localhost:5199/assets/stage-B4ZnF7Se.js:0
[13892220ms] [ERROR] WebSocket connection to 'ws://localhost:8031/' failed: Error in connection establishment: net::ERR_CONNECTION_REFUSED @ http://localhost:5199/assets/stage-B4ZnF7Se.js:0
[13893727ms] [ERROR] WebSocket connection to 'ws://localhost:8031/' failed: Error in connection establishment: net::ERR_CONNECTION_REFUSED @ http://localhost:5199/assets/stage-B4ZnF7Se.js:0
[13895242ms] [ERROR] WebSocket connection to 'ws://localhost:8031/' failed: Error in connection establishment: net::ERR_CONNECTION_REFUSED @ http://localhost:5199/assets/stage-B4ZnF7Se.js:0
[13896753ms] [ERROR] WebSocket connection to 'ws://localhost:8031/' failed: Error in connection establishment: net::ERR_CONNECTION_REFUSED @ http://localhost:5199/assets/stage-B4ZnF7Se.js:0
[13898305ms] [ERROR] WebSocket connection to 'ws://localhost:8031/' failed: Error in connection establishment: net::ERR_CONNECTION_REFUSED @ http://localhost:5199/assets/stage-B4ZnF7Se.js:0
[13899845ms] [ERROR] WebSocket connection to 'ws://localhost:8031/' failed: Error in connection establishment: net::ERR_CONNECTION_REFUSED @ http://localhost:5199/assets/stage-B4ZnF7Se.js:0
[13901395ms] [ERROR] WebSocket connection to 'ws://localhost:8031/' failed: Error in connection establishment: net::ERR_CONNECTION_REFUSED @ http://localhost:5199/assets/stage-B4ZnF7Se.js:0
[13903218ms] [ERROR] WebSocket connection to 'ws://localhost:8031/' failed: Error in connection establishment: net::ERR_CONNECTION_REFUSED @ http://localhost:5199/assets/stage-B4ZnF7Se.js:0
[13905317ms] [ERROR] WebSocket connection to 'ws://localhost:8031/' failed: Error in connection establishment: net::ERR_CONNECTION_REFUSED @ http://localhost:5199/assets/stage-B4ZnF7Se.js:0
[13907558ms] [ERROR] WebSocket connection to 'ws://localhost:8031/' failed: Error in connection establishment: net::ERR_CONNECTION_REFUSED @ http://localhost:5199/assets/stage-B4ZnF7Se.js:0
[13911167ms] [ERROR] WebSocket connection to 'ws://localhost:8031/' failed: Error in connection establishment: net::ERR_CONNECTION_REFUSED @ http://localhost:5199/assets/stage-B4ZnF7Se.js:0
[13917305ms] [ERROR] WebSocket connection to 'ws://localhost:8031/' failed: Error in connection establishment: net::ERR_CONNECTION_REFUSED @ http://localhost:5199/assets/stage-B4ZnF7Se.js:0
[13920438ms] [ERROR] WebSocket connection to 'ws://localhost:8031/' failed: Error in connection establishment: net::ERR_CONNECTION_REFUSED @ http://localhost:5199/assets/stage-B4ZnF7Se.js:0
[13924175ms] [ERROR] WebSocket connection to 'ws://localhost:8031/' failed: Error in connection establishment: net::ERR_CONNECTION_REFUSED @ http://localhost:5199/assets/stage-B4ZnF7Se.js:0
[13930150ms] [ERROR] WebSocket connection to 'ws://localhost:8031/' failed: Error in connection establishment: net::ERR_CONNECTION_REFUSED @ http://localhost:5199/assets/stage-B4ZnF7Se.js:0
[13936238ms] [ERROR] WebSocket connection to 'ws://localhost:8031/' failed: Error in connection establishment: net::ERR_CONNECTION_REFUSED @ http://localhost:5199/assets/stage-B4ZnF7Se.js:0
[13940976ms] [ERROR] WebSocket connection to 'ws://localhost:8031/' failed: Error in connection establishment: net::ERR_CONNECTION_REFUSED @ http://localhost:5199/assets/stage-B4ZnF7Se.js:0
[13946542ms] [ERROR] WebSocket connection to 'ws://localhost:8031/' failed: Error in connection establishment: net::ERR_CONNECTION_REFUSED @ http://localhost:5199/assets/stage-B4ZnF7Se.js:0
[13951471ms] [ERROR] WebSocket connection to 'ws://localhost:8031/' failed: Error in connection establishment: net::ERR_CONNECTION_REFUSED @ http://localhost:5199/assets/stage-B4ZnF7Se.js:0
[13957388ms] [ERROR] WebSocket connection to 'ws://localhost:8031/' failed: Error in connection establishment: net::ERR_CONNECTION_REFUSED @ http://localhost:5199/assets/stage-B4ZnF7Se.js:0
[13962483ms] [ERROR] WebSocket connection to 'ws://localhost:8031/' failed: Error in connection establishment: net::ERR_CONNECTION_REFUSED @ http://localhost:5199/assets/stage-B4ZnF7Se.js:0
[13965808ms] [ERROR] WebSocket connection to 'ws://localhost:8031/' failed: Error in connection establishment: net::ERR_CONNECTION_REFUSED @ http://localhost:5199/assets/stage-B4ZnF7Se.js:0
[13970009ms] [ERROR] WebSocket connection to 'ws://localhost:8031/' failed: Error in connection establishment: net::ERR_CONNECTION_REFUSED @ http://localhost:5199/assets/stage-B4ZnF7Se.js:0
[13976334ms] [ERROR] WebSocket connection to 'ws://localhost:8031/' failed: Error in connection establishment: net::ERR_CONNECTION_REFUSED @ http://localhost:5199/assets/stage-B4ZnF7Se.js:0
[13982192ms] [ERROR] WebSocket connection to 'ws://localhost:8031/' failed: Error in connection establishment: net::ERR_CONNECTION_REFUSED @ http://localhost:5199/assets/stage-B4ZnF7Se.js:0
[13985167ms] [ERROR] WebSocket connection to 'ws://localhost:8031/' failed: Error in connection establishment: net::ERR_CONNECTION_REFUSED @ http://localhost:5199/assets/stage-B4ZnF7Se.js:0
[13989649ms] [ERROR] WebSocket connection to 'ws://localhost:8031/' failed: Error in connection establishment: net::ERR_CONNECTION_REFUSED @ http://localhost:5199/assets/stage-B4ZnF7Se.js:0
[13992507ms] [ERROR] WebSocket connection to 'ws://localhost:8031/' failed: Error in connection establishment: net::ERR_CONNECTION_REFUSED @ http://localhost:5199/assets/stage-B4ZnF7Se.js:0
[13995542ms] [ERROR] WebSocket connection to 'ws://localhost:8031/' failed: Error in connection establishment: net::ERR_CONNECTION_REFUSED @ http://localhost:5199/assets/stage-B4ZnF7Se.js:0
[14000311ms] [ERROR] WebSocket connection to 'ws://localhost:8031/' failed: Error in connection establishment: net::ERR_CONNECTION_REFUSED @ http://localhost:5199/assets/stage-B4ZnF7Se.js:0
[14004354ms] [ERROR] WebSocket connection to 'ws://localhost:8031/' failed: Error in connection establishment: net::ERR_CONNECTION_REFUSED @ http://localhost:5199/assets/stage-B4ZnF7Se.js:0
[14009520ms] [ERROR] WebSocket connection to 'ws://localhost:8031/' failed: Error in connection establishment: net::ERR_CONNECTION_REFUSED @ http://localhost:5199/assets/stage-B4ZnF7Se.js:0
[14015653ms] [ERROR] WebSocket connection to 'ws://localhost:8031/' failed: Error in connection establishment: net::ERR_CONNECTION_REFUSED @ http://localhost:5199/assets/stage-B4ZnF7Se.js:0
[14018249ms] [ERROR] WebSocket connection to 'ws://localhost:8031/' failed: Error in connection establishment: net::ERR_CONNECTION_REFUSED @ http://localhost:5199/assets/stage-B4ZnF7Se.js:0
[14021111ms] [ERROR] WebSocket connection to 'ws://localhost:8031/' failed: Error in connection establishment: net::ERR_CONNECTION_REFUSED @ http://localhost:5199/assets/stage-B4ZnF7Se.js:0
[14025900ms] [ERROR] WebSocket connection to 'ws://localhost:8031/' failed: Error in connection establishment: net::ERR_CONNECTION_REFUSED @ http://localhost:5199/assets/stage-B4ZnF7Se.js:0
[14028475ms] [ERROR] WebSocket connection to 'ws://localhost:8031/' failed: Error in connection establishment: net::ERR_CONNECTION_REFUSED @ http://localhost:5199/assets/stage-B4ZnF7Se.js:0
[14034303ms] [ERROR] WebSocket connection to 'ws://localhost:8031/' failed: Error in connection establishment: net::ERR_CONNECTION_REFUSED @ http://localhost:5199/assets/stage-B4ZnF7Se.js:0
[14037757ms] [ERROR] WebSocket connection to 'ws://localhost:8031/' failed: Error in connection establishment: net::ERR_CONNECTION_REFUSED @ http://localhost:5199/assets/stage-B4ZnF7Se.js:0
[14042977ms] [ERROR] WebSocket connection to 'ws://localhost:8031/' failed: Error in connection establishment: net::ERR_CONNECTION_REFUSED @ http://localhost:5199/assets/stage-B4ZnF7Se.js:0
[14047656ms] [ERROR] WebSocket connection to 'ws://localhost:8031/' failed: Error in connection establishment: net::ERR_CONNECTION_REFUSED @ http://localhost:5199/assets/stage-B4ZnF7Se.js:0
[14051977ms] [ERROR] WebSocket connection to 'ws://localhost:8031/' failed: Error in connection establishment: net::ERR_CONNECTION_REFUSED @ http://localhost:5199/assets/stage-B4ZnF7Se.js:0
[14055978ms] [ERROR] WebSocket connection to 'ws://localhost:8031/' failed: Error in connection establishment: net::ERR_CONNECTION_REFUSED @ http://localhost:5199/assets/stage-B4ZnF7Se.js:0
[14060411ms] [ERROR] WebSocket connection to 'ws://localhost:8031/' failed: Error in connection establishment: net::ERR_CONNECTION_REFUSED @ http://localhost:5199/assets/stage-B4ZnF7Se.js:0
[14063724ms] [ERROR] WebSocket connection to 'ws://localhost:8031/' failed: Error in connection establishment: net::ERR_CONNECTION_REFUSED @ http://localhost:5199/assets/stage-B4ZnF7Se.js:0
[14067152ms] [ERROR] WebSocket connection to 'ws://localhost:8031/' failed: Error in connection establishment: net::ERR_CONNECTION_REFUSED @ http://localhost:5199/assets/stage-B4ZnF7Se.js:0
[14071422ms] [ERROR] WebSocket connection to 'ws://localhost:8031/' failed: Error in connection establishment: net::ERR_CONNECTION_REFUSED @ http://localhost:5199/assets/stage-B4ZnF7Se.js:0
[14075856ms] [ERROR] WebSocket connection to 'ws://localhost:8031/' failed: Error in connection establishment: net::ERR_CONNECTION_REFUSED @ http://localhost:5199/assets/stage-B4ZnF7Se.js:0
[14079007ms] [ERROR] WebSocket connection to 'ws://localhost:8031/' failed: Error in connection establishment: net::ERR_CONNECTION_REFUSED @ http://localhost:5199/assets/stage-B4ZnF7Se.js:0
[14082856ms] [ERROR] WebSocket connection to 'ws://localhost:8031/' failed: Error in connection establishment: net::ERR_CONNECTION_REFUSED @ http://localhost:5199/assets/stage-B4ZnF7Se.js:0
[14087877ms] [ERROR] WebSocket connection to 'ws://localhost:8031/' failed: Error in connection establishment: net::ERR_CONNECTION_REFUSED @ http://localhost:5199/assets/stage-B4ZnF7Se.js:0
[14092392ms] [ERROR] WebSocket connection to 'ws://localhost:8031/' failed: Error in connection establishment: net::ERR_CONNECTION_REFUSED @ http://localhost:5199/assets/stage-B4ZnF7Se.js:0
[14096694ms] [ERROR] WebSocket connection to 'ws://localhost:8031/' failed: Error in connection establishment: net::ERR_CONNECTION_REFUSED @ http://localhost:5199/assets/stage-B4ZnF7Se.js:0
[14101606ms] [ERROR] WebSocket connection to 'ws://localhost:8031/' failed: Error in connection establishment: net::ERR_CONNECTION_REFUSED @ http://localhost:5199/assets/stage-B4ZnF7Se.js:0
[14105940ms] [ERROR] WebSocket connection to 'ws://localhost:8031/' failed: Error in connection establishment: net::ERR_CONNECTION_REFUSED @ http://localhost:5199/assets/stage-B4ZnF7Se.js:0
[14110667ms] [ERROR] WebSocket connection to 'ws://localhost:8031/' failed: Error in connection establishment: net::ERR_CONNECTION_REFUSED @ http://localhost:5199/assets/stage-B4ZnF7Se.js:0
[14115822ms] [ERROR] WebSocket connection to 'ws://localhost:8031/' failed: Error in connection establishment: net::ERR_CONNECTION_REFUSED @ http://localhost:5199/assets/stage-B4ZnF7Se.js:0
[14118622ms] [ERROR] WebSocket connection to 'ws://localhost:8031/' failed: Error in connection establishment: net::ERR_CONNECTION_REFUSED @ http://localhost:5199/assets/stage-B4ZnF7Se.js:0
[14121765ms] [ERROR] WebSocket connection to 'ws://localhost:8031/' failed: Error in connection establishment: net::ERR_CONNECTION_REFUSED @ http://localhost:5199/assets/stage-B4ZnF7Se.js:0
[14126376ms] [ERROR] WebSocket connection to 'ws://localhost:8031/' failed: Error in connection establishment: net::ERR_CONNECTION_REFUSED @ http://localhost:5199/assets/stage-B4ZnF7Se.js:0
[14131909ms] [ERROR] WebSocket connection to 'ws://localhost:8031/' failed: Error in connection establishment: net::ERR_CONNECTION_REFUSED @ http://localhost:5199/assets/stage-B4ZnF7Se.js:0
[14137168ms] [ERROR] WebSocket connection to 'ws://localhost:8031/' failed: Error in connection establishment: net::ERR_CONNECTION_REFUSED @ http://localhost:5199/assets/stage-B4ZnF7Se.js:0
[14142509ms] [ERROR] WebSocket connection to 'ws://localhost:8031/' failed: Error in connection establishment: net::ERR_CONNECTION_REFUSED @ http://localhost:5199/assets/stage-B4ZnF7Se.js:0
[14147345ms] [ERROR] WebSocket connection to 'ws://localhost:8031/' failed: Error in connection establishment: net::ERR_CONNECTION_REFUSED @ http://localhost:5199/assets/stage-B4ZnF7Se.js:0
[14151988ms] [ERROR] WebSocket connection to 'ws://localhost:8031/' failed: Error in connection establishment: net::ERR_CONNECTION_REFUSED @ http://localhost:5199/assets/stage-B4ZnF7Se.js:0
[14158329ms] [ERROR] WebSocket connection to 'ws://localhost:8031/' failed: Error in connection establishment: net::ERR_CONNECTION_REFUSED @ http://localhost:5199/assets/stage-B4ZnF7Se.js:0
[14161643ms] [ERROR] WebSocket connection to 'ws://localhost:8031/' failed: Error in connection establishment: net::ERR_CONNECTION_REFUSED @ http://localhost:5199/assets/stage-B4ZnF7Se.js:0
[14166854ms] [ERROR] WebSocket connection to 'ws://localhost:8031/' failed: Error in connection establishment: net::ERR_CONNECTION_REFUSED @ http://localhost:5199/assets/stage-B4ZnF7Se.js:0
[14170897ms] [ERROR] WebSocket connection to 'ws://localhost:8031/' failed: Error in connection establishment: net::ERR_CONNECTION_REFUSED @ http://localhost:5199/assets/stage-B4ZnF7Se.js:0
[14176729ms] [ERROR] WebSocket connection to 'ws://localhost:8031/' failed: Error in connection establishment: net::ERR_CONNECTION_REFUSED @ http://localhost:5199/assets/stage-B4ZnF7Se.js:0
[14182650ms] [ERROR] WebSocket connection to 'ws://localhost:8031/' failed: Error in connection establishment: net::ERR_CONNECTION_REFUSED @ http://localhost:5199/assets/stage-B4ZnF7Se.js:0
[14185783ms] [ERROR] WebSocket connection to 'ws://localhost:8031/' failed: Error in connection establishment: net::ERR_CONNECTION_REFUSED @ http://localhost:5199/assets/stage-B4ZnF7Se.js:0
[14188963ms] [ERROR] WebSocket connection to 'ws://localhost:8031/' failed: Error in connection establishment: net::ERR_CONNECTION_REFUSED @ http://localhost:5199/assets/stage-B4ZnF7Se.js:0
[14193608ms] [ERROR] WebSocket connection to 'ws://localhost:8031/' failed: Error in connection establishment: net::ERR_CONNECTION_REFUSED @ http://localhost:5199/assets/stage-B4ZnF7Se.js:0
[14199517ms] [ERROR] WebSocket connection to 'ws://localhost:8031/' failed: Error in connection establishment: net::ERR_CONNECTION_REFUSED @ http://localhost:5199/assets/stage-B4ZnF7Se.js:0
[14204133ms] [ERROR] WebSocket connection to 'ws://localhost:8031/' failed: Error in connection establishment: net::ERR_CONNECTION_REFUSED @ http://localhost:5199/assets/stage-B4ZnF7Se.js:0
[14210278ms] [ERROR] WebSocket connection to 'ws://localhost:8031/' failed: Error in connection establishment: net::ERR_CONNECTION_REFUSED @ http://localhost:5199/assets/stage-B4ZnF7Se.js:0
[14216725ms] [ERROR] WebSocket connection to 'ws://localhost:8031/' failed: Error in connection establishment: net::ERR_CONNECTION_REFUSED @ http://localhost:5199/assets/stage-B4ZnF7Se.js:0
[14220699ms] [ERROR] WebSocket connection to 'ws://localhost:8031/' failed: Error in connection establishment: net::ERR_CONNECTION_REFUSED @ http://localhost:5199/assets/stage-B4ZnF7Se.js:0
[14225403ms] [ERROR] WebSocket connection to 'ws://localhost:8031/' failed: Error in connection establishment: net::ERR_CONNECTION_REFUSED @ http://localhost:5199/assets/stage-B4ZnF7Se.js:0
[14228133ms] [ERROR] WebSocket connection to 'ws://localhost:8031/' failed: Error in connection establishment: net::ERR_CONNECTION_REFUSED @ http://localhost:5199/assets/stage-B4ZnF7Se.js:0
[14232846ms] [ERROR] WebSocket connection to 'ws://localhost:8031/' failed: Error in connection establishment: net::ERR_CONNECTION_REFUSED @ http://localhost:5199/assets/stage-B4ZnF7Se.js:0
[14238541ms] [ERROR] WebSocket connection to 'ws://localhost:8031/' failed: Error in connection establishment: net::ERR_CONNECTION_REFUSED @ http://localhost:5199/assets/stage-B4ZnF7Se.js:0
[14241304ms] [ERROR] WebSocket connection to 'ws://localhost:8031/' failed: Error in connection establishment: net::ERR_CONNECTION_REFUSED @ http://localhost:5199/assets/stage-B4ZnF7Se.js:0
[14245487ms] [ERROR] WebSocket connection to 'ws://localhost:8031/' failed: Error in connection establishment: net::ERR_CONNECTION_REFUSED @ http://localhost:5199/assets/stage-B4ZnF7Se.js:0
[14246993ms] [ERROR] WebSocket connection to 'ws://localhost:8031/' failed: Error in connection establishment: net::ERR_CONNECTION_REFUSED @ http://localhost:5199/assets/stage-B4ZnF7Se.js:0
[14248498ms] [ERROR] WebSocket connection to 'ws://localhost:8031/' failed: Error in connection establishment: net::ERR_CONNECTION_REFUSED @ http://localhost:5199/assets/stage-B4ZnF7Se.js:0
[14250005ms] [ERROR] WebSocket connection to 'ws://localhost:8031/' failed: Error in connection establishment: net::ERR_CONNECTION_REFUSED @ http://localhost:5199/assets/stage-B4ZnF7Se.js:0
[14251508ms] [ERROR] WebSocket connection to 'ws://localhost:8031/' failed: Error in connection establishment: net::ERR_CONNECTION_REFUSED @ http://localhost:5199/assets/stage-B4ZnF7Se.js:0
[14253012ms] [ERROR] WebSocket connection to 'ws://localhost:8031/' failed: Error in connection establishment: net::ERR_CONNECTION_REFUSED @ http://localhost:5199/assets/stage-B4ZnF7Se.js:0
[14254522ms] [ERROR] WebSocket connection to 'ws://localhost:8031/' failed: Error in connection establishment: net::ERR_CONNECTION_REFUSED @ http://localhost:5199/assets/stage-B4ZnF7Se.js:0
[14256031ms] [ERROR] WebSocket connection to 'ws://localhost:8031/' failed: Error in connection establishment: net::ERR_CONNECTION_REFUSED @ http://localhost:5199/assets/stage-B4ZnF7Se.js:0
[14257544ms] [ERROR] WebSocket connection to 'ws://localhost:8031/' failed: Error in connection establishment: net::ERR_CONNECTION_REFUSED @ http://localhost:5199/assets/stage-B4ZnF7Se.js:0
[14259091ms] [ERROR] WebSocket connection to 'ws://localhost:8031/' failed: Error in connection establishment: net::ERR_CONNECTION_REFUSED @ http://localhost:5199/assets/stage-B4ZnF7Se.js:0
[14260645ms] [ERROR] WebSocket connection to 'ws://localhost:8031/' failed: Error in connection establishment: net::ERR_CONNECTION_REFUSED @ http://localhost:5199/assets/stage-B4ZnF7Se.js:0
[14262220ms] [ERROR] WebSocket connection to 'ws://localhost:8031/' failed: Error in connection establishment: net::ERR_CONNECTION_REFUSED @ http://localhost:5199/assets/stage-B4ZnF7Se.js:0
[14263816ms] [ERROR] WebSocket connection to 'ws://localhost:8031/' failed: Error in connection establishment: net::ERR_CONNECTION_REFUSED @ http://localhost:5199/assets/stage-B4ZnF7Se.js:0
[14265836ms] [ERROR] WebSocket connection to 'ws://localhost:8031/' failed: Error in connection establishment: net::ERR_CONNECTION_REFUSED @ http://localhost:5199/assets/stage-B4ZnF7Se.js:0
[14268419ms] [ERROR] WebSocket connection to 'ws://localhost:8031/' failed: Error in connection establishment: net::ERR_CONNECTION_REFUSED @ http://localhost:5199/assets/stage-B4ZnF7Se.js:0
[14271069ms] [ERROR] WebSocket connection to 'ws://localhost:8031/' failed: Error in connection establishment: net::ERR_CONNECTION_REFUSED @ http://localhost:5199/assets/stage-B4ZnF7Se.js:0
[14276669ms] [ERROR] WebSocket connection to 'ws://localhost:8031/' failed: Error in connection establishment: net::ERR_CONNECTION_REFUSED @ http://localhost:5199/assets/stage-B4ZnF7Se.js:0
[14280681ms] [ERROR] WebSocket connection to 'ws://localhost:8031/' failed: Error in connection establishment: net::ERR_CONNECTION_REFUSED @ http://localhost:5199/assets/stage-B4ZnF7Se.js:0
[14284573ms] [ERROR] WebSocket connection to 'ws://localhost:8031/' failed: Error in connection establishment: net::ERR_CONNECTION_REFUSED @ http://localhost:5199/assets/stage-B4ZnF7Se.js:0
[14287394ms] [ERROR] WebSocket connection to 'ws://localhost:8031/' failed: Error in connection establishment: net::ERR_CONNECTION_REFUSED @ http://localhost:5199/assets/stage-B4ZnF7Se.js:0
[14290148ms] [ERROR] WebSocket connection to 'ws://localhost:8031/' failed: Error in connection establishment: net::ERR_CONNECTION_REFUSED @ http://localhost:5199/assets/stage-B4ZnF7Se.js:0
[14294640ms] [ERROR] WebSocket connection to 'ws://localhost:8031/' failed: Error in connection establishment: net::ERR_CONNECTION_REFUSED @ http://localhost:5199/assets/stage-B4ZnF7Se.js:0
[14300881ms] [ERROR] WebSocket connection to 'ws://localhost:8031/' failed: Error in connection establishment: net::ERR_CONNECTION_REFUSED @ http://localhost:5199/assets/stage-B4ZnF7Se.js:0
[14306211ms] [ERROR] WebSocket connection to 'ws://localhost:8031/' failed: Error in connection establishment: net::ERR_CONNECTION_REFUSED @ http://localhost:5199/assets/stage-B4ZnF7Se.js:0
[14308978ms] [ERROR] WebSocket connection to 'ws://localhost:8031/' failed: Error in connection establishment: net::ERR_CONNECTION_REFUSED @ http://localhost:5199/assets/stage-B4ZnF7Se.js:0
[14314023ms] [ERROR] WebSocket connection to 'ws://localhost:8031/' failed: Error in connection establishment: net::ERR_CONNECTION_REFUSED @ http://localhost:5199/assets/stage-B4ZnF7Se.js:0
[14320531ms] [ERROR] WebSocket connection to 'ws://localhost:8031/' failed: Error in connection establishment: net::ERR_CONNECTION_REFUSED @ http://localhost:5199/assets/stage-B4ZnF7Se.js:0
[14326569ms] [ERROR] WebSocket connection to 'ws://localhost:8031/' failed: Error in connection establishment: net::ERR_CONNECTION_REFUSED @ http://localhost:5199/assets/stage-B4ZnF7Se.js:0
[14332294ms] [ERROR] WebSocket connection to 'ws://localhost:8031/' failed: Error in connection establishment: net::ERR_CONNECTION_REFUSED @ http://localhost:5199/assets/stage-B4ZnF7Se.js:0
[14334855ms] [ERROR] WebSocket connection to 'ws://localhost:8031/' failed: Error in connection establishment: net::ERR_CONNECTION_REFUSED @ http://localhost:5199/assets/stage-B4ZnF7Se.js:0
[14338907ms] [ERROR] WebSocket connection to 'ws://localhost:8031/' failed: Error in connection establishment: net::ERR_CONNECTION_REFUSED @ http://localhost:5199/assets/stage-B4ZnF7Se.js:0
[14342605ms] [ERROR] WebSocket connection to 'ws://localhost:8031/' failed: Error in connection establishment: net::ERR_CONNECTION_REFUSED @ http://localhost:5199/assets/stage-B4ZnF7Se.js:0
[14345168ms] [ERROR] WebSocket connection to 'ws://localhost:8031/' failed: Error in connection establishment: net::ERR_CONNECTION_REFUSED @ http://localhost:5199/assets/stage-B4ZnF7Se.js:0
[14349772ms] [ERROR] WebSocket connection to 'ws://localhost:8031/' failed: Error in connection establishment: net::ERR_CONNECTION_REFUSED @ http://localhost:5199/assets/stage-B4ZnF7Se.js:0
[14354010ms] [ERROR] WebSocket connection to 'ws://localhost:8031/' failed: Error in connection establishment: net::ERR_CONNECTION_REFUSED @ http://localhost:5199/assets/stage-B4ZnF7Se.js:0
[14359388ms] [ERROR] WebSocket connection to 'ws://localhost:8031/' failed: Error in connection establishment: net::ERR_CONNECTION_REFUSED @ http://localhost:5199/assets/stage-B4ZnF7Se.js:0
[14364847ms] [ERROR] WebSocket connection to 'ws://localhost:8031/' failed: Error in connection establishment: net::ERR_CONNECTION_REFUSED @ http://localhost:5199/assets/stage-B4ZnF7Se.js:0
[14371343ms] [ERROR] WebSocket connection to 'ws://localhost:8031/' failed: Error in connection establishment: net::ERR_CONNECTION_REFUSED @ http://localhost:5199/assets/stage-B4ZnF7Se.js:0
[14375110ms] [ERROR] WebSocket connection to 'ws://localhost:8031/' failed: Error in connection establishment: net::ERR_CONNECTION_REFUSED @ http://localhost:5199/assets/stage-B4ZnF7Se.js:0
[14380288ms] [ERROR] WebSocket connection to 'ws://localhost:8031/' failed: Error in connection establishment: net::ERR_CONNECTION_REFUSED @ http://localhost:5199/assets/stage-B4ZnF7Se.js:0
[14384234ms] [ERROR] WebSocket connection to 'ws://localhost:8031/' failed: Error in connection establishment: net::ERR_CONNECTION_REFUSED @ http://localhost:5199/assets/stage-B4ZnF7Se.js:0
[14387760ms] [ERROR] WebSocket connection to 'ws://localhost:8031/' failed: Error in connection establishment: net::ERR_CONNECTION_REFUSED @ http://localhost:5199/assets/stage-B4ZnF7Se.js:0
[14393912ms] [ERROR] WebSocket connection to 'ws://localhost:8031/' failed: Error in connection establishment: net::ERR_CONNECTION_REFUSED @ http://localhost:5199/assets/stage-B4ZnF7Se.js:0
[14396801ms] [ERROR] WebSocket connection to 'ws://localhost:8031/' failed: Error in connection establishment: net::ERR_CONNECTION_REFUSED @ http://localhost:5199/assets/stage-B4ZnF7Se.js:0
[14401004ms] [ERROR] WebSocket connection to 'ws://localhost:8031/' failed: Error in connection establishment: net::ERR_CONNECTION_REFUSED @ http://localhost:5199/assets/stage-B4ZnF7Se.js:0
[14404925ms] [ERROR] WebSocket connection to 'ws://localhost:8031/' failed: Error in connection establishment: net::ERR_CONNECTION_REFUSED @ http://localhost:5199/assets/stage-B4ZnF7Se.js:0
[14410383ms] [ERROR] WebSocket connection to 'ws://localhost:8031/' failed: Error in connection establishment: net::ERR_CONNECTION_REFUSED @ http://localhost:5199/assets/stage-B4ZnF7Se.js:0
[14415636ms] [ERROR] WebSocket connection to 'ws://localhost:8031/' failed: Error in connection establishment: net::ERR_CONNECTION_REFUSED @ http://localhost:5199/assets/stage-B4ZnF7Se.js:0
[14419771ms] [ERROR] WebSocket connection to 'ws://localhost:8031/' failed: Error in connection establishment: net::ERR_CONNECTION_REFUSED @ http://localhost:5199/assets/stage-B4ZnF7Se.js:0
[14424745ms] [ERROR] WebSocket connection to 'ws://localhost:8031/' failed: Error in connection establishment: net::ERR_CONNECTION_REFUSED @ http://localhost:5199/assets/stage-B4ZnF7Se.js:0
[14427428ms] [ERROR] WebSocket connection to 'ws://localhost:8031/' failed: Error in connection establishment: net::ERR_CONNECTION_REFUSED @ http://localhost:5199/assets/stage-B4ZnF7Se.js:0
[14431212ms] [ERROR] WebSocket connection to 'ws://localhost:8031/' failed: Error in connection establishment: net::ERR_CONNECTION_REFUSED @ http://localhost:5199/assets/stage-B4ZnF7Se.js:0
[14436954ms] [ERROR] WebSocket connection to 'ws://localhost:8031/' failed: Error in connection establishment: net::ERR_CONNECTION_REFUSED @ http://localhost:5199/assets/stage-B4ZnF7Se.js:0
[14442174ms] [ERROR] WebSocket connection to 'ws://localhost:8031/' failed: Error in connection establishment: net::ERR_CONNECTION_REFUSED @ http://localhost:5199/assets/stage-B4ZnF7Se.js:0
[14448237ms] [ERROR] WebSocket connection to 'ws://localhost:8031/' failed: Error in connection establishment: net::ERR_CONNECTION_REFUSED @ http://localhost:5199/assets/stage-B4ZnF7Se.js:0
[14453732ms] [ERROR] WebSocket connection to 'ws://localhost:8031/' failed: Error in connection establishment: net::ERR_CONNECTION_REFUSED @ http://localhost:5199/assets/stage-B4ZnF7Se.js:0
[14460031ms] [ERROR] WebSocket connection to 'ws://localhost:8031/' failed: Error in connection establishment: net::ERR_CONNECTION_REFUSED @ http://localhost:5199/assets/stage-B4ZnF7Se.js:0
[14465365ms] [ERROR] WebSocket connection to 'ws://localhost:8031/' failed: Error in connection establishment: net::ERR_CONNECTION_REFUSED @ http://localhost:5199/assets/stage-B4ZnF7Se.js:0
[14468527ms] [ERROR] WebSocket connection to 'ws://localhost:8031/' failed: Error in connection establishment: net::ERR_CONNECTION_REFUSED @ http://localhost:5199/assets/stage-B4ZnF7Se.js:0
[14473223ms] [ERROR] WebSocket connection to 'ws://localhost:8031/' failed: Error in connection establishment: net::ERR_CONNECTION_REFUSED @ http://localhost:5199/assets/stage-B4ZnF7Se.js:0
[14478906ms] [ERROR] WebSocket connection to 'ws://localhost:8031/' failed: Error in connection establishment: net::ERR_CONNECTION_REFUSED @ http://localhost:5199/assets/stage-B4ZnF7Se.js:0
[14482706ms] [ERROR] WebSocket connection to 'ws://localhost:8031/' failed: Error in connection establishment: net::ERR_CONNECTION_REFUSED @ http://localhost:5199/assets/stage-B4ZnF7Se.js:0
[14486427ms] [ERROR] WebSocket connection to 'ws://localhost:8031/' failed: Error in connection establishment: net::ERR_CONNECTION_REFUSED @ http://localhost:5199/assets/stage-B4ZnF7Se.js:0
[14487933ms] [ERROR] WebSocket connection to 'ws://localhost:8031/' failed: Error in connection establishment: net::ERR_CONNECTION_REFUSED @ http://localhost:5199/assets/stage-B4ZnF7Se.js:0
[14489438ms] [ERROR] WebSocket connection to 'ws://localhost:8031/' failed: Error in connection establishment: net::ERR_CONNECTION_REFUSED @ http://localhost:5199/assets/stage-B4ZnF7Se.js:0
[14490944ms] [ERROR] WebSocket connection to 'ws://localhost:8031/' failed: Error in connection establishment: net::ERR_CONNECTION_REFUSED @ http://localhost:5199/assets/stage-B4ZnF7Se.js:0
[14492448ms] [ERROR] WebSocket connection to 'ws://localhost:8031/' failed: Error in connection establishment: net::ERR_CONNECTION_REFUSED @ http://localhost:5199/assets/stage-B4ZnF7Se.js:0
[14493957ms] [ERROR] WebSocket connection to 'ws://localhost:8031/' failed: Error in connection establishment: net::ERR_CONNECTION_REFUSED @ http://localhost:5199/assets/stage-B4ZnF7Se.js:0
[14495466ms] [ERROR] WebSocket connection to 'ws://localhost:8031/' failed: Error in connection establishment: net::ERR_CONNECTION_REFUSED @ http://localhost:5199/assets/stage-B4ZnF7Se.js:0
[14496972ms] [ERROR] WebSocket connection to 'ws://localhost:8031/' failed: Error in connection establishment: net::ERR_CONNECTION_REFUSED @ http://localhost:5199/assets/stage-B4ZnF7Se.js:0
[14498494ms] [ERROR] WebSocket connection to 'ws://localhost:8031/' failed: Error in connection establishment: net::ERR_CONNECTION_REFUSED @ http://localhost:5199/assets/stage-B4ZnF7Se.js:0
[14500035ms] [ERROR] WebSocket connection to 'ws://localhost:8031/' failed: Error in connection establishment: net::ERR_CONNECTION_REFUSED @ http://localhost:5199/assets/stage-B4ZnF7Se.js:0
[14501559ms] [ERROR] WebSocket connection to 'ws://localhost:8031/' failed: Error in connection establishment: net::ERR_CONNECTION_REFUSED @ http://localhost:5199/assets/stage-B4ZnF7Se.js:0
[14503110ms] [ERROR] WebSocket connection to 'ws://localhost:8031/' failed: Error in connection establishment: net::ERR_CONNECTION_REFUSED @ http://localhost:5199/assets/stage-B4ZnF7Se.js:0
[14504725ms] [ERROR] WebSocket connection to 'ws://localhost:8031/' failed: Error in connection establishment: net::ERR_CONNECTION_REFUSED @ http://localhost:5199/assets/stage-B4ZnF7Se.js:0
[14506377ms] [ERROR] WebSocket connection to 'ws://localhost:8031/' failed: Error in connection establishment: net::ERR_CONNECTION_REFUSED @ http://localhost:5199/assets/stage-B4ZnF7Se.js:0
[14509139ms] [ERROR] WebSocket connection to 'ws://localhost:8031/' failed: Error in connection establishment: net::ERR_CONNECTION_REFUSED @ http://localhost:5199/assets/stage-B4ZnF7Se.js:0
[14513047ms] [ERROR] WebSocket connection to 'ws://localhost:8031/' failed: Error in connection establishment: net::ERR_CONNECTION_REFUSED @ http://localhost:5199/assets/stage-B4ZnF7Se.js:0
[14516330ms] [ERROR] WebSocket connection to 'ws://localhost:8031/' failed: Error in connection establishment: net::ERR_CONNECTION_REFUSED @ http://localhost:5199/assets/stage-B4ZnF7Se.js:0
[14521389ms] [ERROR] WebSocket connection to 'ws://localhost:8031/' failed: Error in connection establishment: net::ERR_CONNECTION_REFUSED @ http://localhost:5199/assets/stage-B4ZnF7Se.js:0
[14527604ms] [ERROR] WebSocket connection to 'ws://localhost:8031/' failed: Error in connection establishment: net::ERR_CONNECTION_REFUSED @ http://localhost:5199/assets/stage-B4ZnF7Se.js:0
[14532722ms] [ERROR] WebSocket connection to 'ws://localhost:8031/' failed: Error in connection establishment: net::ERR_CONNECTION_REFUSED @ http://localhost:5199/assets/stage-B4ZnF7Se.js:0
[14536042ms] [ERROR] WebSocket connection to 'ws://localhost:8031/' failed: Error in connection establishment: net::ERR_CONNECTION_REFUSED @ http://localhost:5199/assets/stage-B4ZnF7Se.js:0
[14539721ms] [ERROR] WebSocket connection to 'ws://localhost:8031/' failed: Error in connection establishment: net::ERR_CONNECTION_REFUSED @ http://localhost:5199/assets/stage-B4ZnF7Se.js:0
[14545325ms] [ERROR] WebSocket connection to 'ws://localhost:8031/' failed: Error in connection establishment: net::ERR_CONNECTION_REFUSED @ http://localhost:5199/assets/stage-B4ZnF7Se.js:0
[14550750ms] [ERROR] WebSocket connection to 'ws://localhost:8031/' failed: Error in connection establishment: net::ERR_CONNECTION_REFUSED @ http://localhost:5199/assets/stage-B4ZnF7Se.js:0
[14556512ms] [ERROR] WebSocket connection to 'ws://localhost:8031/' failed: Error in connection establishment: net::ERR_CONNECTION_REFUSED @ http://localhost:5199/assets/stage-B4ZnF7Se.js:0
[14562638ms] [ERROR] WebSocket connection to 'ws://localhost:8031/' failed: Error in connection establishment: net::ERR_CONNECTION_REFUSED @ http://localhost:5199/assets/stage-B4ZnF7Se.js:0
[14566691ms] [ERROR] WebSocket connection to 'ws://localhost:8031/' failed: Error in connection establishment: net::ERR_CONNECTION_REFUSED @ http://localhost:5199/assets/stage-B4ZnF7Se.js:0
[14569734ms] [ERROR] WebSocket connection to 'ws://localhost:8031/' failed: Error in connection establishment: net::ERR_CONNECTION_REFUSED @ http://localhost:5199/assets/stage-B4ZnF7Se.js:0
[14573548ms] [ERROR] WebSocket connection to 'ws://localhost:8031/' failed: Error in connection establishment: net::ERR_CONNECTION_REFUSED @ http://localhost:5199/assets/stage-B4ZnF7Se.js:0
[14576320ms] [ERROR] WebSocket connection to 'ws://localhost:8031/' failed: Error in connection establishment: net::ERR_CONNECTION_REFUSED @ http://localhost:5199/assets/stage-B4ZnF7Se.js:0
[14580154ms] [ERROR] WebSocket connection to 'ws://localhost:8031/' failed: Error in connection establishment: net::ERR_CONNECTION_REFUSED @ http://localhost:5199/assets/stage-B4ZnF7Se.js:0
[14584595ms] [ERROR] WebSocket connection to 'ws://localhost:8031/' failed: Error in connection establishment: net::ERR_CONNECTION_REFUSED @ http://localhost:5199/assets/stage-B4ZnF7Se.js:0
[14587492ms] [ERROR] WebSocket connection to 'ws://localhost:8031/' failed: Error in connection establishment: net::ERR_CONNECTION_REFUSED @ http://localhost:5199/assets/stage-B4ZnF7Se.js:0
[14590165ms] [ERROR] WebSocket connection to 'ws://localhost:8031/' failed: Error in connection establishment: net::ERR_CONNECTION_REFUSED @ http://localhost:5199/assets/stage-B4ZnF7Se.js:0
[14596508ms] [ERROR] WebSocket connection to 'ws://localhost:8031/' failed: Error in connection establishment: net::ERR_CONNECTION_REFUSED @ http://localhost:5199/assets/stage-B4ZnF7Se.js:0
[14602741ms] [ERROR] WebSocket connection to 'ws://localhost:8031/' failed: Error in connection establishment: net::ERR_CONNECTION_REFUSED @ http://localhost:5199/assets/stage-B4ZnF7Se.js:0
[14606719ms] [ERROR] WebSocket connection to 'ws://localhost:8031/' failed: Error in connection establishment: net::ERR_CONNECTION_REFUSED @ http://localhost:5199/assets/stage-B4ZnF7Se.js:0
[14608223ms] [ERROR] WebSocket connection to 'ws://localhost:8031/' failed: Error in connection establishment: net::ERR_CONNECTION_REFUSED @ http://localhost:5199/assets/stage-B4ZnF7Se.js:0
[14609727ms] [ERROR] WebSocket connection to 'ws://localhost:8031/' failed: Error in connection establishment: net::ERR_CONNECTION_REFUSED @ http://localhost:5199/assets/stage-B4ZnF7Se.js:0
[14611233ms] [ERROR] WebSocket connection to 'ws://localhost:8031/' failed: Error in connection establishment: net::ERR_CONNECTION_REFUSED @ http://localhost:5199/assets/stage-B4ZnF7Se.js:0
[14612738ms] [ERROR] WebSocket connection to 'ws://localhost:8031/' failed: Error in connection establishment: net::ERR_CONNECTION_REFUSED @ http://localhost:5199/assets/stage-B4ZnF7Se.js:0
[14614244ms] [ERROR] WebSocket connection to 'ws://localhost:8031/' failed: Error in connection establishment: net::ERR_CONNECTION_REFUSED @ http://localhost:5199/assets/stage-B4ZnF7Se.js:0
[14615751ms] [ERROR] WebSocket connection to 'ws://localhost:8031/' failed: Error in connection establishment: net::ERR_CONNECTION_REFUSED @ http://localhost:5199/assets/stage-B4ZnF7Se.js:0
[14617263ms] [ERROR] WebSocket connection to 'ws://localhost:8031/' failed: Error in connection establishment: net::ERR_CONNECTION_REFUSED @ http://localhost:5199/assets/stage-B4ZnF7Se.js:0
[14618778ms] [ERROR] WebSocket connection to 'ws://localhost:8031/' failed: Error in connection establishment: net::ERR_CONNECTION_REFUSED @ http://localhost:5199/assets/stage-B4ZnF7Se.js:0
[14620319ms] [ERROR] WebSocket connection to 'ws://localhost:8031/' failed: Error in connection establishment: net::ERR_CONNECTION_REFUSED @ http://localhost:5199/assets/stage-B4ZnF7Se.js:0
[14621870ms] [ERROR] WebSocket connection to 'ws://localhost:8031/' failed: Error in connection establishment: net::ERR_CONNECTION_REFUSED @ http://localhost:5199/assets/stage-B4ZnF7Se.js:0
[14623469ms] [ERROR] WebSocket connection to 'ws://localhost:8031/' failed: Error in connection establishment: net::ERR_CONNECTION_REFUSED @ http://localhost:5199/assets/stage-B4ZnF7Se.js:0
[14625219ms] [ERROR] WebSocket connection to 'ws://localhost:8031/' failed: Error in connection establishment: net::ERR_CONNECTION_REFUSED @ http://localhost:5199/assets/stage-B4ZnF7Se.js:0
[14627336ms] [ERROR] WebSocket connection to 'ws://localhost:8031/' failed: Error in connection establishment: net::ERR_CONNECTION_REFUSED @ http://localhost:5199/assets/stage-B4ZnF7Se.js:0
[14629912ms] [ERROR] WebSocket connection to 'ws://localhost:8031/' failed: Error in connection establishment: net::ERR_CONNECTION_REFUSED @ http://localhost:5199/assets/stage-B4ZnF7Se.js:0
[14633840ms] [ERROR] WebSocket connection to 'ws://localhost:8031/' failed: Error in connection establishment: net::ERR_CONNECTION_REFUSED @ http://localhost:5199/assets/stage-B4ZnF7Se.js:0
[14637749ms] [ERROR] WebSocket connection to 'ws://localhost:8031/' failed: Error in connection establishment: net::ERR_CONNECTION_REFUSED @ http://localhost:5199/assets/stage-B4ZnF7Se.js:0
[14643610ms] [ERROR] WebSocket connection to 'ws://localhost:8031/' failed: Error in connection establishment: net::ERR_CONNECTION_REFUSED @ http://localhost:5199/assets/stage-B4ZnF7Se.js:0
[14649065ms] [ERROR] WebSocket connection to 'ws://localhost:8031/' failed: Error in connection establishment: net::ERR_CONNECTION_REFUSED @ http://localhost:5199/assets/stage-B4ZnF7Se.js:0
[14651890ms] [ERROR] WebSocket connection to 'ws://localhost:8031/' failed: Error in connection establishment: net::ERR_CONNECTION_REFUSED @ http://localhost:5199/assets/stage-B4ZnF7Se.js:0
[14658161ms] [ERROR] WebSocket connection to 'ws://localhost:8031/' failed: Error in connection establishment: net::ERR_CONNECTION_REFUSED @ http://localhost:5199/assets/stage-B4ZnF7Se.js:0
[14662414ms] [ERROR] WebSocket connection to 'ws://localhost:8031/' failed: Error in connection establishment: net::ERR_CONNECTION_REFUSED @ http://localhost:5199/assets/stage-B4ZnF7Se.js:0
[14665773ms] [ERROR] WebSocket connection to 'ws://localhost:8031/' failed: Error in connection establishment: net::ERR_CONNECTION_REFUSED @ http://localhost:5199/assets/stage-B4ZnF7Se.js:0
[14670047ms] [ERROR] WebSocket connection to 'ws://localhost:8031/' failed: Error in connection establishment: net::ERR_CONNECTION_REFUSED @ http://localhost:5199/assets/stage-B4ZnF7Se.js:0
[14674497ms] [ERROR] WebSocket connection to 'ws://localhost:8031/' failed: Error in connection establishment: net::ERR_CONNECTION_REFUSED @ http://localhost:5199/assets/stage-B4ZnF7Se.js:0
[14680172ms] [ERROR] WebSocket connection to 'ws://localhost:8031/' failed: Error in connection establishment: net::ERR_CONNECTION_REFUSED @ http://localhost:5199/assets/stage-B4ZnF7Se.js:0
[14684252ms] [ERROR] WebSocket connection to 'ws://localhost:8031/' failed: Error in connection establishment: net::ERR_CONNECTION_REFUSED @ http://localhost:5199/assets/stage-B4ZnF7Se.js:0
[14689839ms] [ERROR] WebSocket connection to 'ws://localhost:8031/' failed: Error in connection establishment: net::ERR_CONNECTION_REFUSED @ http://localhost:5199/assets/stage-B4ZnF7Se.js:0
[14693293ms] [ERROR] WebSocket connection to 'ws://localhost:8031/' failed: Error in connection establishment: net::ERR_CONNECTION_REFUSED @ http://localhost:5199/assets/stage-B4ZnF7Se.js:0
[14698385ms] [ERROR] WebSocket connection to 'ws://localhost:8031/' failed: Error in connection establishment: net::ERR_CONNECTION_REFUSED @ http://localhost:5199/assets/stage-B4ZnF7Se.js:0
[14703288ms] [ERROR] WebSocket connection to 'ws://localhost:8031/' failed: Error in connection establishment: net::ERR_CONNECTION_REFUSED @ http://localhost:5199/assets/stage-B4ZnF7Se.js:0
[14707918ms] [ERROR] WebSocket connection to 'ws://localhost:8031/' failed: Error in connection establishment: net::ERR_CONNECTION_REFUSED @ http://localhost:5199/assets/stage-B4ZnF7Se.js:0
[14710438ms] [ERROR] WebSocket connection to 'ws://localhost:8031/' failed: Error in connection establishment: net::ERR_CONNECTION_REFUSED @ http://localhost:5199/assets/stage-B4ZnF7Se.js:0
[14716664ms] [ERROR] WebSocket connection to 'ws://localhost:8031/' failed: Error in connection establishment: net::ERR_CONNECTION_REFUSED @ http://localhost:5199/assets/stage-B4ZnF7Se.js:0
[14720496ms] [ERROR] WebSocket connection to 'ws://localhost:8031/' failed: Error in connection establishment: net::ERR_CONNECTION_REFUSED @ http://localhost:5199/assets/stage-B4ZnF7Se.js:0
[14723466ms] [ERROR] WebSocket connection to 'ws://localhost:8031/' failed: Error in connection establishment: net::ERR_CONNECTION_REFUSED @ http://localhost:5199/assets/stage-B4ZnF7Se.js:0
[14727209ms] [ERROR] WebSocket connection to 'ws://localhost:8031/' failed: Error in connection establishment: net::ERR_CONNECTION_REFUSED @ http://localhost:5199/assets/stage-B4ZnF7Se.js:0
[14728713ms] [ERROR] WebSocket connection to 'ws://localhost:8031/' failed: Error in connection establishment: net::ERR_CONNECTION_REFUSED @ http://localhost:5199/assets/stage-B4ZnF7Se.js:0
[14730220ms] [ERROR] WebSocket connection to 'ws://localhost:8031/' failed: Error in connection establishment: net::ERR_CONNECTION_REFUSED @ http://localhost:5199/assets/stage-B4ZnF7Se.js:0
[14731726ms] [ERROR] WebSocket connection to 'ws://localhost:8031/' failed: Error in connection establishment: net::ERR_CONNECTION_REFUSED @ http://localhost:5199/assets/stage-B4ZnF7Se.js:0
[14733232ms] [ERROR] WebSocket connection to 'ws://localhost:8031/' failed: Error in connection establishment: net::ERR_CONNECTION_REFUSED @ http://localhost:5199/assets/stage-B4ZnF7Se.js:0
[14734739ms] [ERROR] WebSocket connection to 'ws://localhost:8031/' failed: Error in connection establishment: net::ERR_CONNECTION_REFUSED @ http://localhost:5199/assets/stage-B4ZnF7Se.js:0
[14736249ms] [ERROR] WebSocket connection to 'ws://localhost:8031/' failed: Error in connection establishment: net::ERR_CONNECTION_REFUSED @ http://localhost:5199/assets/stage-B4ZnF7Se.js:0
[14737758ms] [ERROR] WebSocket connection to 'ws://localhost:8031/' failed: Error in connection establishment: net::ERR_CONNECTION_REFUSED @ http://localhost:5199/assets/stage-B4ZnF7Se.js:0
[14739283ms] [ERROR] WebSocket connection to 'ws://localhost:8031/' failed: Error in connection establishment: net::ERR_CONNECTION_REFUSED @ http://localhost:5199/assets/stage-B4ZnF7Se.js:0
[14740829ms] [ERROR] WebSocket connection to 'ws://localhost:8031/' failed: Error in connection establishment: net::ERR_CONNECTION_REFUSED @ http://localhost:5199/assets/stage-B4ZnF7Se.js:0
[14742362ms] [ERROR] WebSocket connection to 'ws://localhost:8031/' failed: Error in connection establishment: net::ERR_CONNECTION_REFUSED @ http://localhost:5199/assets/stage-B4ZnF7Se.js:0
[14743958ms] [ERROR] WebSocket connection to 'ws://localhost:8031/' failed: Error in connection establishment: net::ERR_CONNECTION_REFUSED @ http://localhost:5199/assets/stage-B4ZnF7Se.js:0
[14745554ms] [ERROR] WebSocket connection to 'ws://localhost:8031/' failed: Error in connection establishment: net::ERR_CONNECTION_REFUSED @ http://localhost:5199/assets/stage-B4ZnF7Se.js:0
[14747354ms] [ERROR] WebSocket connection to 'ws://localhost:8031/' failed: Error in connection establishment: net::ERR_CONNECTION_REFUSED @ http://localhost:5199/assets/stage-B4ZnF7Se.js:0
[14749567ms] [ERROR] WebSocket connection to 'ws://localhost:8031/' failed: Error in connection establishment: net::ERR_CONNECTION_REFUSED @ http://localhost:5199/assets/stage-B4ZnF7Se.js:0
[14752217ms] [ERROR] WebSocket connection to 'ws://localhost:8031/' failed: Error in connection establishment: net::ERR_CONNECTION_REFUSED @ http://localhost:5199/assets/stage-B4ZnF7Se.js:0
[14755175ms] [ERROR] WebSocket connection to 'ws://localhost:8031/' failed: Error in connection establishment: net::ERR_CONNECTION_REFUSED @ http://localhost:5199/assets/stage-B4ZnF7Se.js:0
[14760395ms] [ERROR] WebSocket connection to 'ws://localhost:8031/' failed: Error in connection establishment: net::ERR_CONNECTION_REFUSED @ http://localhost:5199/assets/stage-B4ZnF7Se.js:0
[14766480ms] [ERROR] WebSocket connection to 'ws://localhost:8031/' failed: Error in connection establishment: net::ERR_CONNECTION_REFUSED @ http://localhost:5199/assets/stage-B4ZnF7Se.js:0
[14769191ms] [ERROR] WebSocket connection to 'ws://localhost:8031/' failed: Error in connection establishment: net::ERR_CONNECTION_REFUSED @ http://localhost:5199/assets/stage-B4ZnF7Se.js:0
[14775357ms] [ERROR] WebSocket connection to 'ws://localhost:8031/' failed: Error in connection establishment: net::ERR_CONNECTION_REFUSED @ http://localhost:5199/assets/stage-B4ZnF7Se.js:0
[14779324ms] [ERROR] WebSocket connection to 'ws://localhost:8031/' failed: Error in connection establishment: net::ERR_CONNECTION_REFUSED @ http://localhost:5199/assets/stage-B4ZnF7Se.js:0
[14781969ms] [ERROR] WebSocket connection to 'ws://localhost:8031/' failed: Error in connection establishment: net::ERR_CONNECTION_REFUSED @ http://localhost:5199/assets/stage-B4ZnF7Se.js:0
[14787107ms] [ERROR] WebSocket connection to 'ws://localhost:8031/' failed: Error in connection establishment: net::ERR_CONNECTION_REFUSED @ http://localhost:5199/assets/stage-B4ZnF7Se.js:0
[14791064ms] [ERROR] WebSocket connection to 'ws://localhost:8031/' failed: Error in connection establishment: net::ERR_CONNECTION_REFUSED @ http://localhost:5199/assets/stage-B4ZnF7Se.js:0
[14797127ms] [ERROR] WebSocket connection to 'ws://localhost:8031/' failed: Error in connection establishment: net::ERR_CONNECTION_REFUSED @ http://localhost:5199/assets/stage-B4ZnF7Se.js:0
[14800782ms] [ERROR] WebSocket connection to 'ws://localhost:8031/' failed: Error in connection establishment: net::ERR_CONNECTION_REFUSED @ http://localhost:5199/assets/stage-B4ZnF7Se.js:0
[14807206ms] [ERROR] WebSocket connection to 'ws://localhost:8031/' failed: Error in connection establishment: net::ERR_CONNECTION_REFUSED @ http://localhost:5199/assets/stage-B4ZnF7Se.js:0
[14811897ms] [ERROR] WebSocket connection to 'ws://localhost:8031/' failed: Error in connection establishment: net::ERR_CONNECTION_REFUSED @ http://localhost:5199/assets/stage-B4ZnF7Se.js:0
[14818111ms] [ERROR] WebSocket connection to 'ws://localhost:8031/' failed: Error in connection establishment: net::ERR_CONNECTION_REFUSED @ http://localhost:5199/assets/stage-B4ZnF7Se.js:0
[14821227ms] [ERROR] WebSocket connection to 'ws://localhost:8031/' failed: Error in connection establishment: net::ERR_CONNECTION_REFUSED @ http://localhost:5199/assets/stage-B4ZnF7Se.js:0
[14827580ms] [ERROR] WebSocket connection to 'ws://localhost:8031/' failed: Error in connection establishment: net::ERR_CONNECTION_REFUSED @ http://localhost:5199/assets/stage-B4ZnF7Se.js:0
[14833980ms] [ERROR] WebSocket connection to 'ws://localhost:8031/' failed: Error in connection establishment: net::ERR_CONNECTION_REFUSED @ http://localhost:5199/assets/stage-B4ZnF7Se.js:0
[14836823ms] [ERROR] WebSocket connection to 'ws://localhost:8031/' failed: Error in connection establishment: net::ERR_CONNECTION_REFUSED @ http://localhost:5199/assets/stage-B4ZnF7Se.js:0
[14840689ms] [ERROR] WebSocket connection to 'ws://localhost:8031/' failed: Error in connection establishment: net::ERR_CONNECTION_REFUSED @ http://localhost:5199/assets/stage-B4ZnF7Se.js:0
[14844044ms] [ERROR] WebSocket connection to 'ws://localhost:8031/' failed: Error in connection establishment: net::ERR_CONNECTION_REFUSED @ http://localhost:5199/assets/stage-B4ZnF7Se.js:0
[14846627ms] [ERROR] WebSocket connection to 'ws://localhost:8031/' failed: Error in connection establishment: net::ERR_CONNECTION_REFUSED @ http://localhost:5199/assets/stage-B4ZnF7Se.js:0
[14852243ms] [ERROR] WebSocket connection to 'ws://localhost:8031/' failed: Error in connection establishment: net::ERR_CONNECTION_REFUSED @ http://localhost:5199/assets/stage-B4ZnF7Se.js:0
[14854872ms] [ERROR] WebSocket connection to 'ws://localhost:8031/' failed: Error in connection establishment: net::ERR_CONNECTION_REFUSED @ http://localhost:5199/assets/stage-B4ZnF7Se.js:0
[14858284ms] [ERROR] WebSocket connection to 'ws://localhost:8031/' failed: Error in connection establishment: net::ERR_CONNECTION_REFUSED @ http://localhost:5199/assets/stage-B4ZnF7Se.js:0
[14863988ms] [ERROR] WebSocket connection to 'ws://localhost:8031/' failed: Error in connection establishment: net::ERR_CONNECTION_REFUSED @ http://localhost:5199/assets/stage-B4ZnF7Se.js:0
[14867421ms] [ERROR] WebSocket connection to 'ws://localhost:8031/' failed: Error in connection establishment: net::ERR_CONNECTION_REFUSED @ http://localhost:5199/assets/stage-B4ZnF7Se.js:0
[14870801ms] [ERROR] WebSocket connection to 'ws://localhost:8031/' failed: Error in connection establishment: net::ERR_CONNECTION_REFUSED @ http://localhost:5199/assets/stage-B4ZnF7Se.js:0
[14875742ms] [ERROR] WebSocket connection to 'ws://localhost:8031/' failed: Error in connection establishment: net::ERR_CONNECTION_REFUSED @ http://localhost:5199/assets/stage-B4ZnF7Se.js:0
[14880114ms] [ERROR] WebSocket connection to 'ws://localhost:8031/' failed: Error in connection establishment: net::ERR_CONNECTION_REFUSED @ http://localhost:5199/assets/stage-B4ZnF7Se.js:0
[14882663ms] [ERROR] WebSocket connection to 'ws://localhost:8031/' failed: Error in connection establishment: net::ERR_CONNECTION_REFUSED @ http://localhost:5199/assets/stage-B4ZnF7Se.js:0
[14887142ms] [ERROR] WebSocket connection to 'ws://localhost:8031/' failed: Error in connection establishment: net::ERR_CONNECTION_REFUSED @ http://localhost:5199/assets/stage-B4ZnF7Se.js:0
[14893496ms] [ERROR] WebSocket connection to 'ws://localhost:8031/' failed: Error in connection establishment: net::ERR_CONNECTION_REFUSED @ http://localhost:5199/assets/stage-B4ZnF7Se.js:0
[14898409ms] [ERROR] WebSocket connection to 'ws://localhost:8031/' failed: Error in connection establishment: net::ERR_CONNECTION_REFUSED @ http://localhost:5199/assets/stage-B4ZnF7Se.js:0
[14901975ms] [ERROR] WebSocket connection to 'ws://localhost:8031/' failed: Error in connection establishment: net::ERR_CONNECTION_REFUSED @ http://localhost:5199/assets/stage-B4ZnF7Se.js:0
[14905191ms] [ERROR] WebSocket connection to 'ws://localhost:8031/' failed: Error in connection establishment: net::ERR_CONNECTION_REFUSED @ http://localhost:5199/assets/stage-B4ZnF7Se.js:0
[14910579ms] [ERROR] WebSocket connection to 'ws://localhost:8031/' failed: Error in connection establishment: net::ERR_CONNECTION_REFUSED @ http://localhost:5199/assets/stage-B4ZnF7Se.js:0
[14916816ms] [ERROR] WebSocket connection to 'ws://localhost:8031/' failed: Error in connection establishment: net::ERR_CONNECTION_REFUSED @ http://localhost:5199/assets/stage-B4ZnF7Se.js:0
[14922196ms] [ERROR] WebSocket connection to 'ws://localhost:8031/' failed: Error in connection establishment: net::ERR_CONNECTION_REFUSED @ http://localhost:5199/assets/stage-B4ZnF7Se.js:0
[14927471ms] [ERROR] WebSocket connection to 'ws://localhost:8031/' failed: Error in connection establishment: net::ERR_CONNECTION_REFUSED @ http://localhost:5199/assets/stage-B4ZnF7Se.js:0
[14931161ms] [ERROR] WebSocket connection to 'ws://localhost:8031/' failed: Error in connection establishment: net::ERR_CONNECTION_REFUSED @ http://localhost:5199/assets/stage-B4ZnF7Se.js:0
[14933891ms] [ERROR] WebSocket connection to 'ws://localhost:8031/' failed: Error in connection establishment: net::ERR_CONNECTION_REFUSED @ http://localhost:5199/assets/stage-B4ZnF7Se.js:0
[14939129ms] [ERROR] WebSocket connection to 'ws://localhost:8031/' failed: Error in connection establishment: net::ERR_CONNECTION_REFUSED @ http://localhost:5199/assets/stage-B4ZnF7Se.js:0
[14945460ms] [ERROR] WebSocket connection to 'ws://localhost:8031/' failed: Error in connection establishment: net::ERR_CONNECTION_REFUSED @ http://localhost:5199/assets/stage-B4ZnF7Se.js:0
[14950266ms] [ERROR] WebSocket connection to 'ws://localhost:8031/' failed: Error in connection establishment: net::ERR_CONNECTION_REFUSED @ http://localhost:5199/assets/stage-B4ZnF7Se.js:0
[14953602ms] [ERROR] WebSocket connection to 'ws://localhost:8031/' failed: Error in connection establishment: net::ERR_CONNECTION_REFUSED @ http://localhost:5199/assets/stage-B4ZnF7Se.js:0
[14956890ms] [ERROR] WebSocket connection to 'ws://localhost:8031/' failed: Error in connection establishment: net::ERR_CONNECTION_REFUSED @ http://localhost:5199/assets/stage-B4ZnF7Se.js:0
[14962116ms] [ERROR] WebSocket connection to 'ws://localhost:8031/' failed: Error in connection establishment: net::ERR_CONNECTION_REFUSED @ http://localhost:5199/assets/stage-B4ZnF7Se.js:0
[14966170ms] [ERROR] WebSocket connection to 'ws://localhost:8031/' failed: Error in connection establishment: net::ERR_CONNECTION_REFUSED @ http://localhost:5199/assets/stage-B4ZnF7Se.js:0
[14972186ms] [ERROR] WebSocket connection to 'ws://localhost:8031/' failed: Error in connection establishment: net::ERR_CONNECTION_REFUSED @ http://localhost:5199/assets/stage-B4ZnF7Se.js:0
[14975907ms] [ERROR] WebSocket connection to 'ws://localhost:8031/' failed: Error in connection establishment: net::ERR_CONNECTION_REFUSED @ http://localhost:5199/assets/stage-B4ZnF7Se.js:0
[14982081ms] [ERROR] WebSocket connection to 'ws://localhost:8031/' failed: Error in connection establishment: net::ERR_CONNECTION_REFUSED @ http://localhost:5199/assets/stage-B4ZnF7Se.js:0
[14988214ms] [ERROR] WebSocket connection to 'ws://localhost:8031/' failed: Error in connection establishment: net::ERR_CONNECTION_REFUSED @ http://localhost:5199/assets/stage-B4ZnF7Se.js:0
[14994394ms] [ERROR] WebSocket connection to 'ws://localhost:8031/' failed: Error in connection establishment: net::ERR_CONNECTION_REFUSED @ http://localhost:5199/assets/stage-B4ZnF7Se.js:0
[14999189ms] [ERROR] WebSocket connection to 'ws://localhost:8031/' failed: Error in connection establishment: net::ERR_CONNECTION_REFUSED @ http://localhost:5199/assets/stage-B4ZnF7Se.js:0
[15004736ms] [ERROR] WebSocket connection to 'ws://localhost:8031/' failed: Error in connection establishment: net::ERR_CONNECTION_REFUSED @ http://localhost:5199/assets/stage-B4ZnF7Se.js:0
[15007489ms] [ERROR] WebSocket connection to 'ws://localhost:8031/' failed: Error in connection establishment: net::ERR_CONNECTION_REFUSED @ http://localhost:5199/assets/stage-B4ZnF7Se.js:0
[15010231ms] [ERROR] WebSocket connection to 'ws://localhost:8031/' failed: Error in connection establishment: net::ERR_CONNECTION_REFUSED @ http://localhost:5199/assets/stage-B4ZnF7Se.js:0
[15013581ms] [ERROR] WebSocket connection to 'ws://localhost:8031/' failed: Error in connection establishment: net::ERR_CONNECTION_REFUSED @ http://localhost:5199/assets/stage-B4ZnF7Se.js:0
[15019306ms] [ERROR] WebSocket connection to 'ws://localhost:8031/' failed: Error in connection establishment: net::ERR_CONNECTION_REFUSED @ http://localhost:5199/assets/stage-B4ZnF7Se.js:0
[15025096ms] [ERROR] WebSocket connection to 'ws://localhost:8031/' failed: Error in connection establishment: net::ERR_CONNECTION_REFUSED @ http://localhost:5199/assets/stage-B4ZnF7Se.js:0
[15028343ms] [ERROR] WebSocket connection to 'ws://localhost:8031/' failed: Error in connection establishment: net::ERR_CONNECTION_REFUSED @ http://localhost:5199/assets/stage-B4ZnF7Se.js:0
[15034002ms] [ERROR] WebSocket connection to 'ws://localhost:8031/' failed: Error in connection establishment: net::ERR_CONNECTION_REFUSED @ http://localhost:5199/assets/stage-B4ZnF7Se.js:0
[15040343ms] [ERROR] WebSocket connection to 'ws://localhost:8031/' failed: Error in connection establishment: net::ERR_CONNECTION_REFUSED @ http://localhost:5199/assets/stage-B4ZnF7Se.js:0
[15045622ms] [ERROR] WebSocket connection to 'ws://localhost:8031/' failed: Error in connection establishment: net::ERR_CONNECTION_REFUSED @ http://localhost:5199/assets/stage-B4ZnF7Se.js:0
[15049672ms] [ERROR] WebSocket connection to 'ws://localhost:8031/' failed: Error in connection establishment: net::ERR_CONNECTION_REFUSED @ http://localhost:5199/assets/stage-B4ZnF7Se.js:0
[15055038ms] [ERROR] WebSocket connection to 'ws://localhost:8031/' failed: Error in connection establishment: net::ERR_CONNECTION_REFUSED @ http://localhost:5199/assets/stage-B4ZnF7Se.js:0
[15059571ms] [ERROR] WebSocket connection to 'ws://localhost:8031/' failed: Error in connection establishment: net::ERR_CONNECTION_REFUSED @ http://localhost:5199/assets/stage-B4ZnF7Se.js:0
[15063759ms] [ERROR] WebSocket connection to 'ws://localhost:8031/' failed: Error in connection establishment: net::ERR_CONNECTION_REFUSED @ http://localhost:5199/assets/stage-B4ZnF7Se.js:0
[15067393ms] [ERROR] WebSocket connection to 'ws://localhost:8031/' failed: Error in connection establishment: net::ERR_CONNECTION_REFUSED @ http://localhost:5199/assets/stage-B4ZnF7Se.js:0
[15073063ms] [ERROR] WebSocket connection to 'ws://localhost:8031/' failed: Error in connection establishment: net::ERR_CONNECTION_REFUSED @ http://localhost:5199/assets/stage-B4ZnF7Se.js:0
[15077746ms] [ERROR] WebSocket connection to 'ws://localhost:8031/' failed: Error in connection establishment: net::ERR_CONNECTION_REFUSED @ http://localhost:5199/assets/stage-B4ZnF7Se.js:0
[15081767ms] [ERROR] WebSocket connection to 'ws://localhost:8031/' failed: Error in connection establishment: net::ERR_CONNECTION_REFUSED @ http://localhost:5199/assets/stage-B4ZnF7Se.js:0
[15087478ms] [ERROR] WebSocket connection to 'ws://localhost:8031/' failed: Error in connection establishment: net::ERR_CONNECTION_REFUSED @ http://localhost:5199/assets/stage-B4ZnF7Se.js:0
[15088984ms] [ERROR] WebSocket connection to 'ws://localhost:8031/' failed: Error in connection establishment: net::ERR_CONNECTION_REFUSED @ http://localhost:5199/assets/stage-B4ZnF7Se.js:0
[15090488ms] [ERROR] WebSocket connection to 'ws://localhost:8031/' failed: Error in connection establishment: net::ERR_CONNECTION_REFUSED @ http://localhost:5199/assets/stage-B4ZnF7Se.js:0
[15091992ms] [ERROR] WebSocket connection to 'ws://localhost:8031/' failed: Error in connection establishment: net::ERR_CONNECTION_REFUSED @ http://localhost:5199/assets/stage-B4ZnF7Se.js:0
[15093497ms] [ERROR] WebSocket connection to 'ws://localhost:8031/' failed: Error in connection establishment: net::ERR_CONNECTION_REFUSED @ http://localhost:5199/assets/stage-B4ZnF7Se.js:0
[15095001ms] [ERROR] WebSocket connection to 'ws://localhost:8031/' failed: Error in connection establishment: net::ERR_CONNECTION_REFUSED @ http://localhost:5199/assets/stage-B4ZnF7Se.js:0
[15096508ms] [ERROR] WebSocket connection to 'ws://localhost:8031/' failed: Error in connection establishment: net::ERR_CONNECTION_REFUSED @ http://localhost:5199/assets/stage-B4ZnF7Se.js:0
[15098020ms] [ERROR] WebSocket connection to 'ws://localhost:8031/' failed: Error in connection establishment: net::ERR_CONNECTION_REFUSED @ http://localhost:5199/assets/stage-B4ZnF7Se.js:0
[15099537ms] [ERROR] WebSocket connection to 'ws://localhost:8031/' failed: Error in connection establishment: net::ERR_CONNECTION_REFUSED @ http://localhost:5199/assets/stage-B4ZnF7Se.js:0
[15101087ms] [ERROR] WebSocket connection to 'ws://localhost:8031/' failed: Error in connection establishment: net::ERR_CONNECTION_REFUSED @ http://localhost:5199/assets/stage-B4ZnF7Se.js:0
[15102626ms] [ERROR] WebSocket connection to 'ws://localhost:8031/' failed: Error in connection establishment: net::ERR_CONNECTION_REFUSED @ http://localhost:5199/assets/stage-B4ZnF7Se.js:0
[15104282ms] [ERROR] WebSocket connection to 'ws://localhost:8031/' failed: Error in connection establishment: net::ERR_CONNECTION_REFUSED @ http://localhost:5199/assets/stage-B4ZnF7Se.js:0
[15105879ms] [ERROR] WebSocket connection to 'ws://localhost:8031/' failed: Error in connection establishment: net::ERR_CONNECTION_REFUSED @ http://localhost:5199/assets/stage-B4ZnF7Se.js:0
[15107842ms] [ERROR] WebSocket connection to 'ws://localhost:8031/' failed: Error in connection establishment: net::ERR_CONNECTION_REFUSED @ http://localhost:5199/assets/stage-B4ZnF7Se.js:0
[15110471ms] [ERROR] WebSocket connection to 'ws://localhost:8031/' failed: Error in connection establishment: net::ERR_CONNECTION_REFUSED @ http://localhost:5199/assets/stage-B4ZnF7Se.js:0
[15114024ms] [ERROR] WebSocket connection to 'ws://localhost:8031/' failed: Error in connection establishment: net::ERR_CONNECTION_REFUSED @ http://localhost:5199/assets/stage-B4ZnF7Se.js:0
[15118407ms] [ERROR] WebSocket connection to 'ws://localhost:8031/' failed: Error in connection establishment: net::ERR_CONNECTION_REFUSED @ http://localhost:5199/assets/stage-B4ZnF7Se.js:0
[15121124ms] [ERROR] WebSocket connection to 'ws://localhost:8031/' failed: Error in connection establishment: net::ERR_CONNECTION_REFUSED @ http://localhost:5199/assets/stage-B4ZnF7Se.js:0
[15124454ms] [ERROR] WebSocket connection to 'ws://localhost:8031/' failed: Error in connection establishment: net::ERR_CONNECTION_REFUSED @ http://localhost:5199/assets/stage-B4ZnF7Se.js:0
[15130095ms] [ERROR] WebSocket connection to 'ws://localhost:8031/' failed: Error in connection establishment: net::ERR_CONNECTION_REFUSED @ http://localhost:5199/assets/stage-B4ZnF7Se.js:0
[15133881ms] [ERROR] WebSocket connection to 'ws://localhost:8031/' failed: Error in connection establishment: net::ERR_CONNECTION_REFUSED @ http://localhost:5199/assets/stage-B4ZnF7Se.js:0
[15137437ms] [ERROR] WebSocket connection to 'ws://localhost:8031/' failed: Error in connection establishment: net::ERR_CONNECTION_REFUSED @ http://localhost:5199/assets/stage-B4ZnF7Se.js:0
[15142852ms] [ERROR] WebSocket connection to 'ws://localhost:8031/' failed: Error in connection establishment: net::ERR_CONNECTION_REFUSED @ http://localhost:5199/assets/stage-B4ZnF7Se.js:0
[15146577ms] [ERROR] WebSocket connection to 'ws://localhost:8031/' failed: Error in connection establishment: net::ERR_CONNECTION_REFUSED @ http://localhost:5199/assets/stage-B4ZnF7Se.js:0
[15149136ms] [ERROR] WebSocket connection to 'ws://localhost:8031/' failed: Error in connection establishment: net::ERR_CONNECTION_REFUSED @ http://localhost:5199/assets/stage-B4ZnF7Se.js:0
[15155116ms] [ERROR] WebSocket connection to 'ws://localhost:8031/' failed: Error in connection establishment: net::ERR_CONNECTION_REFUSED @ http://localhost:5199/assets/stage-B4ZnF7Se.js:0
[15158881ms] [ERROR] WebSocket connection to 'ws://localhost:8031/' failed: Error in connection establishment: net::ERR_CONNECTION_REFUSED @ http://localhost:5199/assets/stage-B4ZnF7Se.js:0
[15163511ms] [ERROR] WebSocket connection to 'ws://localhost:8031/' failed: Error in connection establishment: net::ERR_CONNECTION_REFUSED @ http://localhost:5199/assets/stage-B4ZnF7Se.js:0
[15167892ms] [ERROR] WebSocket connection to 'ws://localhost:8031/' failed: Error in connection establishment: net::ERR_CONNECTION_REFUSED @ http://localhost:5199/assets/stage-B4ZnF7Se.js:0
[15174377ms] [ERROR] WebSocket connection to 'ws://localhost:8031/' failed: Error in connection establishment: net::ERR_CONNECTION_REFUSED @ http://localhost:5199/assets/stage-B4ZnF7Se.js:0
[15179902ms] [ERROR] WebSocket connection to 'ws://localhost:8031/' failed: Error in connection establishment: net::ERR_CONNECTION_REFUSED @ http://localhost:5199/assets/stage-B4ZnF7Se.js:0
[15183835ms] [ERROR] WebSocket connection to 'ws://localhost:8031/' failed: Error in connection establishment: net::ERR_CONNECTION_REFUSED @ http://localhost:5199/assets/stage-B4ZnF7Se.js:0
[15189999ms] [ERROR] WebSocket connection to 'ws://localhost:8031/' failed: Error in connection establishment: net::ERR_CONNECTION_REFUSED @ http://localhost:5199/assets/stage-B4ZnF7Se.js:0
[15194967ms] [ERROR] WebSocket connection to 'ws://localhost:8031/' failed: Error in connection establishment: net::ERR_CONNECTION_REFUSED @ http://localhost:5199/assets/stage-B4ZnF7Se.js:0
[15198698ms] [ERROR] WebSocket connection to 'ws://localhost:8031/' failed: Error in connection establishment: net::ERR_CONNECTION_REFUSED @ http://localhost:5199/assets/stage-B4ZnF7Se.js:0
[15204628ms] [ERROR] WebSocket connection to 'ws://localhost:8031/' failed: Error in connection establishment: net::ERR_CONNECTION_REFUSED @ http://localhost:5199/assets/stage-B4ZnF7Se.js:0
[15210030ms] [ERROR] WebSocket connection to 'ws://localhost:8031/' failed: Error in connection establishment: net::ERR_CONNECTION_REFUSED @ http://localhost:5199/assets/stage-B4ZnF7Se.js:0
[15215050ms] [ERROR] WebSocket connection to 'ws://localhost:8031/' failed: Error in connection establishment: net::ERR_CONNECTION_REFUSED @ http://localhost:5199/assets/stage-B4ZnF7Se.js:0
[15220892ms] [ERROR] WebSocket connection to 'ws://localhost:8031/' failed: Error in connection establishment: net::ERR_CONNECTION_REFUSED @ http://localhost:5199/assets/stage-B4ZnF7Se.js:0
[15223676ms] [ERROR] WebSocket connection to 'ws://localhost:8031/' failed: Error in connection establishment: net::ERR_CONNECTION_REFUSED @ http://localhost:5199/assets/stage-B4ZnF7Se.js:0
[15227689ms] [ERROR] WebSocket connection to 'ws://localhost:8031/' failed: Error in connection establishment: net::ERR_CONNECTION_REFUSED @ http://localhost:5199/assets/stage-B4ZnF7Se.js:0
[15231988ms] [ERROR] WebSocket connection to 'ws://localhost:8031/' failed: Error in connection establishment: net::ERR_CONNECTION_REFUSED @ http://localhost:5199/assets/stage-B4ZnF7Se.js:0
[15237934ms] [ERROR] WebSocket connection to 'ws://localhost:8031/' failed: Error in connection establishment: net::ERR_CONNECTION_REFUSED @ http://localhost:5199/assets/stage-B4ZnF7Se.js:0
[15242529ms] [ERROR] WebSocket connection to 'ws://localhost:8031/' failed: Error in connection establishment: net::ERR_CONNECTION_REFUSED @ http://localhost:5199/assets/stage-B4ZnF7Se.js:0
[15246918ms] [ERROR] WebSocket connection to 'ws://localhost:8031/' failed: Error in connection establishment: net::ERR_CONNECTION_REFUSED @ http://localhost:5199/assets/stage-B4ZnF7Se.js:0
[15252559ms] [ERROR] WebSocket connection to 'ws://localhost:8031/' failed: Error in connection establishment: net::ERR_CONNECTION_REFUSED @ http://localhost:5199/assets/stage-B4ZnF7Se.js:0
[15255763ms] [ERROR] WebSocket connection to 'ws://localhost:8031/' failed: Error in connection establishment: net::ERR_CONNECTION_REFUSED @ http://localhost:5199/assets/stage-B4ZnF7Se.js:0
[15261379ms] [ERROR] WebSocket connection to 'ws://localhost:8031/' failed: Error in connection establishment: net::ERR_CONNECTION_REFUSED @ http://localhost:5199/assets/stage-B4ZnF7Se.js:0
[15266683ms] [ERROR] WebSocket connection to 'ws://localhost:8031/' failed: Error in connection establishment: net::ERR_CONNECTION_REFUSED @ http://localhost:5199/assets/stage-B4ZnF7Se.js:0
[15273061ms] [ERROR] WebSocket connection to 'ws://localhost:8031/' failed: Error in connection establishment: net::ERR_CONNECTION_REFUSED @ http://localhost:5199/assets/stage-B4ZnF7Se.js:0
[15278792ms] [ERROR] WebSocket connection to 'ws://localhost:8031/' failed: Error in connection establishment: net::ERR_CONNECTION_REFUSED @ http://localhost:5199/assets/stage-B4ZnF7Se.js:0
[15284786ms] [ERROR] WebSocket connection to 'ws://localhost:8031/' failed: Error in connection establishment: net::ERR_CONNECTION_REFUSED @ http://localhost:5199/assets/stage-B4ZnF7Se.js:0
[15287425ms] [ERROR] WebSocket connection to 'ws://localhost:8031/' failed: Error in connection establishment: net::ERR_CONNECTION_REFUSED @ http://localhost:5199/assets/stage-B4ZnF7Se.js:0
[15293825ms] [ERROR] WebSocket connection to 'ws://localhost:8031/' failed: Error in connection establishment: net::ERR_CONNECTION_REFUSED @ http://localhost:5199/assets/stage-B4ZnF7Se.js:0
[15300145ms] [ERROR] WebSocket connection to 'ws://localhost:8031/' failed: Error in connection establishment: net::ERR_CONNECTION_REFUSED @ http://localhost:5199/assets/stage-B4ZnF7Se.js:0
[15305498ms] [ERROR] WebSocket connection to 'ws://localhost:8031/' failed: Error in connection establishment: net::ERR_CONNECTION_REFUSED @ http://localhost:5199/assets/stage-B4ZnF7Se.js:0
[15309973ms] [ERROR] WebSocket connection to 'ws://localhost:8031/' failed: Error in connection establishment: net::ERR_CONNECTION_REFUSED @ http://localhost:5199/assets/stage-B4ZnF7Se.js:0
[15315853ms] [ERROR] WebSocket connection to 'ws://localhost:8031/' failed: Error in connection establishment: net::ERR_CONNECTION_REFUSED @ http://localhost:5199/assets/stage-B4ZnF7Se.js:0
[15320619ms] [ERROR] WebSocket connection to 'ws://localhost:8031/' failed: Error in connection establishment: net::ERR_CONNECTION_REFUSED @ http://localhost:5199/assets/stage-B4ZnF7Se.js:0
[15323557ms] [ERROR] WebSocket connection to 'ws://localhost:8031/' failed: Error in connection establishment: net::ERR_CONNECTION_REFUSED @ http://localhost:5199/assets/stage-B4ZnF7Se.js:0
[15327556ms] [ERROR] WebSocket connection to 'ws://localhost:8031/' failed: Error in connection establishment: net::ERR_CONNECTION_REFUSED @ http://localhost:5199/assets/stage-B4ZnF7Se.js:0
[15329062ms] [ERROR] WebSocket connection to 'ws://localhost:8031/' failed: Error in connection establishment: net::ERR_CONNECTION_REFUSED @ http://localhost:5199/assets/stage-B4ZnF7Se.js:0
[15330566ms] [ERROR] WebSocket connection to 'ws://localhost:8031/' failed: Error in connection establishment: net::ERR_CONNECTION_REFUSED @ http://localhost:5199/assets/stage-B4ZnF7Se.js:0
[15332069ms] [ERROR] WebSocket connection to 'ws://localhost:8031/' failed: Error in connection establishment: net::ERR_CONNECTION_REFUSED @ http://localhost:5199/assets/stage-B4ZnF7Se.js:0
[15333575ms] [ERROR] WebSocket connection to 'ws://localhost:8031/' failed: Error in connection establishment: net::ERR_CONNECTION_REFUSED @ http://localhost:5199/assets/stage-B4ZnF7Se.js:0
[15335081ms] [ERROR] WebSocket connection to 'ws://localhost:8031/' failed: Error in connection establishment: net::ERR_CONNECTION_REFUSED @ http://localhost:5199/assets/stage-B4ZnF7Se.js:0
[15336587ms] [ERROR] WebSocket connection to 'ws://localhost:8031/' failed: Error in connection establishment: net::ERR_CONNECTION_REFUSED @ http://localhost:5199/assets/stage-B4ZnF7Se.js:0
[15338097ms] [ERROR] WebSocket connection to 'ws://localhost:8031/' failed: Error in connection establishment: net::ERR_CONNECTION_REFUSED @ http://localhost:5199/assets/stage-B4ZnF7Se.js:0
[15339615ms] [ERROR] WebSocket connection to 'ws://localhost:8031/' failed: Error in connection establishment: net::ERR_CONNECTION_REFUSED @ http://localhost:5199/assets/stage-B4ZnF7Se.js:0
[15341159ms] [ERROR] WebSocket connection to 'ws://localhost:8031/' failed: Error in connection establishment: net::ERR_CONNECTION_REFUSED @ http://localhost:5199/assets/stage-B4ZnF7Se.js:0
[15342719ms] [ERROR] WebSocket connection to 'ws://localhost:8031/' failed: Error in connection establishment: net::ERR_CONNECTION_REFUSED @ http://localhost:5199/assets/stage-B4ZnF7Se.js:0
[15344335ms] [ERROR] WebSocket connection to 'ws://localhost:8031/' failed: Error in connection establishment: net::ERR_CONNECTION_REFUSED @ http://localhost:5199/assets/stage-B4ZnF7Se.js:0
[15346015ms] [ERROR] WebSocket connection to 'ws://localhost:8031/' failed: Error in connection establishment: net::ERR_CONNECTION_REFUSED @ http://localhost:5199/assets/stage-B4ZnF7Se.js:0
[15347728ms] [ERROR] WebSocket connection to 'ws://localhost:8031/' failed: Error in connection establishment: net::ERR_CONNECTION_REFUSED @ http://localhost:5199/assets/stage-B4ZnF7Se.js:0
[15349494ms] [ERROR] WebSocket connection to 'ws://localhost:8031/' failed: Error in connection establishment: net::ERR_CONNECTION_REFUSED @ http://localhost:5199/assets/stage-B4ZnF7Se.js:0
[15352273ms] [ERROR] WebSocket connection to 'ws://localhost:8031/' failed: Error in connection establishment: net::ERR_CONNECTION_REFUSED @ http://localhost:5199/assets/stage-B4ZnF7Se.js:0
[15356631ms] [ERROR] WebSocket connection to 'ws://localhost:8031/' failed: Error in connection establishment: net::ERR_CONNECTION_REFUSED @ http://localhost:5199/assets/stage-B4ZnF7Se.js:0
[15360805ms] [ERROR] WebSocket connection to 'ws://localhost:8031/' failed: Error in connection establishment: net::ERR_CONNECTION_REFUSED @ http://localhost:5199/assets/stage-B4ZnF7Se.js:0
[15364177ms] [ERROR] WebSocket connection to 'ws://localhost:8031/' failed: Error in connection establishment: net::ERR_CONNECTION_REFUSED @ http://localhost:5199/assets/stage-B4ZnF7Se.js:0
[15369080ms] [ERROR] WebSocket connection to 'ws://localhost:8031/' failed: Error in connection establishment: net::ERR_CONNECTION_REFUSED @ http://localhost:5199/assets/stage-B4ZnF7Se.js:0
[15373738ms] [ERROR] WebSocket connection to 'ws://localhost:8031/' failed: Error in connection establishment: net::ERR_CONNECTION_REFUSED @ http://localhost:5199/assets/stage-B4ZnF7Se.js:0
[15378499ms] [ERROR] WebSocket connection to 'ws://localhost:8031/' failed: Error in connection establishment: net::ERR_CONNECTION_REFUSED @ http://localhost:5199/assets/stage-B4ZnF7Se.js:0
[15382304ms] [ERROR] WebSocket connection to 'ws://localhost:8031/' failed: Error in connection establishment: net::ERR_CONNECTION_REFUSED @ http://localhost:5199/assets/stage-B4ZnF7Se.js:0
[15385201ms] [ERROR] WebSocket connection to 'ws://localhost:8031/' failed: Error in connection establishment: net::ERR_CONNECTION_REFUSED @ http://localhost:5199/assets/stage-B4ZnF7Se.js:0
[15391328ms] [ERROR] WebSocket connection to 'ws://localhost:8031/' failed: Error in connection establishment: net::ERR_CONNECTION_REFUSED @ http://localhost:5199/assets/stage-B4ZnF7Se.js:0
[15395649ms] [ERROR] WebSocket connection to 'ws://localhost:8031/' failed: Error in connection establishment: net::ERR_CONNECTION_REFUSED @ http://localhost:5199/assets/stage-B4ZnF7Se.js:0
[15398846ms] [ERROR] WebSocket connection to 'ws://localhost:8031/' failed: Error in connection establishment: net::ERR_CONNECTION_REFUSED @ http://localhost:5199/assets/stage-B4ZnF7Se.js:0
[15404088ms] [ERROR] WebSocket connection to 'ws://localhost:8031/' failed: Error in connection establishment: net::ERR_CONNECTION_REFUSED @ http://localhost:5199/assets/stage-B4ZnF7Se.js:0
[15407696ms] [ERROR] WebSocket connection to 'ws://localhost:8031/' failed: Error in connection establishment: net::ERR_CONNECTION_REFUSED @ http://localhost:5199/assets/stage-B4ZnF7Se.js:0
[15412796ms] [ERROR] WebSocket connection to 'ws://localhost:8031/' failed: Error in connection establishment: net::ERR_CONNECTION_REFUSED @ http://localhost:5199/assets/stage-B4ZnF7Se.js:0
[15416679ms] [ERROR] WebSocket connection to 'ws://localhost:8031/' failed: Error in connection establishment: net::ERR_CONNECTION_REFUSED @ http://localhost:5199/assets/stage-B4ZnF7Se.js:0
[15422800ms] [ERROR] WebSocket connection to 'ws://localhost:8031/' failed: Error in connection establishment: net::ERR_CONNECTION_REFUSED @ http://localhost:5199/assets/stage-B4ZnF7Se.js:0
[15427363ms] [ERROR] WebSocket connection to 'ws://localhost:8031/' failed: Error in connection establishment: net::ERR_CONNECTION_REFUSED @ http://localhost:5199/assets/stage-B4ZnF7Se.js:0
[15431678ms] [ERROR] WebSocket connection to 'ws://localhost:8031/' failed: Error in connection establishment: net::ERR_CONNECTION_REFUSED @ http://localhost:5199/assets/stage-B4ZnF7Se.js:0
[15436268ms] [ERROR] WebSocket connection to 'ws://localhost:8031/' failed: Error in connection establishment: net::ERR_CONNECTION_REFUSED @ http://localhost:5199/assets/stage-B4ZnF7Se.js:0
[15438784ms] [ERROR] WebSocket connection to 'ws://localhost:8031/' failed: Error in connection establishment: net::ERR_CONNECTION_REFUSED @ http://localhost:5199/assets/stage-B4ZnF7Se.js:0
[15443154ms] [ERROR] WebSocket connection to 'ws://localhost:8031/' failed: Error in connection establishment: net::ERR_CONNECTION_REFUSED @ http://localhost:5199/assets/stage-B4ZnF7Se.js:0
[15449092ms] [ERROR] WebSocket connection to 'ws://localhost:8031/' failed: Error in connection establishment: net::ERR_CONNECTION_REFUSED @ http://localhost:5199/assets/stage-B4ZnF7Se.js:0
[15452646ms] [ERROR] WebSocket connection to 'ws://localhost:8031/' failed: Error in connection establishment: net::ERR_CONNECTION_REFUSED @ http://localhost:5199/assets/stage-B4ZnF7Se.js:0
[15456550ms] [ERROR] WebSocket connection to 'ws://localhost:8031/' failed: Error in connection establishment: net::ERR_CONNECTION_REFUSED @ http://localhost:5199/assets/stage-B4ZnF7Se.js:0
[15459353ms] [ERROR] WebSocket connection to 'ws://localhost:8031/' failed: Error in connection establishment: net::ERR_CONNECTION_REFUSED @ http://localhost:5199/assets/stage-B4ZnF7Se.js:0
[15462437ms] [ERROR] WebSocket connection to 'ws://localhost:8031/' failed: Error in connection establishment: net::ERR_CONNECTION_REFUSED @ http://localhost:5199/assets/stage-B4ZnF7Se.js:0
[15467512ms] [ERROR] WebSocket connection to 'ws://localhost:8031/' failed: Error in connection establishment: net::ERR_CONNECTION_REFUSED @ http://localhost:5199/assets/stage-B4ZnF7Se.js:0
[15471966ms] [ERROR] WebSocket connection to 'ws://localhost:8031/' failed: Error in connection establishment: net::ERR_CONNECTION_REFUSED @ http://localhost:5199/assets/stage-B4ZnF7Se.js:0
[15474870ms] [ERROR] WebSocket connection to 'ws://localhost:8031/' failed: Error in connection establishment: net::ERR_CONNECTION_REFUSED @ http://localhost:5199/assets/stage-B4ZnF7Se.js:0
[15480874ms] [ERROR] WebSocket connection to 'ws://localhost:8031/' failed: Error in connection establishment: net::ERR_CONNECTION_REFUSED @ http://localhost:5199/assets/stage-B4ZnF7Se.js:0
[15485203ms] [ERROR] WebSocket connection to 'ws://localhost:8031/' failed: Error in connection establishment: net::ERR_CONNECTION_REFUSED @ http://localhost:5199/assets/stage-B4ZnF7Se.js:0
[15489191ms] [ERROR] WebSocket connection to 'ws://localhost:8031/' failed: Error in connection establishment: net::ERR_CONNECTION_REFUSED @ http://localhost:5199/assets/stage-B4ZnF7Se.js:0
[15494762ms] [ERROR] WebSocket connection to 'ws://localhost:8031/' failed: Error in connection establishment: net::ERR_CONNECTION_REFUSED @ http://localhost:5199/assets/stage-B4ZnF7Se.js:0
[15498270ms] [ERROR] WebSocket connection to 'ws://localhost:8031/' failed: Error in connection establishment: net::ERR_CONNECTION_REFUSED @ http://localhost:5199/assets/stage-B4ZnF7Se.js:0
[15503762ms] [ERROR] WebSocket connection to 'ws://localhost:8031/' failed: Error in connection establishment: net::ERR_CONNECTION_REFUSED @ http://localhost:5199/assets/stage-B4ZnF7Se.js:0
[15506545ms] [ERROR] WebSocket connection to 'ws://localhost:8031/' failed: Error in connection establishment: net::ERR_CONNECTION_REFUSED @ http://localhost:5199/assets/stage-B4ZnF7Se.js:0
[15511511ms] [ERROR] WebSocket connection to 'ws://localhost:8031/' failed: Error in connection establishment: net::ERR_CONNECTION_REFUSED @ http://localhost:5199/assets/stage-B4ZnF7Se.js:0
[15514365ms] [ERROR] WebSocket connection to 'ws://localhost:8031/' failed: Error in connection establishment: net::ERR_CONNECTION_REFUSED @ http://localhost:5199/assets/stage-B4ZnF7Se.js:0
[15519257ms] [ERROR] WebSocket connection to 'ws://localhost:8031/' failed: Error in connection establishment: net::ERR_CONNECTION_REFUSED @ http://localhost:5199/assets/stage-B4ZnF7Se.js:0
[15522561ms] [ERROR] WebSocket connection to 'ws://localhost:8031/' failed: Error in connection establishment: net::ERR_CONNECTION_REFUSED @ http://localhost:5199/assets/stage-B4ZnF7Se.js:0
[15526490ms] [ERROR] WebSocket connection to 'ws://localhost:8031/' failed: Error in connection establishment: net::ERR_CONNECTION_REFUSED @ http://localhost:5199/assets/stage-B4ZnF7Se.js:0
[15529600ms] [ERROR] WebSocket connection to 'ws://localhost:8031/' failed: Error in connection establishment: net::ERR_CONNECTION_REFUSED @ http://localhost:5199/assets/stage-B4ZnF7Se.js:0
[15533149ms] [ERROR] WebSocket connection to 'ws://localhost:8031/' failed: Error in connection establishment: net::ERR_CONNECTION_REFUSED @ http://localhost:5199/assets/stage-B4ZnF7Se.js:0
[15537918ms] [ERROR] WebSocket connection to 'ws://localhost:8031/' failed: Error in connection establishment: net::ERR_CONNECTION_REFUSED @ http://localhost:5199/assets/stage-B4ZnF7Se.js:0
[15540923ms] [ERROR] WebSocket connection to 'ws://localhost:8031/' failed: Error in connection establishment: net::ERR_CONNECTION_REFUSED @ http://localhost:5199/assets/stage-B4ZnF7Se.js:0
[15544431ms] [ERROR] WebSocket connection to 'ws://localhost:8031/' failed: Error in connection establishment: net::ERR_CONNECTION_REFUSED @ http://localhost:5199/assets/stage-B4ZnF7Se.js:0
[15547698ms] [ERROR] WebSocket connection to 'ws://localhost:8031/' failed: Error in connection establishment: net::ERR_CONNECTION_REFUSED @ http://localhost:5199/assets/stage-B4ZnF7Se.js:0
[15551222ms] [ERROR] WebSocket connection to 'ws://localhost:8031/' failed: Error in connection establishment: net::ERR_CONNECTION_REFUSED @ http://localhost:5199/assets/stage-B4ZnF7Se.js:0
[15556293ms] [ERROR] WebSocket connection to 'ws://localhost:8031/' failed: Error in connection establishment: net::ERR_CONNECTION_REFUSED @ http://localhost:5199/assets/stage-B4ZnF7Se.js:0
[15559339ms] [ERROR] WebSocket connection to 'ws://localhost:8031/' failed: Error in connection establishment: net::ERR_CONNECTION_REFUSED @ http://localhost:5199/assets/stage-B4ZnF7Se.js:0
[15563252ms] [ERROR] WebSocket connection to 'ws://localhost:8031/' failed: Error in connection establishment: net::ERR_CONNECTION_REFUSED @ http://localhost:5199/assets/stage-B4ZnF7Se.js:0
[15567629ms] [ERROR] WebSocket connection to 'ws://localhost:8031/' failed: Error in connection establishment: net::ERR_CONNECTION_REFUSED @ http://localhost:5199/assets/stage-B4ZnF7Se.js:0
[15569133ms] [ERROR] WebSocket connection to 'ws://localhost:8031/' failed: Error in connection establishment: net::ERR_CONNECTION_REFUSED @ http://localhost:5199/assets/stage-B4ZnF7Se.js:0
[15570638ms] [ERROR] WebSocket connection to 'ws://localhost:8031/' failed: Error in connection establishment: net::ERR_CONNECTION_REFUSED @ http://localhost:5199/assets/stage-B4ZnF7Se.js:0
[15572142ms] [ERROR] WebSocket connection to 'ws://localhost:8031/' failed: Error in connection establishment: net::ERR_CONNECTION_REFUSED @ http://localhost:5199/assets/stage-B4ZnF7Se.js:0
[15573646ms] [ERROR] WebSocket connection to 'ws://localhost:8031/' failed: Error in connection establishment: net::ERR_CONNECTION_REFUSED @ http://localhost:5199/assets/stage-B4ZnF7Se.js:0
[15575153ms] [ERROR] WebSocket connection to 'ws://localhost:8031/' failed: Error in connection establishment: net::ERR_CONNECTION_REFUSED @ http://localhost:5199/assets/stage-B4ZnF7Se.js:0
[15576664ms] [ERROR] WebSocket connection to 'ws://localhost:8031/' failed: Error in connection establishment: net::ERR_CONNECTION_REFUSED @ http://localhost:5199/assets/stage-B4ZnF7Se.js:0
[15578176ms] [ERROR] WebSocket connection to 'ws://localhost:8031/' failed: Error in connection establishment: net::ERR_CONNECTION_REFUSED @ http://localhost:5199/assets/stage-B4ZnF7Se.js:0
[15579687ms] [ERROR] WebSocket connection to 'ws://localhost:8031/' failed: Error in connection establishment: net::ERR_CONNECTION_REFUSED @ http://localhost:5199/assets/stage-B4ZnF7Se.js:0
[15581234ms] [ERROR] WebSocket connection to 'ws://localhost:8031/' failed: Error in connection establishment: net::ERR_CONNECTION_REFUSED @ http://localhost:5199/assets/stage-B4ZnF7Se.js:0
[15582805ms] [ERROR] WebSocket connection to 'ws://localhost:8031/' failed: Error in connection establishment: net::ERR_CONNECTION_REFUSED @ http://localhost:5199/assets/stage-B4ZnF7Se.js:0
[15584435ms] [ERROR] WebSocket connection to 'ws://localhost:8031/' failed: Error in connection establishment: net::ERR_CONNECTION_REFUSED @ http://localhost:5199/assets/stage-B4ZnF7Se.js:0
[15586222ms] [ERROR] WebSocket connection to 'ws://localhost:8031/' failed: Error in connection establishment: net::ERR_CONNECTION_REFUSED @ http://localhost:5199/assets/stage-B4ZnF7Se.js:0
[15587959ms] [ERROR] WebSocket connection to 'ws://localhost:8031/' failed: Error in connection establishment: net::ERR_CONNECTION_REFUSED @ http://localhost:5199/assets/stage-B4ZnF7Se.js:0
[15590051ms] [ERROR] WebSocket connection to 'ws://localhost:8031/' failed: Error in connection establishment: net::ERR_CONNECTION_REFUSED @ http://localhost:5199/assets/stage-B4ZnF7Se.js:0
[15592259ms] [ERROR] WebSocket connection to 'ws://localhost:8031/' failed: Error in connection establishment: net::ERR_CONNECTION_REFUSED @ http://localhost:5199/assets/stage-B4ZnF7Se.js:0
[15595134ms] [ERROR] WebSocket connection to 'ws://localhost:8031/' failed: Error in connection establishment: net::ERR_CONNECTION_REFUSED @ http://localhost:5199/assets/stage-B4ZnF7Se.js:0
[15601063ms] [ERROR] WebSocket connection to 'ws://localhost:8031/' failed: Error in connection establishment: net::ERR_CONNECTION_REFUSED @ http://localhost:5199/assets/stage-B4ZnF7Se.js:0
[15605896ms] [ERROR] WebSocket connection to 'ws://localhost:8031/' failed: Error in connection establishment: net::ERR_CONNECTION_REFUSED @ http://localhost:5199/assets/stage-B4ZnF7Se.js:0
[15608901ms] [ERROR] WebSocket connection to 'ws://localhost:8031/' failed: Error in connection establishment: net::ERR_CONNECTION_REFUSED @ http://localhost:5199/assets/stage-B4ZnF7Se.js:0
[15614503ms] [ERROR] WebSocket connection to 'ws://localhost:8031/' failed: Error in connection establishment: net::ERR_CONNECTION_REFUSED @ http://localhost:5199/assets/stage-B4ZnF7Se.js:0
[15620666ms] [ERROR] WebSocket connection to 'ws://localhost:8031/' failed: Error in connection establishment: net::ERR_CONNECTION_REFUSED @ http://localhost:5199/assets/stage-B4ZnF7Se.js:0
[15625308ms] [ERROR] WebSocket connection to 'ws://localhost:8031/' failed: Error in connection establishment: net::ERR_CONNECTION_REFUSED @ http://localhost:5199/assets/stage-B4ZnF7Se.js:0
[15628242ms] [ERROR] WebSocket connection to 'ws://localhost:8031/' failed: Error in connection establishment: net::ERR_CONNECTION_REFUSED @ http://localhost:5199/assets/stage-B4ZnF7Se.js:0
[15630912ms] [ERROR] WebSocket connection to 'ws://localhost:8031/' failed: Error in connection establishment: net::ERR_CONNECTION_REFUSED @ http://localhost:5199/assets/stage-B4ZnF7Se.js:0
[15637337ms] [ERROR] WebSocket connection to 'ws://localhost:8031/' failed: Error in connection establishment: net::ERR_CONNECTION_REFUSED @ http://localhost:5199/assets/stage-B4ZnF7Se.js:0
[15639850ms] [ERROR] WebSocket connection to 'ws://localhost:8031/' failed: Error in connection establishment: net::ERR_CONNECTION_REFUSED @ http://localhost:5199/assets/stage-B4ZnF7Se.js:0
[15645471ms] [ERROR] WebSocket connection to 'ws://localhost:8031/' failed: Error in connection establishment: net::ERR_CONNECTION_REFUSED @ http://localhost:5199/assets/stage-B4ZnF7Se.js:0
[15651946ms] [ERROR] WebSocket connection to 'ws://localhost:8031/' failed: Error in connection establishment: net::ERR_CONNECTION_REFUSED @ http://localhost:5199/assets/stage-B4ZnF7Se.js:0
[15657362ms] [ERROR] WebSocket connection to 'ws://localhost:8031/' failed: Error in connection establishment: net::ERR_CONNECTION_REFUSED @ http://localhost:5199/assets/stage-B4ZnF7Se.js:0
[15660166ms] [ERROR] WebSocket connection to 'ws://localhost:8031/' failed: Error in connection establishment: net::ERR_CONNECTION_REFUSED @ http://localhost:5199/assets/stage-B4ZnF7Se.js:0
[15664424ms] [ERROR] WebSocket connection to 'ws://localhost:8031/' failed: Error in connection establishment: net::ERR_CONNECTION_REFUSED @ http://localhost:5199/assets/stage-B4ZnF7Se.js:0
[15667317ms] [ERROR] WebSocket connection to 'ws://localhost:8031/' failed: Error in connection establishment: net::ERR_CONNECTION_REFUSED @ http://localhost:5199/assets/stage-B4ZnF7Se.js:0
[15671895ms] [ERROR] WebSocket connection to 'ws://localhost:8031/' failed: Error in connection establishment: net::ERR_CONNECTION_REFUSED @ http://localhost:5199/assets/stage-B4ZnF7Se.js:0
[15677253ms] [ERROR] WebSocket connection to 'ws://localhost:8031/' failed: Error in connection establishment: net::ERR_CONNECTION_REFUSED @ http://localhost:5199/assets/stage-B4ZnF7Se.js:0
[15683400ms] [ERROR] WebSocket connection to 'ws://localhost:8031/' failed: Error in connection establishment: net::ERR_CONNECTION_REFUSED @ http://localhost:5199/assets/stage-B4ZnF7Se.js:0
[15686274ms] [ERROR] WebSocket connection to 'ws://localhost:8031/' failed: Error in connection establishment: net::ERR_CONNECTION_REFUSED @ http://localhost:5199/assets/stage-B4ZnF7Se.js:0
[15690845ms] [ERROR] WebSocket connection to 'ws://localhost:8031/' failed: Error in connection establishment: net::ERR_CONNECTION_REFUSED @ http://localhost:5199/assets/stage-B4ZnF7Se.js:0
[15694503ms] [ERROR] WebSocket connection to 'ws://localhost:8031/' failed: Error in connection establishment: net::ERR_CONNECTION_REFUSED @ http://localhost:5199/assets/stage-B4ZnF7Se.js:0
[15700494ms] [ERROR] WebSocket connection to 'ws://localhost:8031/' failed: Error in connection establishment: net::ERR_CONNECTION_REFUSED @ http://localhost:5199/assets/stage-B4ZnF7Se.js:0
[15706690ms] [ERROR] WebSocket connection to 'ws://localhost:8031/' failed: Error in connection establishment: net::ERR_CONNECTION_REFUSED @ http://localhost:5199/assets/stage-B4ZnF7Se.js:0
[15709783ms] [ERROR] WebSocket connection to 'ws://localhost:8031/' failed: Error in connection establishment: net::ERR_CONNECTION_REFUSED @ http://localhost:5199/assets/stage-B4ZnF7Se.js:0
[15715119ms] [ERROR] WebSocket connection to 'ws://localhost:8031/' failed: Error in connection establishment: net::ERR_CONNECTION_REFUSED @ http://localhost:5199/assets/stage-B4ZnF7Se.js:0
[15719198ms] [ERROR] WebSocket connection to 'ws://localhost:8031/' failed: Error in connection establishment: net::ERR_CONNECTION_REFUSED @ http://localhost:5199/assets/stage-B4ZnF7Se.js:0
[15723673ms] [ERROR] WebSocket connection to 'ws://localhost:8031/' failed: Error in connection establishment: net::ERR_CONNECTION_REFUSED @ http://localhost:5199/assets/stage-B4ZnF7Se.js:0
[15727434ms] [ERROR] WebSocket connection to 'ws://localhost:8031/' failed: Error in connection establishment: net::ERR_CONNECTION_REFUSED @ http://localhost:5199/assets/stage-B4ZnF7Se.js:0
[15732235ms] [ERROR] WebSocket connection to 'ws://localhost:8031/' failed: Error in connection establishment: net::ERR_CONNECTION_REFUSED @ http://localhost:5199/assets/stage-B4ZnF7Se.js:0
[15736176ms] [ERROR] WebSocket connection to 'ws://localhost:8031/' failed: Error in connection establishment: net::ERR_CONNECTION_REFUSED @ http://localhost:5199/assets/stage-B4ZnF7Se.js:0
[15739614ms] [ERROR] WebSocket connection to 'ws://localhost:8031/' failed: Error in connection establishment: net::ERR_CONNECTION_REFUSED @ http://localhost:5199/assets/stage-B4ZnF7Se.js:0
[15742435ms] [ERROR] WebSocket connection to 'ws://localhost:8031/' failed: Error in connection establishment: net::ERR_CONNECTION_REFUSED @ http://localhost:5199/assets/stage-B4ZnF7Se.js:0
[15748006ms] [ERROR] WebSocket connection to 'ws://localhost:8031/' failed: Error in connection establishment: net::ERR_CONNECTION_REFUSED @ http://localhost:5199/assets/stage-B4ZnF7Se.js:0
[15753998ms] [ERROR] WebSocket connection to 'ws://localhost:8031/' failed: Error in connection establishment: net::ERR_CONNECTION_REFUSED @ http://localhost:5199/assets/stage-B4ZnF7Se.js:0
[15757976ms] [ERROR] WebSocket connection to 'ws://localhost:8031/' failed: Error in connection establishment: net::ERR_CONNECTION_REFUSED @ http://localhost:5199/assets/stage-B4ZnF7Se.js:0
[15763548ms] [ERROR] WebSocket connection to 'ws://localhost:8031/' failed: Error in connection establishment: net::ERR_CONNECTION_REFUSED @ http://localhost:5199/assets/stage-B4ZnF7Se.js:0
[15769252ms] [ERROR] WebSocket connection to 'ws://localhost:8031/' failed: Error in connection establishment: net::ERR_CONNECTION_REFUSED @ http://localhost:5199/assets/stage-B4ZnF7Se.js:0
[15771972ms] [ERROR] WebSocket connection to 'ws://localhost:8031/' failed: Error in connection establishment: net::ERR_CONNECTION_REFUSED @ http://localhost:5199/assets/stage-B4ZnF7Se.js:0
[15775155ms] [ERROR] WebSocket connection to 'ws://localhost:8031/' failed: Error in connection establishment: net::ERR_CONNECTION_REFUSED @ http://localhost:5199/assets/stage-B4ZnF7Se.js:0
[15778134ms] [ERROR] WebSocket connection to 'ws://localhost:8031/' failed: Error in connection establishment: net::ERR_CONNECTION_REFUSED @ http://localhost:5199/assets/stage-B4ZnF7Se.js:0
[15783996ms] [ERROR] WebSocket connection to 'ws://localhost:8031/' failed: Error in connection establishment: net::ERR_CONNECTION_REFUSED @ http://localhost:5199/assets/stage-B4ZnF7Se.js:0
[15787358ms] [ERROR] WebSocket connection to 'ws://localhost:8031/' failed: Error in connection establishment: net::ERR_CONNECTION_REFUSED @ http://localhost:5199/assets/stage-B4ZnF7Se.js:0
[15792076ms] [ERROR] WebSocket connection to 'ws://localhost:8031/' failed: Error in connection establishment: net::ERR_CONNECTION_REFUSED @ http://localhost:5199/assets/stage-B4ZnF7Se.js:0
[15795259ms] [ERROR] WebSocket connection to 'ws://localhost:8031/' failed: Error in connection establishment: net::ERR_CONNECTION_REFUSED @ http://localhost:5199/assets/stage-B4ZnF7Se.js:0
[15798043ms] [ERROR] WebSocket connection to 'ws://localhost:8031/' failed: Error in connection establishment: net::ERR_CONNECTION_REFUSED @ http://localhost:5199/assets/stage-B4ZnF7Se.js:0
[15803159ms] [ERROR] WebSocket connection to 'ws://localhost:8031/' failed: Error in connection establishment: net::ERR_CONNECTION_REFUSED @ http://localhost:5199/assets/stage-B4ZnF7Se.js:0
[15805855ms] [ERROR] WebSocket connection to 'ws://localhost:8031/' failed: Error in connection establishment: net::ERR_CONNECTION_REFUSED @ http://localhost:5199/assets/stage-B4ZnF7Se.js:0
[15808888ms] [ERROR] WebSocket connection to 'ws://localhost:8031/' failed: Error in connection establishment: net::ERR_CONNECTION_REFUSED @ http://localhost:5199/assets/stage-B4ZnF7Se.js:0
[15810393ms] [ERROR] WebSocket connection to 'ws://localhost:8031/' failed: Error in connection establishment: net::ERR_CONNECTION_REFUSED @ http://localhost:5199/assets/stage-B4ZnF7Se.js:0
[15811897ms] [ERROR] WebSocket connection to 'ws://localhost:8031/' failed: Error in connection establishment: net::ERR_CONNECTION_REFUSED @ http://localhost:5199/assets/stage-B4ZnF7Se.js:0
[15813402ms] [ERROR] WebSocket connection to 'ws://localhost:8031/' failed: Error in connection establishment: net::ERR_CONNECTION_REFUSED @ http://localhost:5199/assets/stage-B4ZnF7Se.js:0
[15814906ms] [ERROR] WebSocket connection to 'ws://localhost:8031/' failed: Error in connection establishment: net::ERR_CONNECTION_REFUSED @ http://localhost:5199/assets/stage-B4ZnF7Se.js:0
[15816410ms] [ERROR] WebSocket connection to 'ws://localhost:8031/' failed: Error in connection establishment: net::ERR_CONNECTION_REFUSED @ http://localhost:5199/assets/stage-B4ZnF7Se.js:0
[15817915ms] [ERROR] WebSocket connection to 'ws://localhost:8031/' failed: Error in connection establishment: net::ERR_CONNECTION_REFUSED @ http://localhost:5199/assets/stage-B4ZnF7Se.js:0
[15819429ms] [ERROR] WebSocket connection to 'ws://localhost:8031/' failed: Error in connection establishment: net::ERR_CONNECTION_REFUSED @ http://localhost:5199/assets/stage-B4ZnF7Se.js:0
[15820951ms] [ERROR] WebSocket connection to 'ws://localhost:8031/' failed: Error in connection establishment: net::ERR_CONNECTION_REFUSED @ http://localhost:5199/assets/stage-B4ZnF7Se.js:0
[15822492ms] [ERROR] WebSocket connection to 'ws://localhost:8031/' failed: Error in connection establishment: net::ERR_CONNECTION_REFUSED @ http://localhost:5199/assets/stage-B4ZnF7Se.js:0
[15824078ms] [ERROR] WebSocket connection to 'ws://localhost:8031/' failed: Error in connection establishment: net::ERR_CONNECTION_REFUSED @ http://localhost:5199/assets/stage-B4ZnF7Se.js:0
[15825629ms] [ERROR] WebSocket connection to 'ws://localhost:8031/' failed: Error in connection establishment: net::ERR_CONNECTION_REFUSED @ http://localhost:5199/assets/stage-B4ZnF7Se.js:0
[15827362ms] [ERROR] WebSocket connection to 'ws://localhost:8031/' failed: Error in connection establishment: net::ERR_CONNECTION_REFUSED @ http://localhost:5199/assets/stage-B4ZnF7Se.js:0
[15829446ms] [ERROR] WebSocket connection to 'ws://localhost:8031/' failed: Error in connection establishment: net::ERR_CONNECTION_REFUSED @ http://localhost:5199/assets/stage-B4ZnF7Se.js:0
[15831485ms] [ERROR] WebSocket connection to 'ws://localhost:8031/' failed: Error in connection establishment: net::ERR_CONNECTION_REFUSED @ http://localhost:5199/assets/stage-B4ZnF7Se.js:0
[15834158ms] [ERROR] WebSocket connection to 'ws://localhost:8031/' failed: Error in connection establishment: net::ERR_CONNECTION_REFUSED @ http://localhost:5199/assets/stage-B4ZnF7Se.js:0
[15837953ms] [ERROR] WebSocket connection to 'ws://localhost:8031/' failed: Error in connection establishment: net::ERR_CONNECTION_REFUSED @ http://localhost:5199/assets/stage-B4ZnF7Se.js:0
[15841449ms] [ERROR] WebSocket connection to 'ws://localhost:8031/' failed: Error in connection establishment: net::ERR_CONNECTION_REFUSED @ http://localhost:5199/assets/stage-B4ZnF7Se.js:0
[15847566ms] [ERROR] WebSocket connection to 'ws://localhost:8031/' failed: Error in connection establishment: net::ERR_CONNECTION_REFUSED @ http://localhost:5199/assets/stage-B4ZnF7Se.js:0
[15850507ms] [ERROR] WebSocket connection to 'ws://localhost:8031/' failed: Error in connection establishment: net::ERR_CONNECTION_REFUSED @ http://localhost:5199/assets/stage-B4ZnF7Se.js:0
[15856607ms] [ERROR] WebSocket connection to 'ws://localhost:8031/' failed: Error in connection establishment: net::ERR_CONNECTION_REFUSED @ http://localhost:5199/assets/stage-B4ZnF7Se.js:0
[15862858ms] [ERROR] WebSocket connection to 'ws://localhost:8031/' failed: Error in connection establishment: net::ERR_CONNECTION_REFUSED @ http://localhost:5199/assets/stage-B4ZnF7Se.js:0
[15866470ms] [ERROR] WebSocket connection to 'ws://localhost:8031/' failed: Error in connection establishment: net::ERR_CONNECTION_REFUSED @ http://localhost:5199/assets/stage-B4ZnF7Se.js:0
[15869857ms] [ERROR] WebSocket connection to 'ws://localhost:8031/' failed: Error in connection establishment: net::ERR_CONNECTION_REFUSED @ http://localhost:5199/assets/stage-B4ZnF7Se.js:0
[15873782ms] [ERROR] WebSocket connection to 'ws://localhost:8031/' failed: Error in connection establishment: net::ERR_CONNECTION_REFUSED @ http://localhost:5199/assets/stage-B4ZnF7Se.js:0
[15877915ms] [ERROR] WebSocket connection to 'ws://localhost:8031/' failed: Error in connection establishment: net::ERR_CONNECTION_REFUSED @ http://localhost:5199/assets/stage-B4ZnF7Se.js:0
[15882357ms] [ERROR] WebSocket connection to 'ws://localhost:8031/' failed: Error in connection establishment: net::ERR_CONNECTION_REFUSED @ http://localhost:5199/assets/stage-B4ZnF7Se.js:0
[15888024ms] [ERROR] WebSocket connection to 'ws://localhost:8031/' failed: Error in connection establishment: net::ERR_CONNECTION_REFUSED @ http://localhost:5199/assets/stage-B4ZnF7Se.js:0
[15892591ms] [ERROR] WebSocket connection to 'ws://localhost:8031/' failed: Error in connection establishment: net::ERR_CONNECTION_REFUSED @ http://localhost:5199/assets/stage-B4ZnF7Se.js:0
[15895802ms] [ERROR] WebSocket connection to 'ws://localhost:8031/' failed: Error in connection establishment: net::ERR_CONNECTION_REFUSED @ http://localhost:5199/assets/stage-B4ZnF7Se.js:0
[15900424ms] [ERROR] WebSocket connection to 'ws://localhost:8031/' failed: Error in connection establishment: net::ERR_CONNECTION_REFUSED @ http://localhost:5199/assets/stage-B4ZnF7Se.js:0
[15905807ms] [ERROR] WebSocket connection to 'ws://localhost:8031/' failed: Error in connection establishment: net::ERR_CONNECTION_REFUSED @ http://localhost:5199/assets/stage-B4ZnF7Se.js:0
[15911060ms] [ERROR] WebSocket connection to 'ws://localhost:8031/' failed: Error in connection establishment: net::ERR_CONNECTION_REFUSED @ http://localhost:5199/assets/stage-B4ZnF7Se.js:0
[15915435ms] [ERROR] WebSocket connection to 'ws://localhost:8031/' failed: Error in connection establishment: net::ERR_CONNECTION_REFUSED @ http://localhost:5199/assets/stage-B4ZnF7Se.js:0
[15920351ms] [ERROR] WebSocket connection to 'ws://localhost:8031/' failed: Error in connection establishment: net::ERR_CONNECTION_REFUSED @ http://localhost:5199/assets/stage-B4ZnF7Se.js:0
[15926060ms] [ERROR] WebSocket connection to 'ws://localhost:8031/' failed: Error in connection establishment: net::ERR_CONNECTION_REFUSED @ http://localhost:5199/assets/stage-B4ZnF7Se.js:0
[15928915ms] [ERROR] WebSocket connection to 'ws://localhost:8031/' failed: Error in connection establishment: net::ERR_CONNECTION_REFUSED @ http://localhost:5199/assets/stage-B4ZnF7Se.js:0
[15930419ms] [ERROR] WebSocket connection to 'ws://localhost:8031/' failed: Error in connection establishment: net::ERR_CONNECTION_REFUSED @ http://localhost:5199/assets/stage-B4ZnF7Se.js:0
[15931924ms] [ERROR] WebSocket connection to 'ws://localhost:8031/' failed: Error in connection establishment: net::ERR_CONNECTION_REFUSED @ http://localhost:5199/assets/stage-B4ZnF7Se.js:0
[15933430ms] [ERROR] WebSocket connection to 'ws://localhost:8031/' failed: Error in connection establishment: net::ERR_CONNECTION_REFUSED @ http://localhost:5199/assets/stage-B4ZnF7Se.js:0
[15934934ms] [ERROR] WebSocket connection to 'ws://localhost:8031/' failed: Error in connection establishment: net::ERR_CONNECTION_REFUSED @ http://localhost:5199/assets/stage-B4ZnF7Se.js:0
[15936440ms] [ERROR] WebSocket connection to 'ws://localhost:8031/' failed: Error in connection establishment: net::ERR_CONNECTION_REFUSED @ http://localhost:5199/assets/stage-B4ZnF7Se.js:0
[15937951ms] [ERROR] WebSocket connection to 'ws://localhost:8031/' failed: Error in connection establishment: net::ERR_CONNECTION_REFUSED @ http://localhost:5199/assets/stage-B4ZnF7Se.js:0
[15939462ms] [ERROR] WebSocket connection to 'ws://localhost:8031/' failed: Error in connection establishment: net::ERR_CONNECTION_REFUSED @ http://localhost:5199/assets/stage-B4ZnF7Se.js:0
[15940986ms] [ERROR] WebSocket connection to 'ws://localhost:8031/' failed: Error in connection establishment: net::ERR_CONNECTION_REFUSED @ http://localhost:5199/assets/stage-B4ZnF7Se.js:0
[15942501ms] [ERROR] WebSocket connection to 'ws://localhost:8031/' failed: Error in connection establishment: net::ERR_CONNECTION_REFUSED @ http://localhost:5199/assets/stage-B4ZnF7Se.js:0
[15944055ms] [ERROR] WebSocket connection to 'ws://localhost:8031/' failed: Error in connection establishment: net::ERR_CONNECTION_REFUSED @ http://localhost:5199/assets/stage-B4ZnF7Se.js:0
[15945693ms] [ERROR] WebSocket connection to 'ws://localhost:8031/' failed: Error in connection establishment: net::ERR_CONNECTION_REFUSED @ http://localhost:5199/assets/stage-B4ZnF7Se.js:0
[15947351ms] [ERROR] WebSocket connection to 'ws://localhost:8031/' failed: Error in connection establishment: net::ERR_CONNECTION_REFUSED @ http://localhost:5199/assets/stage-B4ZnF7Se.js:0
[15949101ms] [ERROR] WebSocket connection to 'ws://localhost:8031/' failed: Error in connection establishment: net::ERR_CONNECTION_REFUSED @ http://localhost:5199/assets/stage-B4ZnF7Se.js:0
[15951793ms] [ERROR] WebSocket connection to 'ws://localhost:8031/' failed: Error in connection establishment: net::ERR_CONNECTION_REFUSED @ http://localhost:5199/assets/stage-B4ZnF7Se.js:0
[15954637ms] [ERROR] WebSocket connection to 'ws://localhost:8031/' failed: Error in connection establishment: net::ERR_CONNECTION_REFUSED @ http://localhost:5199/assets/stage-B4ZnF7Se.js:0
[15958262ms] [ERROR] WebSocket connection to 'ws://localhost:8031/' failed: Error in connection establishment: net::ERR_CONNECTION_REFUSED @ http://localhost:5199/assets/stage-B4ZnF7Se.js:0
[15961360ms] [ERROR] WebSocket connection to 'ws://localhost:8031/' failed: Error in connection establishment: net::ERR_CONNECTION_REFUSED @ http://localhost:5199/assets/stage-B4ZnF7Se.js:0
[15965102ms] [ERROR] WebSocket connection to 'ws://localhost:8031/' failed: Error in connection establishment: net::ERR_CONNECTION_REFUSED @ http://localhost:5199/assets/stage-B4ZnF7Se.js:0
[15971171ms] [ERROR] WebSocket connection to 'ws://localhost:8031/' failed: Error in connection establishment: net::ERR_CONNECTION_REFUSED @ http://localhost:5199/assets/stage-B4ZnF7Se.js:0
[15974871ms] [ERROR] WebSocket connection to 'ws://localhost:8031/' failed: Error in connection establishment: net::ERR_CONNECTION_REFUSED @ http://localhost:5199/assets/stage-B4ZnF7Se.js:0
[15977684ms] [ERROR] WebSocket connection to 'ws://localhost:8031/' failed: Error in connection establishment: net::ERR_CONNECTION_REFUSED @ http://localhost:5199/assets/stage-B4ZnF7Se.js:0
[15980409ms] [ERROR] WebSocket connection to 'ws://localhost:8031/' failed: Error in connection establishment: net::ERR_CONNECTION_REFUSED @ http://localhost:5199/assets/stage-B4ZnF7Se.js:0
[15986204ms] [ERROR] WebSocket connection to 'ws://localhost:8031/' failed: Error in connection establishment: net::ERR_CONNECTION_REFUSED @ http://localhost:5199/assets/stage-B4ZnF7Se.js:0
[15990638ms] [ERROR] WebSocket connection to 'ws://localhost:8031/' failed: Error in connection establishment: net::ERR_CONNECTION_REFUSED @ http://localhost:5199/assets/stage-B4ZnF7Se.js:0
[15996063ms] [ERROR] WebSocket connection to 'ws://localhost:8031/' failed: Error in connection establishment: net::ERR_CONNECTION_REFUSED @ http://localhost:5199/assets/stage-B4ZnF7Se.js:0
[16000059ms] [ERROR] WebSocket connection to 'ws://localhost:8031/' failed: Error in connection establishment: net::ERR_CONNECTION_REFUSED @ http://localhost:5199/assets/stage-B4ZnF7Se.js:0
[16003191ms] [ERROR] WebSocket connection to 'ws://localhost:8031/' failed: Error in connection establishment: net::ERR_CONNECTION_REFUSED @ http://localhost:5199/assets/stage-B4ZnF7Se.js:0
[16006376ms] [ERROR] WebSocket connection to 'ws://localhost:8031/' failed: Error in connection establishment: net::ERR_CONNECTION_REFUSED @ http://localhost:5199/assets/stage-B4ZnF7Se.js:0
[16008941ms] [ERROR] WebSocket connection to 'ws://localhost:8031/' failed: Error in connection establishment: net::ERR_CONNECTION_REFUSED @ http://localhost:5199/assets/stage-B4ZnF7Se.js:0
[16014716ms] [ERROR] WebSocket connection to 'ws://localhost:8031/' failed: Error in connection establishment: net::ERR_CONNECTION_REFUSED @ http://localhost:5199/assets/stage-B4ZnF7Se.js:0
[16017358ms] [ERROR] WebSocket connection to 'ws://localhost:8031/' failed: Error in connection establishment: net::ERR_CONNECTION_REFUSED @ http://localhost:5199/assets/stage-B4ZnF7Se.js:0
[16023591ms] [ERROR] WebSocket connection to 'ws://localhost:8031/' failed: Error in connection establishment: net::ERR_CONNECTION_REFUSED @ http://localhost:5199/assets/stage-B4ZnF7Se.js:0
[16027979ms] [ERROR] WebSocket connection to 'ws://localhost:8031/' failed: Error in connection establishment: net::ERR_CONNECTION_REFUSED @ http://localhost:5199/assets/stage-B4ZnF7Se.js:0
[16031571ms] [ERROR] WebSocket connection to 'ws://localhost:8031/' failed: Error in connection establishment: net::ERR_CONNECTION_REFUSED @ http://localhost:5199/assets/stage-B4ZnF7Se.js:0
[16037432ms] [ERROR] WebSocket connection to 'ws://localhost:8031/' failed: Error in connection establishment: net::ERR_CONNECTION_REFUSED @ http://localhost:5199/assets/stage-B4ZnF7Se.js:0
[16042908ms] [ERROR] WebSocket connection to 'ws://localhost:8031/' failed: Error in connection establishment: net::ERR_CONNECTION_REFUSED @ http://localhost:5199/assets/stage-B4ZnF7Se.js:0
[16048466ms] [ERROR] WebSocket connection to 'ws://localhost:8031/' failed: Error in connection establishment: net::ERR_CONNECTION_REFUSED @ http://localhost:5199/assets/stage-B4ZnF7Se.js:0
[16054836ms] [ERROR] WebSocket connection to 'ws://localhost:8031/' failed: Error in connection establishment: net::ERR_CONNECTION_REFUSED @ http://localhost:5199/assets/stage-B4ZnF7Se.js:0
[16057662ms] [ERROR] WebSocket connection to 'ws://localhost:8031/' failed: Error in connection establishment: net::ERR_CONNECTION_REFUSED @ http://localhost:5199/assets/stage-B4ZnF7Se.js:0
[16060949ms] [ERROR] WebSocket connection to 'ws://localhost:8031/' failed: Error in connection establishment: net::ERR_CONNECTION_REFUSED @ http://localhost:5199/assets/stage-B4ZnF7Se.js:0
[16065795ms] [ERROR] WebSocket connection to 'ws://localhost:8031/' failed: Error in connection establishment: net::ERR_CONNECTION_REFUSED @ http://localhost:5199/assets/stage-B4ZnF7Se.js:0
[16069989ms] [ERROR] WebSocket connection to 'ws://localhost:8031/' failed: Error in connection establishment: net::ERR_CONNECTION_REFUSED @ http://localhost:5199/assets/stage-B4ZnF7Se.js:0
[16074035ms] [ERROR] WebSocket connection to 'ws://localhost:8031/' failed: Error in connection establishment: net::ERR_CONNECTION_REFUSED @ http://localhost:5199/assets/stage-B4ZnF7Se.js:0
[16078440ms] [ERROR] WebSocket connection to 'ws://localhost:8031/' failed: Error in connection establishment: net::ERR_CONNECTION_REFUSED @ http://localhost:5199/assets/stage-B4ZnF7Se.js:0
[16082069ms] [ERROR] WebSocket connection to 'ws://localhost:8031/' failed: Error in connection establishment: net::ERR_CONNECTION_REFUSED @ http://localhost:5199/assets/stage-B4ZnF7Se.js:0
[16088519ms] [ERROR] WebSocket connection to 'ws://localhost:8031/' failed: Error in connection establishment: net::ERR_CONNECTION_REFUSED @ http://localhost:5199/assets/stage-B4ZnF7Se.js:0
[16092918ms] [ERROR] WebSocket connection to 'ws://localhost:8031/' failed: Error in connection establishment: net::ERR_CONNECTION_REFUSED @ http://localhost:5199/assets/stage-B4ZnF7Se.js:0
[16099068ms] [ERROR] WebSocket connection to 'ws://localhost:8031/' failed: Error in connection establishment: net::ERR_CONNECTION_REFUSED @ http://localhost:5199/assets/stage-B4ZnF7Se.js:0
[16104157ms] [ERROR] WebSocket connection to 'ws://localhost:8031/' failed: Error in connection establishment: net::ERR_CONNECTION_REFUSED @ http://localhost:5199/assets/stage-B4ZnF7Se.js:0
[16107973ms] [ERROR] WebSocket connection to 'ws://localhost:8031/' failed: Error in connection establishment: net::ERR_CONNECTION_REFUSED @ http://localhost:5199/assets/stage-B4ZnF7Se.js:0
[16111460ms] [ERROR] WebSocket connection to 'ws://localhost:8031/' failed: Error in connection establishment: net::ERR_CONNECTION_REFUSED @ http://localhost:5199/assets/stage-B4ZnF7Se.js:0
[16114343ms] [ERROR] WebSocket connection to 'ws://localhost:8031/' failed: Error in connection establishment: net::ERR_CONNECTION_REFUSED @ http://localhost:5199/assets/stage-B4ZnF7Se.js:0
[16117810ms] [ERROR] WebSocket connection to 'ws://localhost:8031/' failed: Error in connection establishment: net::ERR_CONNECTION_REFUSED @ http://localhost:5199/assets/stage-B4ZnF7Se.js:0
[16121931ms] [ERROR] WebSocket connection to 'ws://localhost:8031/' failed: Error in connection establishment: net::ERR_CONNECTION_REFUSED @ http://localhost:5199/assets/stage-B4ZnF7Se.js:0
[16127289ms] [ERROR] WebSocket connection to 'ws://localhost:8031/' failed: Error in connection establishment: net::ERR_CONNECTION_REFUSED @ http://localhost:5199/assets/stage-B4ZnF7Se.js:0
[16131906ms] [ERROR] WebSocket connection to 'ws://localhost:8031/' failed: Error in connection establishment: net::ERR_CONNECTION_REFUSED @ http://localhost:5199/assets/stage-B4ZnF7Se.js:0
[16136900ms] [ERROR] WebSocket connection to 'ws://localhost:8031/' failed: Error in connection establishment: net::ERR_CONNECTION_REFUSED @ http://localhost:5199/assets/stage-B4ZnF7Se.js:0
[16143055ms] [ERROR] WebSocket connection to 'ws://localhost:8031/' failed: Error in connection establishment: net::ERR_CONNECTION_REFUSED @ http://localhost:5199/assets/stage-B4ZnF7Se.js:0
[16146842ms] [ERROR] WebSocket connection to 'ws://localhost:8031/' failed: Error in connection establishment: net::ERR_CONNECTION_REFUSED @ http://localhost:5199/assets/stage-B4ZnF7Se.js:0
[16149509ms] [ERROR] WebSocket connection to 'ws://localhost:8031/' failed: Error in connection establishment: net::ERR_CONNECTION_REFUSED @ http://localhost:5199/assets/stage-B4ZnF7Se.js:0
[16152708ms] [ERROR] WebSocket connection to 'ws://localhost:8031/' failed: Error in connection establishment: net::ERR_CONNECTION_REFUSED @ http://localhost:5199/assets/stage-B4ZnF7Se.js:0
[16156889ms] [ERROR] WebSocket connection to 'ws://localhost:8031/' failed: Error in connection establishment: net::ERR_CONNECTION_REFUSED @ http://localhost:5199/assets/stage-B4ZnF7Se.js:0
[16160381ms] [ERROR] WebSocket connection to 'ws://localhost:8031/' failed: Error in connection establishment: net::ERR_CONNECTION_REFUSED @ http://localhost:5199/assets/stage-B4ZnF7Se.js:0
[16166580ms] [ERROR] WebSocket connection to 'ws://localhost:8031/' failed: Error in connection establishment: net::ERR_CONNECTION_REFUSED @ http://localhost:5199/assets/stage-B4ZnF7Se.js:0
[16169651ms] [ERROR] WebSocket connection to 'ws://localhost:8031/' failed: Error in connection establishment: net::ERR_CONNECTION_REFUSED @ http://localhost:5199/assets/stage-B4ZnF7Se.js:0
[16171156ms] [ERROR] WebSocket connection to 'ws://localhost:8031/' failed: Error in connection establishment: net::ERR_CONNECTION_REFUSED @ http://localhost:5199/assets/stage-B4ZnF7Se.js:0
[16172662ms] [ERROR] WebSocket connection to 'ws://localhost:8031/' failed: Error in connection establishment: net::ERR_CONNECTION_REFUSED @ http://localhost:5199/assets/stage-B4ZnF7Se.js:0
[16174167ms] [ERROR] WebSocket connection to 'ws://localhost:8031/' failed: Error in connection establishment: net::ERR_CONNECTION_REFUSED @ http://localhost:5199/assets/stage-B4ZnF7Se.js:0
[16175671ms] [ERROR] WebSocket connection to 'ws://localhost:8031/' failed: Error in connection establishment: net::ERR_CONNECTION_REFUSED @ http://localhost:5199/assets/stage-B4ZnF7Se.js:0
[16177178ms] [ERROR] WebSocket connection to 'ws://localhost:8031/' failed: Error in connection establishment: net::ERR_CONNECTION_REFUSED @ http://localhost:5199/assets/stage-B4ZnF7Se.js:0
[16178688ms] [ERROR] WebSocket connection to 'ws://localhost:8031/' failed: Error in connection establishment: net::ERR_CONNECTION_REFUSED @ http://localhost:5199/assets/stage-B4ZnF7Se.js:0
[16180196ms] [ERROR] WebSocket connection to 'ws://localhost:8031/' failed: Error in connection establishment: net::ERR_CONNECTION_REFUSED @ http://localhost:5199/assets/stage-B4ZnF7Se.js:0
[16181725ms] [ERROR] WebSocket connection to 'ws://localhost:8031/' failed: Error in connection establishment: net::ERR_CONNECTION_REFUSED @ http://localhost:5199/assets/stage-B4ZnF7Se.js:0
[16183271ms] [ERROR] WebSocket connection to 'ws://localhost:8031/' failed: Error in connection establishment: net::ERR_CONNECTION_REFUSED @ http://localhost:5199/assets/stage-B4ZnF7Se.js:0
[16184842ms] [ERROR] WebSocket connection to 'ws://localhost:8031/' failed: Error in connection establishment: net::ERR_CONNECTION_REFUSED @ http://localhost:5199/assets/stage-B4ZnF7Se.js:0
[16186496ms] [ERROR] WebSocket connection to 'ws://localhost:8031/' failed: Error in connection establishment: net::ERR_CONNECTION_REFUSED @ http://localhost:5199/assets/stage-B4ZnF7Se.js:0
[16188100ms] [ERROR] WebSocket connection to 'ws://localhost:8031/' failed: Error in connection establishment: net::ERR_CONNECTION_REFUSED @ http://localhost:5199/assets/stage-B4ZnF7Se.js:0
[16189879ms] [ERROR] WebSocket connection to 'ws://localhost:8031/' failed: Error in connection establishment: net::ERR_CONNECTION_REFUSED @ http://localhost:5199/assets/stage-B4ZnF7Se.js:0
[16192154ms] [ERROR] WebSocket connection to 'ws://localhost:8031/' failed: Error in connection establishment: net::ERR_CONNECTION_REFUSED @ http://localhost:5199/assets/stage-B4ZnF7Se.js:0
[16194959ms] [ERROR] WebSocket connection to 'ws://localhost:8031/' failed: Error in connection establishment: net::ERR_CONNECTION_REFUSED @ http://localhost:5199/assets/stage-B4ZnF7Se.js:0
[16199371ms] [ERROR] WebSocket connection to 'ws://localhost:8031/' failed: Error in connection establishment: net::ERR_CONNECTION_REFUSED @ http://localhost:5199/assets/stage-B4ZnF7Se.js:0
[16205341ms] [ERROR] WebSocket connection to 'ws://localhost:8031/' failed: Error in connection establishment: net::ERR_CONNECTION_REFUSED @ http://localhost:5199/assets/stage-B4ZnF7Se.js:0
[16208912ms] [ERROR] WebSocket connection to 'ws://localhost:8031/' failed: Error in connection establishment: net::ERR_CONNECTION_REFUSED @ http://localhost:5199/assets/stage-B4ZnF7Se.js:0
[16213766ms] [ERROR] WebSocket connection to 'ws://localhost:8031/' failed: Error in connection establishment: net::ERR_CONNECTION_REFUSED @ http://localhost:5199/assets/stage-B4ZnF7Se.js:0
[16219187ms] [ERROR] WebSocket connection to 'ws://localhost:8031/' failed: Error in connection establishment: net::ERR_CONNECTION_REFUSED @ http://localhost:5199/assets/stage-B4ZnF7Se.js:0
[16224208ms] [ERROR] WebSocket connection to 'ws://localhost:8031/' failed: Error in connection establishment: net::ERR_CONNECTION_REFUSED @ http://localhost:5199/assets/stage-B4ZnF7Se.js:0
[16230287ms] [ERROR] WebSocket connection to 'ws://localhost:8031/' failed: Error in connection establishment: net::ERR_CONNECTION_REFUSED @ http://localhost:5199/assets/stage-B4ZnF7Se.js:0
[16234253ms] [ERROR] WebSocket connection to 'ws://localhost:8031/' failed: Error in connection establishment: net::ERR_CONNECTION_REFUSED @ http://localhost:5199/assets/stage-B4ZnF7Se.js:0
[16239432ms] [ERROR] WebSocket connection to 'ws://localhost:8031/' failed: Error in connection establishment: net::ERR_CONNECTION_REFUSED @ http://localhost:5199/assets/stage-B4ZnF7Se.js:0
[16244172ms] [ERROR] WebSocket connection to 'ws://localhost:8031/' failed: Error in connection establishment: net::ERR_CONNECTION_REFUSED @ http://localhost:5199/assets/stage-B4ZnF7Se.js:0
[16248949ms] [ERROR] WebSocket connection to 'ws://localhost:8031/' failed: Error in connection establishment: net::ERR_CONNECTION_REFUSED @ http://localhost:5199/assets/stage-B4ZnF7Se.js:0
[16252135ms] [ERROR] WebSocket connection to 'ws://localhost:8031/' failed: Error in connection establishment: net::ERR_CONNECTION_REFUSED @ http://localhost:5199/assets/stage-B4ZnF7Se.js:0
[16258327ms] [ERROR] WebSocket connection to 'ws://localhost:8031/' failed: Error in connection establishment: net::ERR_CONNECTION_REFUSED @ http://localhost:5199/assets/stage-B4ZnF7Se.js:0
[16264727ms] [ERROR] WebSocket connection to 'ws://localhost:8031/' failed: Error in connection establishment: net::ERR_CONNECTION_REFUSED @ http://localhost:5199/assets/stage-B4ZnF7Se.js:0
[16268556ms] [ERROR] WebSocket connection to 'ws://localhost:8031/' failed: Error in connection establishment: net::ERR_CONNECTION_REFUSED @ http://localhost:5199/assets/stage-B4ZnF7Se.js:0
[16273524ms] [ERROR] WebSocket connection to 'ws://localhost:8031/' failed: Error in connection establishment: net::ERR_CONNECTION_REFUSED @ http://localhost:5199/assets/stage-B4ZnF7Se.js:0
[16277443ms] [ERROR] WebSocket connection to 'ws://localhost:8031/' failed: Error in connection establishment: net::ERR_CONNECTION_REFUSED @ http://localhost:5199/assets/stage-B4ZnF7Se.js:0
[16283094ms] [ERROR] WebSocket connection to 'ws://localhost:8031/' failed: Error in connection establishment: net::ERR_CONNECTION_REFUSED @ http://localhost:5199/assets/stage-B4ZnF7Se.js:0
[16285985ms] [ERROR] WebSocket connection to 'ws://localhost:8031/' failed: Error in connection establishment: net::ERR_CONNECTION_REFUSED @ http://localhost:5199/assets/stage-B4ZnF7Se.js:0
[16289229ms] [ERROR] WebSocket connection to 'ws://localhost:8031/' failed: Error in connection establishment: net::ERR_CONNECTION_REFUSED @ http://localhost:5199/assets/stage-B4ZnF7Se.js:0
[16293676ms] [ERROR] WebSocket connection to 'ws://localhost:8031/' failed: Error in connection establishment: net::ERR_CONNECTION_REFUSED @ http://localhost:5199/assets/stage-B4ZnF7Se.js:0
[16297990ms] [ERROR] WebSocket connection to 'ws://localhost:8031/' failed: Error in connection establishment: net::ERR_CONNECTION_REFUSED @ http://localhost:5199/assets/stage-B4ZnF7Se.js:0
[16303611ms] [ERROR] WebSocket connection to 'ws://localhost:8031/' failed: Error in connection establishment: net::ERR_CONNECTION_REFUSED @ http://localhost:5199/assets/stage-B4ZnF7Se.js:0
[16307151ms] [ERROR] WebSocket connection to 'ws://localhost:8031/' failed: Error in connection establishment: net::ERR_CONNECTION_REFUSED @ http://localhost:5199/assets/stage-B4ZnF7Se.js:0
[16311210ms] [ERROR] WebSocket connection to 'ws://localhost:8031/' failed: Error in connection establishment: net::ERR_CONNECTION_REFUSED @ http://localhost:5199/assets/stage-B4ZnF7Se.js:0
[16315060ms] [ERROR] WebSocket connection to 'ws://localhost:8031/' failed: Error in connection establishment: net::ERR_CONNECTION_REFUSED @ http://localhost:5199/assets/stage-B4ZnF7Se.js:0
[16318542ms] [ERROR] WebSocket connection to 'ws://localhost:8031/' failed: Error in connection establishment: net::ERR_CONNECTION_REFUSED @ http://localhost:5199/assets/stage-B4ZnF7Se.js:0
[16322196ms] [ERROR] WebSocket connection to 'ws://localhost:8031/' failed: Error in connection establishment: net::ERR_CONNECTION_REFUSED @ http://localhost:5199/assets/stage-B4ZnF7Se.js:0
[16324977ms] [ERROR] WebSocket connection to 'ws://localhost:8031/' failed: Error in connection establishment: net::ERR_CONNECTION_REFUSED @ http://localhost:5199/assets/stage-B4ZnF7Se.js:0
[16330305ms] [ERROR] WebSocket connection to 'ws://localhost:8031/' failed: Error in connection establishment: net::ERR_CONNECTION_REFUSED @ http://localhost:5199/assets/stage-B4ZnF7Se.js:0
[16333867ms] [ERROR] WebSocket connection to 'ws://localhost:8031/' failed: Error in connection establishment: net::ERR_CONNECTION_REFUSED @ http://localhost:5199/assets/stage-B4ZnF7Se.js:0
[16338431ms] [ERROR] WebSocket connection to 'ws://localhost:8031/' failed: Error in connection establishment: net::ERR_CONNECTION_REFUSED @ http://localhost:5199/assets/stage-B4ZnF7Se.js:0
[16344219ms] [ERROR] WebSocket connection to 'ws://localhost:8031/' failed: Error in connection establishment: net::ERR_CONNECTION_REFUSED @ http://localhost:5199/assets/stage-B4ZnF7Se.js:0
[16347592ms] [ERROR] WebSocket connection to 'ws://localhost:8031/' failed: Error in connection establishment: net::ERR_CONNECTION_REFUSED @ http://localhost:5199/assets/stage-B4ZnF7Se.js:0
[16350453ms] [ERROR] WebSocket connection to 'ws://localhost:8031/' failed: Error in connection establishment: net::ERR_CONNECTION_REFUSED @ http://localhost:5199/assets/stage-B4ZnF7Se.js:0
[16354938ms] [ERROR] WebSocket connection to 'ws://localhost:8031/' failed: Error in connection establishment: net::ERR_CONNECTION_REFUSED @ http://localhost:5199/assets/stage-B4ZnF7Se.js:0
[16357512ms] [ERROR] WebSocket connection to 'ws://localhost:8031/' failed: Error in connection establishment: net::ERR_CONNECTION_REFUSED @ http://localhost:5199/assets/stage-B4ZnF7Se.js:0
[16361866ms] [ERROR] WebSocket connection to 'ws://localhost:8031/' failed: Error in connection establishment: net::ERR_CONNECTION_REFUSED @ http://localhost:5199/assets/stage-B4ZnF7Se.js:0
[16367782ms] [ERROR] WebSocket connection to 'ws://localhost:8031/' failed: Error in connection establishment: net::ERR_CONNECTION_REFUSED @ http://localhost:5199/assets/stage-B4ZnF7Se.js:0
[16372093ms] [ERROR] WebSocket connection to 'ws://localhost:8031/' failed: Error in connection establishment: net::ERR_CONNECTION_REFUSED @ http://localhost:5199/assets/stage-B4ZnF7Se.js:0
[16376905ms] [ERROR] WebSocket connection to 'ws://localhost:8031/' failed: Error in connection establishment: net::ERR_CONNECTION_REFUSED @ http://localhost:5199/assets/stage-B4ZnF7Se.js:0
[16383338ms] [ERROR] WebSocket connection to 'ws://localhost:8031/' failed: Error in connection establishment: net::ERR_CONNECTION_REFUSED @ http://localhost:5199/assets/stage-B4ZnF7Se.js:0
[16386512ms] [ERROR] WebSocket connection to 'ws://localhost:8031/' failed: Error in connection establishment: net::ERR_CONNECTION_REFUSED @ http://localhost:5199/assets/stage-B4ZnF7Se.js:0
[16392212ms] [ERROR] WebSocket connection to 'ws://localhost:8031/' failed: Error in connection establishment: net::ERR_CONNECTION_REFUSED @ http://localhost:5199/assets/stage-B4ZnF7Se.js:0
[16395895ms] [ERROR] WebSocket connection to 'ws://localhost:8031/' failed: Error in connection establishment: net::ERR_CONNECTION_REFUSED @ http://localhost:5199/assets/stage-B4ZnF7Se.js:0
[16400141ms] [ERROR] WebSocket connection to 'ws://localhost:8031/' failed: Error in connection establishment: net::ERR_CONNECTION_REFUSED @ http://localhost:5199/assets/stage-B4ZnF7Se.js:0
[16406394ms] [ERROR] WebSocket connection to 'ws://localhost:8031/' failed: Error in connection establishment: net::ERR_CONNECTION_REFUSED @ http://localhost:5199/assets/stage-B4ZnF7Se.js:0
[16410711ms] [ERROR] WebSocket connection to 'ws://localhost:8031/' failed: Error in connection establishment: net::ERR_CONNECTION_REFUSED @ http://localhost:5199/assets/stage-B4ZnF7Se.js:0
[16412217ms] [ERROR] WebSocket connection to 'ws://localhost:8031/' failed: Error in connection establishment: net::ERR_CONNECTION_REFUSED @ http://localhost:5199/assets/stage-B4ZnF7Se.js:0
[16413721ms] [ERROR] WebSocket connection to 'ws://localhost:8031/' failed: Error in connection establishment: net::ERR_CONNECTION_REFUSED @ http://localhost:5199/assets/stage-B4ZnF7Se.js:0
[16415225ms] [ERROR] WebSocket connection to 'ws://localhost:8031/' failed: Error in connection establishment: net::ERR_CONNECTION_REFUSED @ http://localhost:5199/assets/stage-B4ZnF7Se.js:0
[16416729ms] [ERROR] WebSocket connection to 'ws://localhost:8031/' failed: Error in connection establishment: net::ERR_CONNECTION_REFUSED @ http://localhost:5199/assets/stage-B4ZnF7Se.js:0
[16418233ms] [ERROR] WebSocket connection to 'ws://localhost:8031/' failed: Error in connection establishment: net::ERR_CONNECTION_REFUSED @ http://localhost:5199/assets/stage-B4ZnF7Se.js:0
[16419742ms] [ERROR] WebSocket connection to 'ws://localhost:8031/' failed: Error in connection establishment: net::ERR_CONNECTION_REFUSED @ http://localhost:5199/assets/stage-B4ZnF7Se.js:0
[16421257ms] [ERROR] WebSocket connection to 'ws://localhost:8031/' failed: Error in connection establishment: net::ERR_CONNECTION_REFUSED @ http://localhost:5199/assets/stage-B4ZnF7Se.js:0
[16422782ms] [ERROR] WebSocket connection to 'ws://localhost:8031/' failed: Error in connection establishment: net::ERR_CONNECTION_REFUSED @ http://localhost:5199/assets/stage-B4ZnF7Se.js:0
[16424332ms] [ERROR] WebSocket connection to 'ws://localhost:8031/' failed: Error in connection establishment: net::ERR_CONNECTION_REFUSED @ http://localhost:5199/assets/stage-B4ZnF7Se.js:0
[16425885ms] [ERROR] WebSocket connection to 'ws://localhost:8031/' failed: Error in connection establishment: net::ERR_CONNECTION_REFUSED @ http://localhost:5199/assets/stage-B4ZnF7Se.js:0
[16427519ms] [ERROR] WebSocket connection to 'ws://localhost:8031/' failed: Error in connection establishment: net::ERR_CONNECTION_REFUSED @ http://localhost:5199/assets/stage-B4ZnF7Se.js:0
[16429172ms] [ERROR] WebSocket connection to 'ws://localhost:8031/' failed: Error in connection establishment: net::ERR_CONNECTION_REFUSED @ http://localhost:5199/assets/stage-B4ZnF7Se.js:0
[16431277ms] [ERROR] WebSocket connection to 'ws://localhost:8031/' failed: Error in connection establishment: net::ERR_CONNECTION_REFUSED @ http://localhost:5199/assets/stage-B4ZnF7Se.js:0
[16433473ms] [ERROR] WebSocket connection to 'ws://localhost:8031/' failed: Error in connection establishment: net::ERR_CONNECTION_REFUSED @ http://localhost:5199/assets/stage-B4ZnF7Se.js:0
[16436298ms] [ERROR] WebSocket connection to 'ws://localhost:8031/' failed: Error in connection establishment: net::ERR_CONNECTION_REFUSED @ http://localhost:5199/assets/stage-B4ZnF7Se.js:0
[16440340ms] [ERROR] WebSocket connection to 'ws://localhost:8031/' failed: Error in connection establishment: net::ERR_CONNECTION_REFUSED @ http://localhost:5199/assets/stage-B4ZnF7Se.js:0
[16443285ms] [ERROR] WebSocket connection to 'ws://localhost:8031/' failed: Error in connection establishment: net::ERR_CONNECTION_REFUSED @ http://localhost:5199/assets/stage-B4ZnF7Se.js:0
[16449598ms] [ERROR] WebSocket connection to 'ws://localhost:8031/' failed: Error in connection establishment: net::ERR_CONNECTION_REFUSED @ http://localhost:5199/assets/stage-B4ZnF7Se.js:0
[16452686ms] [ERROR] WebSocket connection to 'ws://localhost:8031/' failed: Error in connection establishment: net::ERR_CONNECTION_REFUSED @ http://localhost:5199/assets/stage-B4ZnF7Se.js:0
[16457373ms] [ERROR] WebSocket connection to 'ws://localhost:8031/' failed: Error in connection establishment: net::ERR_CONNECTION_REFUSED @ http://localhost:5199/assets/stage-B4ZnF7Se.js:0
[16461938ms] [ERROR] WebSocket connection to 'ws://localhost:8031/' failed: Error in connection establishment: net::ERR_CONNECTION_REFUSED @ http://localhost:5199/assets/stage-B4ZnF7Se.js:0
[16466494ms] [ERROR] WebSocket connection to 'ws://localhost:8031/' failed: Error in connection establishment: net::ERR_CONNECTION_REFUSED @ http://localhost:5199/assets/stage-B4ZnF7Se.js:0
[16469210ms] [ERROR] WebSocket connection to 'ws://localhost:8031/' failed: Error in connection establishment: net::ERR_CONNECTION_REFUSED @ http://localhost:5199/assets/stage-B4ZnF7Se.js:0
[16473422ms] [ERROR] WebSocket connection to 'ws://localhost:8031/' failed: Error in connection establishment: net::ERR_CONNECTION_REFUSED @ http://localhost:5199/assets/stage-B4ZnF7Se.js:0
[16479460ms] [ERROR] WebSocket connection to 'ws://localhost:8031/' failed: Error in connection establishment: net::ERR_CONNECTION_REFUSED @ http://localhost:5199/assets/stage-B4ZnF7Se.js:0
[16483402ms] [ERROR] WebSocket connection to 'ws://localhost:8031/' failed: Error in connection establishment: net::ERR_CONNECTION_REFUSED @ http://localhost:5199/assets/stage-B4ZnF7Se.js:0
[16486730ms] [ERROR] WebSocket connection to 'ws://localhost:8031/' failed: Error in connection establishment: net::ERR_CONNECTION_REFUSED @ http://localhost:5199/assets/stage-B4ZnF7Se.js:0
[16493167ms] [ERROR] WebSocket connection to 'ws://localhost:8031/' failed: Error in connection establishment: net::ERR_CONNECTION_REFUSED @ http://localhost:5199/assets/stage-B4ZnF7Se.js:0
[16497284ms] [ERROR] WebSocket connection to 'ws://localhost:8031/' failed: Error in connection establishment: net::ERR_CONNECTION_REFUSED @ http://localhost:5199/assets/stage-B4ZnF7Se.js:0
[16502030ms] [ERROR] WebSocket connection to 'ws://localhost:8031/' failed: Error in connection establishment: net::ERR_CONNECTION_REFUSED @ http://localhost:5199/assets/stage-B4ZnF7Se.js:0
[16508313ms] [ERROR] WebSocket connection to 'ws://localhost:8031/' failed: Error in connection establishment: net::ERR_CONNECTION_REFUSED @ http://localhost:5199/assets/stage-B4ZnF7Se.js:0
[16513699ms] [ERROR] WebSocket connection to 'ws://localhost:8031/' failed: Error in connection establishment: net::ERR_CONNECTION_REFUSED @ http://localhost:5199/assets/stage-B4ZnF7Se.js:0
[16516896ms] [ERROR] WebSocket connection to 'ws://localhost:8031/' failed: Error in connection establishment: net::ERR_CONNECTION_REFUSED @ http://localhost:5199/assets/stage-B4ZnF7Se.js:0
[16520816ms] [ERROR] WebSocket connection to 'ws://localhost:8031/' failed: Error in connection establishment: net::ERR_CONNECTION_REFUSED @ http://localhost:5199/assets/stage-B4ZnF7Se.js:0
[16524970ms] [ERROR] WebSocket connection to 'ws://localhost:8031/' failed: Error in connection establishment: net::ERR_CONNECTION_REFUSED @ http://localhost:5199/assets/stage-B4ZnF7Se.js:0
[16531266ms] [ERROR] WebSocket connection to 'ws://localhost:8031/' failed: Error in connection establishment: net::ERR_CONNECTION_REFUSED @ http://localhost:5199/assets/stage-B4ZnF7Se.js:0
[16532771ms] [ERROR] WebSocket connection to 'ws://localhost:8031/' failed: Error in connection establishment: net::ERR_CONNECTION_REFUSED @ http://localhost:5199/assets/stage-B4ZnF7Se.js:0
[16534275ms] [ERROR] WebSocket connection to 'ws://localhost:8031/' failed: Error in connection establishment: net::ERR_CONNECTION_REFUSED @ http://localhost:5199/assets/stage-B4ZnF7Se.js:0
[16535779ms] [ERROR] WebSocket connection to 'ws://localhost:8031/' failed: Error in connection establishment: net::ERR_CONNECTION_REFUSED @ http://localhost:5199/assets/stage-B4ZnF7Se.js:0
[16537284ms] [ERROR] WebSocket connection to 'ws://localhost:8031/' failed: Error in connection establishment: net::ERR_CONNECTION_REFUSED @ http://localhost:5199/assets/stage-B4ZnF7Se.js:0
[16538790ms] [ERROR] WebSocket connection to 'ws://localhost:8031/' failed: Error in connection establishment: net::ERR_CONNECTION_REFUSED @ http://localhost:5199/assets/stage-B4ZnF7Se.js:0
[16540296ms] [ERROR] WebSocket connection to 'ws://localhost:8031/' failed: Error in connection establishment: net::ERR_CONNECTION_REFUSED @ http://localhost:5199/assets/stage-B4ZnF7Se.js:0
[16541807ms] [ERROR] WebSocket connection to 'ws://localhost:8031/' failed: Error in connection establishment: net::ERR_CONNECTION_REFUSED @ http://localhost:5199/assets/stage-B4ZnF7Se.js:0
[16543338ms] [ERROR] WebSocket connection to 'ws://localhost:8031/' failed: Error in connection establishment: net::ERR_CONNECTION_REFUSED @ http://localhost:5199/assets/stage-B4ZnF7Se.js:0
[16544874ms] [ERROR] WebSocket connection to 'ws://localhost:8031/' failed: Error in connection establishment: net::ERR_CONNECTION_REFUSED @ http://localhost:5199/assets/stage-B4ZnF7Se.js:0
[16546441ms] [ERROR] WebSocket connection to 'ws://localhost:8031/' failed: Error in connection establishment: net::ERR_CONNECTION_REFUSED @ http://localhost:5199/assets/stage-B4ZnF7Se.js:0
[16547982ms] [ERROR] WebSocket connection to 'ws://localhost:8031/' failed: Error in connection establishment: net::ERR_CONNECTION_REFUSED @ http://localhost:5199/assets/stage-B4ZnF7Se.js:0
[16549779ms] [ERROR] WebSocket connection to 'ws://localhost:8031/' failed: Error in connection establishment: net::ERR_CONNECTION_REFUSED @ http://localhost:5199/assets/stage-B4ZnF7Se.js:0
[16551504ms] [ERROR] WebSocket connection to 'ws://localhost:8031/' failed: Error in connection establishment: net::ERR_CONNECTION_REFUSED @ http://localhost:5199/assets/stage-B4ZnF7Se.js:0
[16553687ms] [ERROR] WebSocket connection to 'ws://localhost:8031/' failed: Error in connection establishment: net::ERR_CONNECTION_REFUSED @ http://localhost:5199/assets/stage-B4ZnF7Se.js:0
[16555932ms] [ERROR] WebSocket connection to 'ws://localhost:8031/' failed: Error in connection establishment: net::ERR_CONNECTION_REFUSED @ http://localhost:5199/assets/stage-B4ZnF7Se.js:0
[16561966ms] [ERROR] WebSocket connection to 'ws://localhost:8031/' failed: Error in connection establishment: net::ERR_CONNECTION_REFUSED @ http://localhost:5199/assets/stage-B4ZnF7Se.js:0
[16567419ms] [ERROR] WebSocket connection to 'ws://localhost:8031/' failed: Error in connection establishment: net::ERR_CONNECTION_REFUSED @ http://localhost:5199/assets/stage-B4ZnF7Se.js:0
[16573698ms] [ERROR] WebSocket connection to 'ws://localhost:8031/' failed: Error in connection establishment: net::ERR_CONNECTION_REFUSED @ http://localhost:5199/assets/stage-B4ZnF7Se.js:0
[16576874ms] [ERROR] WebSocket connection to 'ws://localhost:8031/' failed: Error in connection establishment: net::ERR_CONNECTION_REFUSED @ http://localhost:5199/assets/stage-B4ZnF7Se.js:0
[16580728ms] [ERROR] WebSocket connection to 'ws://localhost:8031/' failed: Error in connection establishment: net::ERR_CONNECTION_REFUSED @ http://localhost:5199/assets/stage-B4ZnF7Se.js:0
[16585173ms] [ERROR] WebSocket connection to 'ws://localhost:8031/' failed: Error in connection establishment: net::ERR_CONNECTION_REFUSED @ http://localhost:5199/assets/stage-B4ZnF7Se.js:0
[16588415ms] [ERROR] WebSocket connection to 'ws://localhost:8031/' failed: Error in connection establishment: net::ERR_CONNECTION_REFUSED @ http://localhost:5199/assets/stage-B4ZnF7Se.js:0
[16591507ms] [ERROR] WebSocket connection to 'ws://localhost:8031/' failed: Error in connection establishment: net::ERR_CONNECTION_REFUSED @ http://localhost:5199/assets/stage-B4ZnF7Se.js:0
[16597078ms] [ERROR] WebSocket connection to 'ws://localhost:8031/' failed: Error in connection establishment: net::ERR_CONNECTION_REFUSED @ http://localhost:5199/assets/stage-B4ZnF7Se.js:0
[16600123ms] [ERROR] WebSocket connection to 'ws://localhost:8031/' failed: Error in connection establishment: net::ERR_CONNECTION_REFUSED @ http://localhost:5199/assets/stage-B4ZnF7Se.js:0
[16604952ms] [ERROR] WebSocket connection to 'ws://localhost:8031/' failed: Error in connection establishment: net::ERR_CONNECTION_REFUSED @ http://localhost:5199/assets/stage-B4ZnF7Se.js:0
[16608826ms] [ERROR] WebSocket connection to 'ws://localhost:8031/' failed: Error in connection establishment: net::ERR_CONNECTION_REFUSED @ http://localhost:5199/assets/stage-B4ZnF7Se.js:0
[16614665ms] [ERROR] WebSocket connection to 'ws://localhost:8031/' failed: Error in connection establishment: net::ERR_CONNECTION_REFUSED @ http://localhost:5199/assets/stage-B4ZnF7Se.js:0
[16619260ms] [ERROR] WebSocket connection to 'ws://localhost:8031/' failed: Error in connection establishment: net::ERR_CONNECTION_REFUSED @ http://localhost:5199/assets/stage-B4ZnF7Se.js:0
[16624656ms] [ERROR] WebSocket connection to 'ws://localhost:8031/' failed: Error in connection establishment: net::ERR_CONNECTION_REFUSED @ http://localhost:5199/assets/stage-B4ZnF7Se.js:0
[16628323ms] [ERROR] WebSocket connection to 'ws://localhost:8031/' failed: Error in connection establishment: net::ERR_CONNECTION_REFUSED @ http://localhost:5199/assets/stage-B4ZnF7Se.js:0
[16633743ms] [ERROR] WebSocket connection to 'ws://localhost:8031/' failed: Error in connection establishment: net::ERR_CONNECTION_REFUSED @ http://localhost:5199/assets/stage-B4ZnF7Se.js:0
[16639914ms] [ERROR] WebSocket connection to 'ws://localhost:8031/' failed: Error in connection establishment: net::ERR_CONNECTION_REFUSED @ http://localhost:5199/assets/stage-B4ZnF7Se.js:0
[16644347ms] [ERROR] WebSocket connection to 'ws://localhost:8031/' failed: Error in connection establishment: net::ERR_CONNECTION_REFUSED @ http://localhost:5199/assets/stage-B4ZnF7Se.js:0
[16648497ms] [ERROR] WebSocket connection to 'ws://localhost:8031/' failed: Error in connection establishment: net::ERR_CONNECTION_REFUSED @ http://localhost:5199/assets/stage-B4ZnF7Se.js:0
[16651772ms] [ERROR] WebSocket connection to 'ws://localhost:8031/' failed: Error in connection establishment: net::ERR_CONNECTION_REFUSED @ http://localhost:5199/assets/stage-B4ZnF7Se.js:0
[16653278ms] [ERROR] WebSocket connection to 'ws://localhost:8031/' failed: Error in connection establishment: net::ERR_CONNECTION_REFUSED @ http://localhost:5199/assets/stage-B4ZnF7Se.js:0
[16654781ms] [ERROR] WebSocket connection to 'ws://localhost:8031/' failed: Error in connection establishment: net::ERR_CONNECTION_REFUSED @ http://localhost:5199/assets/stage-B4ZnF7Se.js:0
[16656287ms] [ERROR] WebSocket connection to 'ws://localhost:8031/' failed: Error in connection establishment: net::ERR_CONNECTION_REFUSED @ http://localhost:5199/assets/stage-B4ZnF7Se.js:0
[16657791ms] [ERROR] WebSocket connection to 'ws://localhost:8031/' failed: Error in connection establishment: net::ERR_CONNECTION_REFUSED @ http://localhost:5199/assets/stage-B4ZnF7Se.js:0
[16659299ms] [ERROR] WebSocket connection to 'ws://localhost:8031/' failed: Error in connection establishment: net::ERR_CONNECTION_REFUSED @ http://localhost:5199/assets/stage-B4ZnF7Se.js:0
[16660807ms] [ERROR] WebSocket connection to 'ws://localhost:8031/' failed: Error in connection establishment: net::ERR_CONNECTION_REFUSED @ http://localhost:5199/assets/stage-B4ZnF7Se.js:0
[16662322ms] [ERROR] WebSocket connection to 'ws://localhost:8031/' failed: Error in connection establishment: net::ERR_CONNECTION_REFUSED @ http://localhost:5199/assets/stage-B4ZnF7Se.js:0
[16663831ms] [ERROR] WebSocket connection to 'ws://localhost:8031/' failed: Error in connection establishment: net::ERR_CONNECTION_REFUSED @ http://localhost:5199/assets/stage-B4ZnF7Se.js:0
[16665350ms] [ERROR] WebSocket connection to 'ws://localhost:8031/' failed: Error in connection establishment: net::ERR_CONNECTION_REFUSED @ http://localhost:5199/assets/stage-B4ZnF7Se.js:0
[16666922ms] [ERROR] WebSocket connection to 'ws://localhost:8031/' failed: Error in connection establishment: net::ERR_CONNECTION_REFUSED @ http://localhost:5199/assets/stage-B4ZnF7Se.js:0
[16668496ms] [ERROR] WebSocket connection to 'ws://localhost:8031/' failed: Error in connection establishment: net::ERR_CONNECTION_REFUSED @ http://localhost:5199/assets/stage-B4ZnF7Se.js:0
[16670100ms] [ERROR] WebSocket connection to 'ws://localhost:8031/' failed: Error in connection establishment: net::ERR_CONNECTION_REFUSED @ http://localhost:5199/assets/stage-B4ZnF7Se.js:0
[16672150ms] [ERROR] WebSocket connection to 'ws://localhost:8031/' failed: Error in connection establishment: net::ERR_CONNECTION_REFUSED @ http://localhost:5199/assets/stage-B4ZnF7Se.js:0
[16674834ms] [ERROR] WebSocket connection to 'ws://localhost:8031/' failed: Error in connection establishment: net::ERR_CONNECTION_REFUSED @ http://localhost:5199/assets/stage-B4ZnF7Se.js:0
[16676866ms] [ERROR] WebSocket connection to 'ws://localhost:8031/' failed: Error in connection establishment: net::ERR_CONNECTION_REFUSED @ http://localhost:5199/assets/stage-B4ZnF7Se.js:0
[16682437ms] [ERROR] WebSocket connection to 'ws://localhost:8031/' failed: Error in connection establishment: net::ERR_CONNECTION_REFUSED @ http://localhost:5199/assets/stage-B4ZnF7Se.js:0
[16686170ms] [ERROR] WebSocket connection to 'ws://localhost:8031/' failed: Error in connection establishment: net::ERR_CONNECTION_REFUSED @ http://localhost:5199/assets/stage-B4ZnF7Se.js:0
[16692041ms] [ERROR] WebSocket connection to 'ws://localhost:8031/' failed: Error in connection establishment: net::ERR_CONNECTION_REFUSED @ http://localhost:5199/assets/stage-B4ZnF7Se.js:0
[16694796ms] [ERROR] WebSocket connection to 'ws://localhost:8031/' failed: Error in connection establishment: net::ERR_CONNECTION_REFUSED @ http://localhost:5199/assets/stage-B4ZnF7Se.js:0
[16697529ms] [ERROR] WebSocket connection to 'ws://localhost:8031/' failed: Error in connection establishment: net::ERR_CONNECTION_REFUSED @ http://localhost:5199/assets/stage-B4ZnF7Se.js:0
[16700779ms] [ERROR] WebSocket connection to 'ws://localhost:8031/' failed: Error in connection establishment: net::ERR_CONNECTION_REFUSED @ http://localhost:5199/assets/stage-B4ZnF7Se.js:0
[16704004ms] [ERROR] WebSocket connection to 'ws://localhost:8031/' failed: Error in connection establishment: net::ERR_CONNECTION_REFUSED @ http://localhost:5199/assets/stage-B4ZnF7Se.js:0
[16709479ms] [ERROR] WebSocket connection to 'ws://localhost:8031/' failed: Error in connection establishment: net::ERR_CONNECTION_REFUSED @ http://localhost:5199/assets/stage-B4ZnF7Se.js:0
[16713232ms] [ERROR] WebSocket connection to 'ws://localhost:8031/' failed: Error in connection establishment: net::ERR_CONNECTION_REFUSED @ http://localhost:5199/assets/stage-B4ZnF7Se.js:0
[16716412ms] [ERROR] WebSocket connection to 'ws://localhost:8031/' failed: Error in connection establishment: net::ERR_CONNECTION_REFUSED @ http://localhost:5199/assets/stage-B4ZnF7Se.js:0
[16722487ms] [ERROR] WebSocket connection to 'ws://localhost:8031/' failed: Error in connection establishment: net::ERR_CONNECTION_REFUSED @ http://localhost:5199/assets/stage-B4ZnF7Se.js:0
[16725699ms] [ERROR] WebSocket connection to 'ws://localhost:8031/' failed: Error in connection establishment: net::ERR_CONNECTION_REFUSED @ http://localhost:5199/assets/stage-B4ZnF7Se.js:0
[16728983ms] [ERROR] WebSocket connection to 'ws://localhost:8031/' failed: Error in connection establishment: net::ERR_CONNECTION_REFUSED @ http://localhost:5199/assets/stage-B4ZnF7Se.js:0
[16733707ms] [ERROR] WebSocket connection to 'ws://localhost:8031/' failed: Error in connection establishment: net::ERR_CONNECTION_REFUSED @ http://localhost:5199/assets/stage-B4ZnF7Se.js:0
[16737865ms] [ERROR] WebSocket connection to 'ws://localhost:8031/' failed: Error in connection establishment: net::ERR_CONNECTION_REFUSED @ http://localhost:5199/assets/stage-B4ZnF7Se.js:0
[16741773ms] [ERROR] WebSocket connection to 'ws://localhost:8031/' failed: Error in connection establishment: net::ERR_CONNECTION_REFUSED @ http://localhost:5199/assets/stage-B4ZnF7Se.js:0
[16745574ms] [ERROR] WebSocket connection to 'ws://localhost:8031/' failed: Error in connection establishment: net::ERR_CONNECTION_REFUSED @ http://localhost:5199/assets/stage-B4ZnF7Se.js:0
[16749848ms] [ERROR] WebSocket connection to 'ws://localhost:8031/' failed: Error in connection establishment: net::ERR_CONNECTION_REFUSED @ http://localhost:5199/assets/stage-B4ZnF7Se.js:0
[16752761ms] [ERROR] WebSocket connection to 'ws://localhost:8031/' failed: Error in connection establishment: net::ERR_CONNECTION_REFUSED @ http://localhost:5199/assets/stage-B4ZnF7Se.js:0
[16759024ms] [ERROR] WebSocket connection to 'ws://localhost:8031/' failed: Error in connection establishment: net::ERR_CONNECTION_REFUSED @ http://localhost:5199/assets/stage-B4ZnF7Se.js:0
[16765289ms] [ERROR] WebSocket connection to 'ws://localhost:8031/' failed: Error in connection establishment: net::ERR_CONNECTION_REFUSED @ http://localhost:5199/assets/stage-B4ZnF7Se.js:0
[16768181ms] [ERROR] WebSocket connection to 'ws://localhost:8031/' failed: Error in connection establishment: net::ERR_CONNECTION_REFUSED @ http://localhost:5199/assets/stage-B4ZnF7Se.js:0
[16771173ms] [ERROR] WebSocket connection to 'ws://localhost:8031/' failed: Error in connection establishment: net::ERR_CONNECTION_REFUSED @ http://localhost:5199/assets/stage-B4ZnF7Se.js:0
[16775761ms] [ERROR] WebSocket connection to 'ws://localhost:8031/' failed: Error in connection establishment: net::ERR_CONNECTION_REFUSED @ http://localhost:5199/assets/stage-B4ZnF7Se.js:0
[16780223ms] [ERROR] WebSocket connection to 'ws://localhost:8031/' failed: Error in connection establishment: net::ERR_CONNECTION_REFUSED @ http://localhost:5199/assets/stage-B4ZnF7Se.js:0
[16783093ms] [ERROR] WebSocket connection to 'ws://localhost:8031/' failed: Error in connection establishment: net::ERR_CONNECTION_REFUSED @ http://localhost:5199/assets/stage-B4ZnF7Se.js:0
[16787714ms] [ERROR] WebSocket connection to 'ws://localhost:8031/' failed: Error in connection establishment: net::ERR_CONNECTION_REFUSED @ http://localhost:5199/assets/stage-B4ZnF7Se.js:0
[16793014ms] [ERROR] WebSocket connection to 'ws://localhost:8031/' failed: Error in connection establishment: net::ERR_CONNECTION_REFUSED @ http://localhost:5199/assets/stage-B4ZnF7Se.js:0
[16796593ms] [ERROR] WebSocket connection to 'ws://localhost:8031/' failed: Error in connection establishment: net::ERR_CONNECTION_REFUSED @ http://localhost:5199/assets/stage-B4ZnF7Se.js:0
[16800088ms] [ERROR] WebSocket connection to 'ws://localhost:8031/' failed: Error in connection establishment: net::ERR_CONNECTION_REFUSED @ http://localhost:5199/assets/stage-B4ZnF7Se.js:0
[16806547ms] [ERROR] WebSocket connection to 'ws://localhost:8031/' failed: Error in connection establishment: net::ERR_CONNECTION_REFUSED @ http://localhost:5199/assets/stage-B4ZnF7Se.js:0
[16812064ms] [ERROR] WebSocket connection to 'ws://localhost:8031/' failed: Error in connection establishment: net::ERR_CONNECTION_REFUSED @ http://localhost:5199/assets/stage-B4ZnF7Se.js:0
[16818214ms] [ERROR] WebSocket connection to 'ws://localhost:8031/' failed: Error in connection establishment: net::ERR_CONNECTION_REFUSED @ http://localhost:5199/assets/stage-B4ZnF7Se.js:0
[16824084ms] [ERROR] WebSocket connection to 'ws://localhost:8031/' failed: Error in connection establishment: net::ERR_CONNECTION_REFUSED @ http://localhost:5199/assets/stage-B4ZnF7Se.js:0
[16826830ms] [ERROR] WebSocket connection to 'ws://localhost:8031/' failed: Error in connection establishment: net::ERR_CONNECTION_REFUSED @ http://localhost:5199/assets/stage-B4ZnF7Se.js:0
[16830264ms] [ERROR] WebSocket connection to 'ws://localhost:8031/' failed: Error in connection establishment: net::ERR_CONNECTION_REFUSED @ http://localhost:5199/assets/stage-B4ZnF7Se.js:0
[16833946ms] [ERROR] WebSocket connection to 'ws://localhost:8031/' failed: Error in connection establishment: net::ERR_CONNECTION_REFUSED @ http://localhost:5199/assets/stage-B4ZnF7Se.js:0
[16838322ms] [ERROR] WebSocket connection to 'ws://localhost:8031/' failed: Error in connection establishment: net::ERR_CONNECTION_REFUSED @ http://localhost:5199/assets/stage-B4ZnF7Se.js:0
[16842103ms] [ERROR] WebSocket connection to 'ws://localhost:8031/' failed: Error in connection establishment: net::ERR_CONNECTION_REFUSED @ http://localhost:5199/assets/stage-B4ZnF7Se.js:0
[16846866ms] [ERROR] WebSocket connection to 'ws://localhost:8031/' failed: Error in connection establishment: net::ERR_CONNECTION_REFUSED @ http://localhost:5199/assets/stage-B4ZnF7Se.js:0
[16853313ms] [ERROR] WebSocket connection to 'ws://localhost:8031/' failed: Error in connection establishment: net::ERR_CONNECTION_REFUSED @ http://localhost:5199/assets/stage-B4ZnF7Se.js:0
[16856725ms] [ERROR] WebSocket connection to 'ws://localhost:8031/' failed: Error in connection establishment: net::ERR_CONNECTION_REFUSED @ http://localhost:5199/assets/stage-B4ZnF7Se.js:0
[16860283ms] [ERROR] WebSocket connection to 'ws://localhost:8031/' failed: Error in connection establishment: net::ERR_CONNECTION_REFUSED @ http://localhost:5199/assets/stage-B4ZnF7Se.js:0
[16863666ms] [ERROR] WebSocket connection to 'ws://localhost:8031/' failed: Error in connection establishment: net::ERR_CONNECTION_REFUSED @ http://localhost:5199/assets/stage-B4ZnF7Se.js:0
[16868307ms] [ERROR] WebSocket connection to 'ws://localhost:8031/' failed: Error in connection establishment: net::ERR_CONNECTION_REFUSED @ http://localhost:5199/assets/stage-B4ZnF7Se.js:0
[16874816ms] [ERROR] WebSocket connection to 'ws://localhost:8031/' failed: Error in connection establishment: net::ERR_CONNECTION_REFUSED @ http://localhost:5199/assets/stage-B4ZnF7Se.js:0
[16879095ms] [ERROR] WebSocket connection to 'ws://localhost:8031/' failed: Error in connection establishment: net::ERR_CONNECTION_REFUSED @ http://localhost:5199/assets/stage-B4ZnF7Se.js:0
[16884224ms] [ERROR] WebSocket connection to 'ws://localhost:8031/' failed: Error in connection establishment: net::ERR_CONNECTION_REFUSED @ http://localhost:5199/assets/stage-B4ZnF7Se.js:0
[16887586ms] [ERROR] WebSocket connection to 'ws://localhost:8031/' failed: Error in connection establishment: net::ERR_CONNECTION_REFUSED @ http://localhost:5199/assets/stage-B4ZnF7Se.js:0
[16892212ms] [ERROR] WebSocket connection to 'ws://localhost:8031/' failed: Error in connection establishment: net::ERR_CONNECTION_REFUSED @ http://localhost:5199/assets/stage-B4ZnF7Se.js:0
[16893716ms] [ERROR] WebSocket connection to 'ws://localhost:8031/' failed: Error in connection establishment: net::ERR_CONNECTION_REFUSED @ http://localhost:5199/assets/stage-B4ZnF7Se.js:0
[16895220ms] [ERROR] WebSocket connection to 'ws://localhost:8031/' failed: Error in connection establishment: net::ERR_CONNECTION_REFUSED @ http://localhost:5199/assets/stage-B4ZnF7Se.js:0
[16896727ms] [ERROR] WebSocket connection to 'ws://localhost:8031/' failed: Error in connection establishment: net::ERR_CONNECTION_REFUSED @ http://localhost:5199/assets/stage-B4ZnF7Se.js:0
[16898231ms] [ERROR] WebSocket connection to 'ws://localhost:8031/' failed: Error in connection establishment: net::ERR_CONNECTION_REFUSED @ http://localhost:5199/assets/stage-B4ZnF7Se.js:0
[16899737ms] [ERROR] WebSocket connection to 'ws://localhost:8031/' failed: Error in connection establishment: net::ERR_CONNECTION_REFUSED @ http://localhost:5199/assets/stage-B4ZnF7Se.js:0
[16901244ms] [ERROR] WebSocket connection to 'ws://localhost:8031/' failed: Error in connection establishment: net::ERR_CONNECTION_REFUSED @ http://localhost:5199/assets/stage-B4ZnF7Se.js:0
[16902757ms] [ERROR] WebSocket connection to 'ws://localhost:8031/' failed: Error in connection establishment: net::ERR_CONNECTION_REFUSED @ http://localhost:5199/assets/stage-B4ZnF7Se.js:0
[16904269ms] [ERROR] WebSocket connection to 'ws://localhost:8031/' failed: Error in connection establishment: net::ERR_CONNECTION_REFUSED @ http://localhost:5199/assets/stage-B4ZnF7Se.js:0
[16905816ms] [ERROR] WebSocket connection to 'ws://localhost:8031/' failed: Error in connection establishment: net::ERR_CONNECTION_REFUSED @ http://localhost:5199/assets/stage-B4ZnF7Se.js:0
[16907382ms] [ERROR] WebSocket connection to 'ws://localhost:8031/' failed: Error in connection establishment: net::ERR_CONNECTION_REFUSED @ http://localhost:5199/assets/stage-B4ZnF7Se.js:0
[16908935ms] [ERROR] WebSocket connection to 'ws://localhost:8031/' failed: Error in connection establishment: net::ERR_CONNECTION_REFUSED @ http://localhost:5199/assets/stage-B4ZnF7Se.js:0
[16910663ms] [ERROR] WebSocket connection to 'ws://localhost:8031/' failed: Error in connection establishment: net::ERR_CONNECTION_REFUSED @ http://localhost:5199/assets/stage-B4ZnF7Se.js:0
[16912669ms] [ERROR] WebSocket connection to 'ws://localhost:8031/' failed: Error in connection establishment: net::ERR_CONNECTION_REFUSED @ http://localhost:5199/assets/stage-B4ZnF7Se.js:0
[16914460ms] [ERROR] WebSocket connection to 'ws://localhost:8031/' failed: Error in connection establishment: net::ERR_CONNECTION_REFUSED @ http://localhost:5199/assets/stage-B4ZnF7Se.js:0
[16917965ms] [ERROR] WebSocket connection to 'ws://localhost:8031/' failed: Error in connection establishment: net::ERR_CONNECTION_REFUSED @ http://localhost:5199/assets/stage-B4ZnF7Se.js:0
[16923907ms] [ERROR] WebSocket connection to 'ws://localhost:8031/' failed: Error in connection establishment: net::ERR_CONNECTION_REFUSED @ http://localhost:5199/assets/stage-B4ZnF7Se.js:0
[16927148ms] [ERROR] WebSocket connection to 'ws://localhost:8031/' failed: Error in connection establishment: net::ERR_CONNECTION_REFUSED @ http://localhost:5199/assets/stage-B4ZnF7Se.js:0
[16930769ms] [ERROR] WebSocket connection to 'ws://localhost:8031/' failed: Error in connection establishment: net::ERR_CONNECTION_REFUSED @ http://localhost:5199/assets/stage-B4ZnF7Se.js:0
[16933802ms] [ERROR] WebSocket connection to 'ws://localhost:8031/' failed: Error in connection establishment: net::ERR_CONNECTION_REFUSED @ http://localhost:5199/assets/stage-B4ZnF7Se.js:0
[16937027ms] [ERROR] WebSocket connection to 'ws://localhost:8031/' failed: Error in connection establishment: net::ERR_CONNECTION_REFUSED @ http://localhost:5199/assets/stage-B4ZnF7Se.js:0
[16942269ms] [ERROR] WebSocket connection to 'ws://localhost:8031/' failed: Error in connection establishment: net::ERR_CONNECTION_REFUSED @ http://localhost:5199/assets/stage-B4ZnF7Se.js:0
[16947777ms] [ERROR] WebSocket connection to 'ws://localhost:8031/' failed: Error in connection establishment: net::ERR_CONNECTION_REFUSED @ http://localhost:5199/assets/stage-B4ZnF7Se.js:0
[16952664ms] [ERROR] WebSocket connection to 'ws://localhost:8031/' failed: Error in connection establishment: net::ERR_CONNECTION_REFUSED @ http://localhost:5199/assets/stage-B4ZnF7Se.js:0
[16955818ms] [ERROR] WebSocket connection to 'ws://localhost:8031/' failed: Error in connection establishment: net::ERR_CONNECTION_REFUSED @ http://localhost:5199/assets/stage-B4ZnF7Se.js:0
[16960410ms] [ERROR] WebSocket connection to 'ws://localhost:8031/' failed: Error in connection establishment: net::ERR_CONNECTION_REFUSED @ http://localhost:5199/assets/stage-B4ZnF7Se.js:0
[16965305ms] [ERROR] WebSocket connection to 'ws://localhost:8031/' failed: Error in connection establishment: net::ERR_CONNECTION_REFUSED @ http://localhost:5199/assets/stage-B4ZnF7Se.js:0
[16970559ms] [ERROR] WebSocket connection to 'ws://localhost:8031/' failed: Error in connection establishment: net::ERR_CONNECTION_REFUSED @ http://localhost:5199/assets/stage-B4ZnF7Se.js:0
[16974247ms] [ERROR] WebSocket connection to 'ws://localhost:8031/' failed: Error in connection establishment: net::ERR_CONNECTION_REFUSED @ http://localhost:5199/assets/stage-B4ZnF7Se.js:0
[16978481ms] [ERROR] WebSocket connection to 'ws://localhost:8031/' failed: Error in connection establishment: net::ERR_CONNECTION_REFUSED @ http://localhost:5199/assets/stage-B4ZnF7Se.js:0
[16983518ms] [ERROR] WebSocket connection to 'ws://localhost:8031/' failed: Error in connection establishment: net::ERR_CONNECTION_REFUSED @ http://localhost:5199/assets/stage-B4ZnF7Se.js:0
[16986972ms] [ERROR] WebSocket connection to 'ws://localhost:8031/' failed: Error in connection establishment: net::ERR_CONNECTION_REFUSED @ http://localhost:5199/assets/stage-B4ZnF7Se.js:0
[16993125ms] [ERROR] WebSocket connection to 'ws://localhost:8031/' failed: Error in connection establishment: net::ERR_CONNECTION_REFUSED @ http://localhost:5199/assets/stage-B4ZnF7Se.js:0
[16995714ms] [ERROR] WebSocket connection to 'ws://localhost:8031/' failed: Error in connection establishment: net::ERR_CONNECTION_REFUSED @ http://localhost:5199/assets/stage-B4ZnF7Se.js:0
[17001491ms] [ERROR] WebSocket connection to 'ws://localhost:8031/' failed: Error in connection establishment: net::ERR_CONNECTION_REFUSED @ http://localhost:5199/assets/stage-B4ZnF7Se.js:0
[17005607ms] [ERROR] WebSocket connection to 'ws://localhost:8031/' failed: Error in connection establishment: net::ERR_CONNECTION_REFUSED @ http://localhost:5199/assets/stage-B4ZnF7Se.js:0
[17008642ms] [ERROR] WebSocket connection to 'ws://localhost:8031/' failed: Error in connection establishment: net::ERR_CONNECTION_REFUSED @ http://localhost:5199/assets/stage-B4ZnF7Se.js:0
[17013488ms] [ERROR] WebSocket connection to 'ws://localhost:8031/' failed: Error in connection establishment: net::ERR_CONNECTION_REFUSED @ http://localhost:5199/assets/stage-B4ZnF7Se.js:0
[17014992ms] [ERROR] WebSocket connection to 'ws://localhost:8031/' failed: Error in connection establishment: net::ERR_CONNECTION_REFUSED @ http://localhost:5199/assets/stage-B4ZnF7Se.js:0
[17016497ms] [ERROR] WebSocket connection to 'ws://localhost:8031/' failed: Error in connection establishment: net::ERR_CONNECTION_REFUSED @ http://localhost:5199/assets/stage-B4ZnF7Se.js:0
[17018002ms] [ERROR] WebSocket connection to 'ws://localhost:8031/' failed: Error in connection establishment: net::ERR_CONNECTION_REFUSED @ http://localhost:5199/assets/stage-B4ZnF7Se.js:0
[17019507ms] [ERROR] WebSocket connection to 'ws://localhost:8031/' failed: Error in connection establishment: net::ERR_CONNECTION_REFUSED @ http://localhost:5199/assets/stage-B4ZnF7Se.js:0
[17021014ms] [ERROR] WebSocket connection to 'ws://localhost:8031/' failed: Error in connection establishment: net::ERR_CONNECTION_REFUSED @ http://localhost:5199/assets/stage-B4ZnF7Se.js:0
[17022523ms] [ERROR] WebSocket connection to 'ws://localhost:8031/' failed: Error in connection establishment: net::ERR_CONNECTION_REFUSED @ http://localhost:5199/assets/stage-B4ZnF7Se.js:0
[17024029ms] [ERROR] WebSocket connection to 'ws://localhost:8031/' failed: Error in connection establishment: net::ERR_CONNECTION_REFUSED @ http://localhost:5199/assets/stage-B4ZnF7Se.js:0
[17025558ms] [ERROR] WebSocket connection to 'ws://localhost:8031/' failed: Error in connection establishment: net::ERR_CONNECTION_REFUSED @ http://localhost:5199/assets/stage-B4ZnF7Se.js:0
[17027100ms] [ERROR] WebSocket connection to 'ws://localhost:8031/' failed: Error in connection establishment: net::ERR_CONNECTION_REFUSED @ http://localhost:5199/assets/stage-B4ZnF7Se.js:0
[17028655ms] [ERROR] WebSocket connection to 'ws://localhost:8031/' failed: Error in connection establishment: net::ERR_CONNECTION_REFUSED @ http://localhost:5199/assets/stage-B4ZnF7Se.js:0
[17030291ms] [ERROR] WebSocket connection to 'ws://localhost:8031/' failed: Error in connection establishment: net::ERR_CONNECTION_REFUSED @ http://localhost:5199/assets/stage-B4ZnF7Se.js:0
[17031924ms] [ERROR] WebSocket connection to 'ws://localhost:8031/' failed: Error in connection establishment: net::ERR_CONNECTION_REFUSED @ http://localhost:5199/assets/stage-B4ZnF7Se.js:0
[17033966ms] [ERROR] WebSocket connection to 'ws://localhost:8031/' failed: Error in connection establishment: net::ERR_CONNECTION_REFUSED @ http://localhost:5199/assets/stage-B4ZnF7Se.js:0
[17035732ms] [ERROR] WebSocket connection to 'ws://localhost:8031/' failed: Error in connection establishment: net::ERR_CONNECTION_REFUSED @ http://localhost:5199/assets/stage-B4ZnF7Se.js:0
[17039349ms] [ERROR] WebSocket connection to 'ws://localhost:8031/' failed: Error in connection establishment: net::ERR_CONNECTION_REFUSED @ http://localhost:5199/assets/stage-B4ZnF7Se.js:0
[17044415ms] [ERROR] WebSocket connection to 'ws://localhost:8031/' failed: Error in connection establishment: net::ERR_CONNECTION_REFUSED @ http://localhost:5199/assets/stage-B4ZnF7Se.js:0
[17050678ms] [ERROR] WebSocket connection to 'ws://localhost:8031/' failed: Error in connection establishment: net::ERR_CONNECTION_REFUSED @ http://localhost:5199/assets/stage-B4ZnF7Se.js:0
[17056754ms] [ERROR] WebSocket connection to 'ws://localhost:8031/' failed: Error in connection establishment: net::ERR_CONNECTION_REFUSED @ http://localhost:5199/assets/stage-B4ZnF7Se.js:0
[17059374ms] [ERROR] WebSocket connection to 'ws://localhost:8031/' failed: Error in connection establishment: net::ERR_CONNECTION_REFUSED @ http://localhost:5199/assets/stage-B4ZnF7Se.js:0
[17065799ms] [ERROR] WebSocket connection to 'ws://localhost:8031/' failed: Error in connection establishment: net::ERR_CONNECTION_REFUSED @ http://localhost:5199/assets/stage-B4ZnF7Se.js:0
[17072294ms] [ERROR] WebSocket connection to 'ws://localhost:8031/' failed: Error in connection establishment: net::ERR_CONNECTION_REFUSED @ http://localhost:5199/assets/stage-B4ZnF7Se.js:0
[17078523ms] [ERROR] WebSocket connection to 'ws://localhost:8031/' failed: Error in connection establishment: net::ERR_CONNECTION_REFUSED @ http://localhost:5199/assets/stage-B4ZnF7Se.js:0
[17083036ms] [ERROR] WebSocket connection to 'ws://localhost:8031/' failed: Error in connection establishment: net::ERR_CONNECTION_REFUSED @ http://localhost:5199/assets/stage-B4ZnF7Se.js:0
[17085973ms] [ERROR] WebSocket connection to 'ws://localhost:8031/' failed: Error in connection establishment: net::ERR_CONNECTION_REFUSED @ http://localhost:5199/assets/stage-B4ZnF7Se.js:0
[17090036ms] [ERROR] WebSocket connection to 'ws://localhost:8031/' failed: Error in connection establishment: net::ERR_CONNECTION_REFUSED @ http://localhost:5199/assets/stage-B4ZnF7Se.js:0
[17095472ms] [ERROR] WebSocket connection to 'ws://localhost:8031/' failed: Error in connection establishment: net::ERR_CONNECTION_REFUSED @ http://localhost:5199/assets/stage-B4ZnF7Se.js:0
[17099644ms] [ERROR] WebSocket connection to 'ws://localhost:8031/' failed: Error in connection establishment: net::ERR_CONNECTION_REFUSED @ http://localhost:5199/assets/stage-B4ZnF7Se.js:0
[17104539ms] [ERROR] WebSocket connection to 'ws://localhost:8031/' failed: Error in connection establishment: net::ERR_CONNECTION_REFUSED @ http://localhost:5199/assets/stage-B4ZnF7Se.js:0
[17107444ms] [ERROR] WebSocket connection to 'ws://localhost:8031/' failed: Error in connection establishment: net::ERR_CONNECTION_REFUSED @ http://localhost:5199/assets/stage-B4ZnF7Se.js:0
[17110981ms] [ERROR] WebSocket connection to 'ws://localhost:8031/' failed: Error in connection establishment: net::ERR_CONNECTION_REFUSED @ http://localhost:5199/assets/stage-B4ZnF7Se.js:0
[17116121ms] [ERROR] WebSocket connection to 'ws://localhost:8031/' failed: Error in connection establishment: net::ERR_CONNECTION_REFUSED @ http://localhost:5199/assets/stage-B4ZnF7Se.js:0
[17119847ms] [ERROR] WebSocket connection to 'ws://localhost:8031/' failed: Error in connection establishment: net::ERR_CONNECTION_REFUSED @ http://localhost:5199/assets/stage-B4ZnF7Se.js:0
[17126027ms] [ERROR] WebSocket connection to 'ws://localhost:8031/' failed: Error in connection establishment: net::ERR_CONNECTION_REFUSED @ http://localhost:5199/assets/stage-B4ZnF7Se.js:0
[17130264ms] [ERROR] WebSocket connection to 'ws://localhost:8031/' failed: Error in connection establishment: net::ERR_CONNECTION_REFUSED @ http://localhost:5199/assets/stage-B4ZnF7Se.js:0
[17133947ms] [ERROR] WebSocket connection to 'ws://localhost:8031/' failed: Error in connection establishment: net::ERR_CONNECTION_REFUSED @ http://localhost:5199/assets/stage-B4ZnF7Se.js:0
[17135451ms] [ERROR] WebSocket connection to 'ws://localhost:8031/' failed: Error in connection establishment: net::ERR_CONNECTION_REFUSED @ http://localhost:5199/assets/stage-B4ZnF7Se.js:0
[17136954ms] [ERROR] WebSocket connection to 'ws://localhost:8031/' failed: Error in connection establishment: net::ERR_CONNECTION_REFUSED @ http://localhost:5199/assets/stage-B4ZnF7Se.js:0
[17138460ms] [ERROR] WebSocket connection to 'ws://localhost:8031/' failed: Error in connection establishment: net::ERR_CONNECTION_REFUSED @ http://localhost:5199/assets/stage-B4ZnF7Se.js:0
[17139965ms] [ERROR] WebSocket connection to 'ws://localhost:8031/' failed: Error in connection establishment: net::ERR_CONNECTION_REFUSED @ http://localhost:5199/assets/stage-B4ZnF7Se.js:0
[17141468ms] [ERROR] WebSocket connection to 'ws://localhost:8031/' failed: Error in connection establishment: net::ERR_CONNECTION_REFUSED @ http://localhost:5199/assets/stage-B4ZnF7Se.js:0
[17142974ms] [ERROR] WebSocket connection to 'ws://localhost:8031/' failed: Error in connection establishment: net::ERR_CONNECTION_REFUSED @ http://localhost:5199/assets/stage-B4ZnF7Se.js:0
[17144485ms] [ERROR] WebSocket connection to 'ws://localhost:8031/' failed: Error in connection establishment: net::ERR_CONNECTION_REFUSED @ http://localhost:5199/assets/stage-B4ZnF7Se.js:0
[17146012ms] [ERROR] WebSocket connection to 'ws://localhost:8031/' failed: Error in connection establishment: net::ERR_CONNECTION_REFUSED @ http://localhost:5199/assets/stage-B4ZnF7Se.js:0
[17147559ms] [ERROR] WebSocket connection to 'ws://localhost:8031/' failed: Error in connection establishment: net::ERR_CONNECTION_REFUSED @ http://localhost:5199/assets/stage-B4ZnF7Se.js:0
[17149105ms] [ERROR] WebSocket connection to 'ws://localhost:8031/' failed: Error in connection establishment: net::ERR_CONNECTION_REFUSED @ http://localhost:5199/assets/stage-B4ZnF7Se.js:0
[17150705ms] [ERROR] WebSocket connection to 'ws://localhost:8031/' failed: Error in connection establishment: net::ERR_CONNECTION_REFUSED @ http://localhost:5199/assets/stage-B4ZnF7Se.js:0
[17152414ms] [ERROR] WebSocket connection to 'ws://localhost:8031/' failed: Error in connection establishment: net::ERR_CONNECTION_REFUSED @ http://localhost:5199/assets/stage-B4ZnF7Se.js:0
[17154234ms] [ERROR] WebSocket connection to 'ws://localhost:8031/' failed: Error in connection establishment: net::ERR_CONNECTION_REFUSED @ http://localhost:5199/assets/stage-B4ZnF7Se.js:0
[17156368ms] [ERROR] WebSocket connection to 'ws://localhost:8031/' failed: Error in connection establishment: net::ERR_CONNECTION_REFUSED @ http://localhost:5199/assets/stage-B4ZnF7Se.js:0
[17159163ms] [ERROR] WebSocket connection to 'ws://localhost:8031/' failed: Error in connection establishment: net::ERR_CONNECTION_REFUSED @ http://localhost:5199/assets/stage-B4ZnF7Se.js:0
[17163884ms] [ERROR] WebSocket connection to 'ws://localhost:8031/' failed: Error in connection establishment: net::ERR_CONNECTION_REFUSED @ http://localhost:5199/assets/stage-B4ZnF7Se.js:0
[17168720ms] [ERROR] WebSocket connection to 'ws://localhost:8031/' failed: Error in connection establishment: net::ERR_CONNECTION_REFUSED @ http://localhost:5199/assets/stage-B4ZnF7Se.js:0
[17172971ms] [ERROR] WebSocket connection to 'ws://localhost:8031/' failed: Error in connection establishment: net::ERR_CONNECTION_REFUSED @ http://localhost:5199/assets/stage-B4ZnF7Se.js:0
[17177920ms] [ERROR] WebSocket connection to 'ws://localhost:8031/' failed: Error in connection establishment: net::ERR_CONNECTION_REFUSED @ http://localhost:5199/assets/stage-B4ZnF7Se.js:0
[17180912ms] [ERROR] WebSocket connection to 'ws://localhost:8031/' failed: Error in connection establishment: net::ERR_CONNECTION_REFUSED @ http://localhost:5199/assets/stage-B4ZnF7Se.js:0
[17184121ms] [ERROR] WebSocket connection to 'ws://localhost:8031/' failed: Error in connection establishment: net::ERR_CONNECTION_REFUSED @ http://localhost:5199/assets/stage-B4ZnF7Se.js:0
[17189455ms] [ERROR] WebSocket connection to 'ws://localhost:8031/' failed: Error in connection establishment: net::ERR_CONNECTION_REFUSED @ http://localhost:5199/assets/stage-B4ZnF7Se.js:0
[17194880ms] [ERROR] WebSocket connection to 'ws://localhost:8031/' failed: Error in connection establishment: net::ERR_CONNECTION_REFUSED @ http://localhost:5199/assets/stage-B4ZnF7Se.js:0
[17200500ms] [ERROR] WebSocket connection to 'ws://localhost:8031/' failed: Error in connection establishment: net::ERR_CONNECTION_REFUSED @ http://localhost:5199/assets/stage-B4ZnF7Se.js:0
[17204633ms] [ERROR] WebSocket connection to 'ws://localhost:8031/' failed: Error in connection establishment: net::ERR_CONNECTION_REFUSED @ http://localhost:5199/assets/stage-B4ZnF7Se.js:0
[17208838ms] [ERROR] WebSocket connection to 'ws://localhost:8031/' failed: Error in connection establishment: net::ERR_CONNECTION_REFUSED @ http://localhost:5199/assets/stage-B4ZnF7Se.js:0
[17212422ms] [ERROR] WebSocket connection to 'ws://localhost:8031/' failed: Error in connection establishment: net::ERR_CONNECTION_REFUSED @ http://localhost:5199/assets/stage-B4ZnF7Se.js:0
[17216472ms] [ERROR] WebSocket connection to 'ws://localhost:8031/' failed: Error in connection establishment: net::ERR_CONNECTION_REFUSED @ http://localhost:5199/assets/stage-B4ZnF7Se.js:0
[17220237ms] [ERROR] WebSocket connection to 'ws://localhost:8031/' failed: Error in connection establishment: net::ERR_CONNECTION_REFUSED @ http://localhost:5199/assets/stage-B4ZnF7Se.js:0
[17224999ms] [ERROR] WebSocket connection to 'ws://localhost:8031/' failed: Error in connection establishment: net::ERR_CONNECTION_REFUSED @ http://localhost:5199/assets/stage-B4ZnF7Se.js:0
[17231352ms] [ERROR] WebSocket connection to 'ws://localhost:8031/' failed: Error in connection establishment: net::ERR_CONNECTION_REFUSED @ http://localhost:5199/assets/stage-B4ZnF7Se.js:0
[17234453ms] [ERROR] WebSocket connection to 'ws://localhost:8031/' failed: Error in connection establishment: net::ERR_CONNECTION_REFUSED @ http://localhost:5199/assets/stage-B4ZnF7Se.js:0
[17237249ms] [ERROR] WebSocket connection to 'ws://localhost:8031/' failed: Error in connection establishment: net::ERR_CONNECTION_REFUSED @ http://localhost:5199/assets/stage-B4ZnF7Se.js:0
[17240148ms] [ERROR] WebSocket connection to 'ws://localhost:8031/' failed: Error in connection establishment: net::ERR_CONNECTION_REFUSED @ http://localhost:5199/assets/stage-B4ZnF7Se.js:0
[17245340ms] [ERROR] WebSocket connection to 'ws://localhost:8031/' failed: Error in connection establishment: net::ERR_CONNECTION_REFUSED @ http://localhost:5199/assets/stage-B4ZnF7Se.js:0
[17251495ms] [ERROR] WebSocket connection to 'ws://localhost:8031/' failed: Error in connection establishment: net::ERR_CONNECTION_REFUSED @ http://localhost:5199/assets/stage-B4ZnF7Se.js:0
[17254611ms] [ERROR] WebSocket connection to 'ws://localhost:8031/' failed: Error in connection establishment: net::ERR_CONNECTION_REFUSED @ http://localhost:5199/assets/stage-B4ZnF7Se.js:0
[17256115ms] [ERROR] WebSocket connection to 'ws://localhost:8031/' failed: Error in connection establishment: net::ERR_CONNECTION_REFUSED @ http://localhost:5199/assets/stage-B4ZnF7Se.js:0
[17257619ms] [ERROR] WebSocket connection to 'ws://localhost:8031/' failed: Error in connection establishment: net::ERR_CONNECTION_REFUSED @ http://localhost:5199/assets/stage-B4ZnF7Se.js:0
[17259122ms] [ERROR] WebSocket connection to 'ws://localhost:8031/' failed: Error in connection establishment: net::ERR_CONNECTION_REFUSED @ http://localhost:5199/assets/stage-B4ZnF7Se.js:0
[17260628ms] [ERROR] WebSocket connection to 'ws://localhost:8031/' failed: Error in connection establishment: net::ERR_CONNECTION_REFUSED @ http://localhost:5199/assets/stage-B4ZnF7Se.js:0
[17262133ms] [ERROR] WebSocket connection to 'ws://localhost:8031/' failed: Error in connection establishment: net::ERR_CONNECTION_REFUSED @ http://localhost:5199/assets/stage-B4ZnF7Se.js:0
[17263639ms] [ERROR] WebSocket connection to 'ws://localhost:8031/' failed: Error in connection establishment: net::ERR_CONNECTION_REFUSED @ http://localhost:5199/assets/stage-B4ZnF7Se.js:0
[17265151ms] [ERROR] WebSocket connection to 'ws://localhost:8031/' failed: Error in connection establishment: net::ERR_CONNECTION_REFUSED @ http://localhost:5199/assets/stage-B4ZnF7Se.js:0
[17266669ms] [ERROR] WebSocket connection to 'ws://localhost:8031/' failed: Error in connection establishment: net::ERR_CONNECTION_REFUSED @ http://localhost:5199/assets/stage-B4ZnF7Se.js:0
[17268220ms] [ERROR] WebSocket connection to 'ws://localhost:8031/' failed: Error in connection establishment: net::ERR_CONNECTION_REFUSED @ http://localhost:5199/assets/stage-B4ZnF7Se.js:0
[17269761ms] [ERROR] WebSocket connection to 'ws://localhost:8031/' failed: Error in connection establishment: net::ERR_CONNECTION_REFUSED @ http://localhost:5199/assets/stage-B4ZnF7Se.js:0
[17271351ms] [ERROR] WebSocket connection to 'ws://localhost:8031/' failed: Error in connection establishment: net::ERR_CONNECTION_REFUSED @ http://localhost:5199/assets/stage-B4ZnF7Se.js:0
[17273040ms] [ERROR] WebSocket connection to 'ws://localhost:8031/' failed: Error in connection establishment: net::ERR_CONNECTION_REFUSED @ http://localhost:5199/assets/stage-B4ZnF7Se.js:0
[17274876ms] [ERROR] WebSocket connection to 'ws://localhost:8031/' failed: Error in connection establishment: net::ERR_CONNECTION_REFUSED @ http://localhost:5199/assets/stage-B4ZnF7Se.js:0
[17277235ms] [ERROR] WebSocket connection to 'ws://localhost:8031/' failed: Error in connection establishment: net::ERR_CONNECTION_REFUSED @ http://localhost:5199/assets/stage-B4ZnF7Se.js:0
[17279655ms] [ERROR] WebSocket connection to 'ws://localhost:8031/' failed: Error in connection establishment: net::ERR_CONNECTION_REFUSED @ http://localhost:5199/assets/stage-B4ZnF7Se.js:0
[17283701ms] [ERROR] WebSocket connection to 'ws://localhost:8031/' failed: Error in connection establishment: net::ERR_CONNECTION_REFUSED @ http://localhost:5199/assets/stage-B4ZnF7Se.js:0
[17289459ms] [ERROR] WebSocket connection to 'ws://localhost:8031/' failed: Error in connection establishment: net::ERR_CONNECTION_REFUSED @ http://localhost:5199/assets/stage-B4ZnF7Se.js:0
[17295746ms] [ERROR] WebSocket connection to 'ws://localhost:8031/' failed: Error in connection establishment: net::ERR_CONNECTION_REFUSED @ http://localhost:5199/assets/stage-B4ZnF7Se.js:0
[17301211ms] [ERROR] WebSocket connection to 'ws://localhost:8031/' failed: Error in connection establishment: net::ERR_CONNECTION_REFUSED @ http://localhost:5199/assets/stage-B4ZnF7Se.js:0
[17306767ms] [ERROR] WebSocket connection to 'ws://localhost:8031/' failed: Error in connection establishment: net::ERR_CONNECTION_REFUSED @ http://localhost:5199/assets/stage-B4ZnF7Se.js:0
[17310155ms] [ERROR] WebSocket connection to 'ws://localhost:8031/' failed: Error in connection establishment: net::ERR_CONNECTION_REFUSED @ http://localhost:5199/assets/stage-B4ZnF7Se.js:0
[17315894ms] [ERROR] WebSocket connection to 'ws://localhost:8031/' failed: Error in connection establishment: net::ERR_CONNECTION_REFUSED @ http://localhost:5199/assets/stage-B4ZnF7Se.js:0
[17319985ms] [ERROR] WebSocket connection to 'ws://localhost:8031/' failed: Error in connection establishment: net::ERR_CONNECTION_REFUSED @ http://localhost:5199/assets/stage-B4ZnF7Se.js:0
[17326491ms] [ERROR] WebSocket connection to 'ws://localhost:8031/' failed: Error in connection establishment: net::ERR_CONNECTION_REFUSED @ http://localhost:5199/assets/stage-B4ZnF7Se.js:0
[17329987ms] [ERROR] WebSocket connection to 'ws://localhost:8031/' failed: Error in connection establishment: net::ERR_CONNECTION_REFUSED @ http://localhost:5199/assets/stage-B4ZnF7Se.js:0
[17333423ms] [ERROR] WebSocket connection to 'ws://localhost:8031/' failed: Error in connection establishment: net::ERR_CONNECTION_REFUSED @ http://localhost:5199/assets/stage-B4ZnF7Se.js:0
[17336069ms] [ERROR] WebSocket connection to 'ws://localhost:8031/' failed: Error in connection establishment: net::ERR_CONNECTION_REFUSED @ http://localhost:5199/assets/stage-B4ZnF7Se.js:0
[17342490ms] [ERROR] WebSocket connection to 'ws://localhost:8031/' failed: Error in connection establishment: net::ERR_CONNECTION_REFUSED @ http://localhost:5199/assets/stage-B4ZnF7Se.js:0
[17348597ms] [ERROR] WebSocket connection to 'ws://localhost:8031/' failed: Error in connection establishment: net::ERR_CONNECTION_REFUSED @ http://localhost:5199/assets/stage-B4ZnF7Se.js:0
[17354892ms] [ERROR] WebSocket connection to 'ws://localhost:8031/' failed: Error in connection establishment: net::ERR_CONNECTION_REFUSED @ http://localhost:5199/assets/stage-B4ZnF7Se.js:0
[17361014ms] [ERROR] WebSocket connection to 'ws://localhost:8031/' failed: Error in connection establishment: net::ERR_CONNECTION_REFUSED @ http://localhost:5199/assets/stage-B4ZnF7Se.js:0
[17367174ms] [ERROR] WebSocket connection to 'ws://localhost:8031/' failed: Error in connection establishment: net::ERR_CONNECTION_REFUSED @ http://localhost:5199/assets/stage-B4ZnF7Se.js:0
[17372183ms] [ERROR] WebSocket connection to 'ws://localhost:8031/' failed: Error in connection establishment: net::ERR_CONNECTION_REFUSED @ http://localhost:5199/assets/stage-B4ZnF7Se.js:0
[17376095ms] [ERROR] WebSocket connection to 'ws://localhost:8031/' failed: Error in connection establishment: net::ERR_CONNECTION_REFUSED @ http://localhost:5199/assets/stage-B4ZnF7Se.js:0
[17381325ms] [ERROR] WebSocket connection to 'ws://localhost:8031/' failed: Error in connection establishment: net::ERR_CONNECTION_REFUSED @ http://localhost:5199/assets/stage-B4ZnF7Se.js:0
[17385445ms] [ERROR] WebSocket connection to 'ws://localhost:8031/' failed: Error in connection establishment: net::ERR_CONNECTION_REFUSED @ http://localhost:5199/assets/stage-B4ZnF7Se.js:0
[17390053ms] [ERROR] WebSocket connection to 'ws://localhost:8031/' failed: Error in connection establishment: net::ERR_CONNECTION_REFUSED @ http://localhost:5199/assets/stage-B4ZnF7Se.js:0
[17395958ms] [ERROR] WebSocket connection to 'ws://localhost:8031/' failed: Error in connection establishment: net::ERR_CONNECTION_REFUSED @ http://localhost:5199/assets/stage-B4ZnF7Se.js:0
[17399487ms] [ERROR] WebSocket connection to 'ws://localhost:8031/' failed: Error in connection establishment: net::ERR_CONNECTION_REFUSED @ http://localhost:5199/assets/stage-B4ZnF7Se.js:0
[17403557ms] [ERROR] WebSocket connection to 'ws://localhost:8031/' failed: Error in connection establishment: net::ERR_CONNECTION_REFUSED @ http://localhost:5199/assets/stage-B4ZnF7Se.js:0
[17406527ms] [ERROR] WebSocket connection to 'ws://localhost:8031/' failed: Error in connection establishment: net::ERR_CONNECTION_REFUSED @ http://localhost:5199/assets/stage-B4ZnF7Se.js:0
[17412606ms] [ERROR] WebSocket connection to 'ws://localhost:8031/' failed: Error in connection establishment: net::ERR_CONNECTION_REFUSED @ http://localhost:5199/assets/stage-B4ZnF7Se.js:0
[17417805ms] [ERROR] WebSocket connection to 'ws://localhost:8031/' failed: Error in connection establishment: net::ERR_CONNECTION_REFUSED @ http://localhost:5199/assets/stage-B4ZnF7Se.js:0
[17420340ms] [ERROR] WebSocket connection to 'ws://localhost:8031/' failed: Error in connection establishment: net::ERR_CONNECTION_REFUSED @ http://localhost:5199/assets/stage-B4ZnF7Se.js:0
[17423044ms] [ERROR] WebSocket connection to 'ws://localhost:8031/' failed: Error in connection establishment: net::ERR_CONNECTION_REFUSED @ http://localhost:5199/assets/stage-B4ZnF7Se.js:0
[17425907ms] [ERROR] WebSocket connection to 'ws://localhost:8031/' failed: Error in connection establishment: net::ERR_CONNECTION_REFUSED @ http://localhost:5199/assets/stage-B4ZnF7Se.js:0
[17430086ms] [ERROR] WebSocket connection to 'ws://localhost:8031/' failed: Error in connection establishment: net::ERR_CONNECTION_REFUSED @ http://localhost:5199/assets/stage-B4ZnF7Se.js:0
[17433511ms] [ERROR] WebSocket connection to 'ws://localhost:8031/' failed: Error in connection establishment: net::ERR_CONNECTION_REFUSED @ http://localhost:5199/assets/stage-B4ZnF7Se.js:0
[17439485ms] [ERROR] WebSocket connection to 'ws://localhost:8031/' failed: Error in connection establishment: net::ERR_CONNECTION_REFUSED @ http://localhost:5199/assets/stage-B4ZnF7Se.js:0
[17442688ms] [ERROR] WebSocket connection to 'ws://localhost:8031/' failed: Error in connection establishment: net::ERR_CONNECTION_REFUSED @ http://localhost:5199/assets/stage-B4ZnF7Se.js:0
[17447335ms] [ERROR] WebSocket connection to 'ws://localhost:8031/' failed: Error in connection establishment: net::ERR_CONNECTION_REFUSED @ http://localhost:5199/assets/stage-B4ZnF7Se.js:0
[17452001ms] [ERROR] WebSocket connection to 'ws://localhost:8031/' failed: Error in connection establishment: net::ERR_CONNECTION_REFUSED @ http://localhost:5199/assets/stage-B4ZnF7Se.js:0
[17456552ms] [ERROR] WebSocket connection to 'ws://localhost:8031/' failed: Error in connection establishment: net::ERR_CONNECTION_REFUSED @ http://localhost:5199/assets/stage-B4ZnF7Se.js:0
[17461864ms] [ERROR] WebSocket connection to 'ws://localhost:8031/' failed: Error in connection establishment: net::ERR_CONNECTION_REFUSED @ http://localhost:5199/assets/stage-B4ZnF7Se.js:0
